game_id,player_id,player_name,team_id,team_tricode,period,clock,trip_class,tier,ftm,fta,and_one_shot_id
0022500001,1631096,C. Holmgren,1610612760,OKC,1,PT11M26.00S,andOne,addOn,1,1,10
0022500001,1641708,A. Thompson,1610612745,HOU,1,PT08M17.00S,andOne,addOn,1,1,41
0022500001,1631096,C. Holmgren,1610612760,OKC,1,PT06M40.00S,shootingFoul2,attemptEquivalent,2,2,
0022500001,1641708,A. Thompson,1610612745,HOU,1,PT06M29.00S,andOne,addOn,1,1,70
0022500001,1629652,L. Dort,1610612760,OKC,1,PT05M15.00S,shootingFoul2,attemptEquivalent,2,2,
0022500001,201142,K. Durant,1610612745,HOU,1,PT04M03.00S,bonus,attemptEquivalent,2,2,
0022500001,1628983,S. Gilgeous-Alexander,1610612760,OKC,1,PT03M26.00S,shootingFoul2,attemptEquivalent,1,2,
0022500001,1631096,C. Holmgren,1610612760,OKC,2,PT11M09.00S,andOne,addOn,1,1,194
0022500001,1629006,J. Okogie,1610612745,HOU,2,PT08M11.00S,shootingFoul2,attemptEquivalent,2,2,
0022500001,203500,S. Adams,1610612745,HOU,2,PT06M35.00S,shootingFoul2,attemptEquivalent,2,2,
0022500001,1630578,A. Sengun,1610612745,HOU,2,PT00M05.10S,bonus,attemptEquivalent,2,2,
0022500001,1642349,A. Mitchell,1610612760,OKC,2,PT00M00.70S,andOne,addOn,1,1,350
0022500001,1630578,A. Sengun,1610612745,HOU,3,PT07M57.00S,shootingFoul2,attemptEquivalent,2,2,
0022500001,1641717,C. Wallace,1610612760,OKC,3,PT06M13.00S,shootingFoul2,attemptEquivalent,1,2,
0022500001,203991,C. Capela,1610612745,HOU,3,PT04M19.00S,shootingFoul2,attemptEquivalent,2,2,
0022500001,201142,K. Durant,1610612745,HOU,3,PT01M18.00S,awayFromPlay,addOn,1,1,
0022500001,1630578,A. Sengun,1610612745,HOU,3,PT00M43.80S,shootingFoul2,attemptEquivalent,2,2,
0022500001,1628392,I. Hartenstein,1610612760,OKC,4,PT08M10.00S,shootingFoul2,attemptEquivalent,2,2,
0022500001,1630578,A. Sengun,1610612745,HOU,4,PT07M29.00S,andOne,addOn,1,1,581
0022500001,1629006,J. Okogie,1610612745,HOU,4,PT06M49.00S,shootingFoul2,attemptEquivalent,1,2,
0022500001,1628983,S. Gilgeous-Alexander,1610612760,OKC,4,PT04M55.00S,shootingFoul2,attemptEquivalent,2,2,
0022500001,1628983,S. Gilgeous-Alexander,1610612760,OKC,4,PT03M52.00S,shootingFoul2,attemptEquivalent,2,2,
0022500001,201142,K. Durant,1610612745,HOU,4,PT00M09.50S,shootingFoul2,attemptEquivalent,1,2,
0022500001,1642263,R. Sheppard,1610612745,HOU,5,PT02M30.00S,shootingFoul2,attemptEquivalent,1,2,
0022500001,1630578,A. Sengun,1610612745,HOU,5,PT01M25.00S,shootingFoul2,attemptEquivalent,1,2,
0022500001,1629006,J. Okogie,1610612745,HOU,5,PT00M48.10S,bonus,attemptEquivalent,2,2,
0022500001,1630578,A. Sengun,1610612745,HOU,6,PT03M41.00S,shootingFoul2,attemptEquivalent,2,2,
0022500001,1628983,S. Gilgeous-Alexander,1610612760,OKC,6,PT03M33.00S,shootingFoul2,attemptEquivalent,1,2,
0022500001,1628983,S. Gilgeous-Alexander,1610612760,OKC,6,PT02M19.00S,shootingFoul2,attemptEquivalent,1,2,
0022500001,201142,K. Durant,1610612745,HOU,6,PT01M15.00S,andOne,addOn,1,1,836
0022500001,1628983,S. Gilgeous-Alexander,1610612760,OKC,6,PT00M32.60S,bonus,attemptEquivalent,1,2,
0022500001,1628983,S. Gilgeous-Alexander,1610612760,OKC,6,PT00M02.30S,shootingFoul2,attemptEquivalent,2,2,
0022500003,1626157,K. Towns,1610612752,NYK,1,PT10M53.00S,shootingFoul3,attemptEquivalent,2,3,
0022500003,1628973,J. Brunson,1610612752,NYK,1,PT04M33.00S,shootingFoul2,attemptEquivalent,2,2,
0022500003,1628969,M. Bridges,1610612752,NYK,1,PT02M37.00S,andOne,addOn,1,1,112
0022500003,1630540,M. McBride,1610612752,NYK,1,PT02M01.00S,bonus,attemptEquivalent,2,2,
0022500003,1626157,K. Towns,1610612752,NYK,2,PT09M13.00S,shootingFoul2,attemptEquivalent,2,2,
0022500003,1630596,E. Mobley,1610612739,CLE,2,PT08M47.00S,andOne,addOn,1,1,199
0022500003,1629013,L. Shamet,1610612752,NYK,2,PT03M36.00S,shootingFoul3,attemptEquivalent,3,3,
0022500003,1630540,M. McBride,1610612752,NYK,2,PT02M38.00S,shootingFoul2,attemptEquivalent,1,2,
0022500003,1628973,J. Brunson,1610612752,NYK,2,PT01M51.00S,shootingFoul3,attemptEquivalent,3,3,
0022500003,1630596,E. Mobley,1610612739,CLE,2,PT01M27.00S,shootingFoul2,attemptEquivalent,0,2,
0022500003,1628378,D. Mitchell,1610612739,CLE,2,PT00M38.40S,shootingFoul2,attemptEquivalent,2,2,
0022500003,1628378,D. Mitchell,1610612739,CLE,3,PT11M42.00S,andOne,addOn,1,1,347
0022500003,1628973,J. Brunson,1610612752,NYK,3,PT11M28.00S,shootingFoul2,attemptEquivalent,2,2,
0022500003,1628973,J. Brunson,1610612752,NYK,3,PT07M22.00S,shootingFoul2,attemptEquivalent,2,2,
0022500003,1630596,E. Mobley,1610612739,CLE,3,PT04M30.00S,shootingFoul2,attemptEquivalent,1,2,
0022500003,1629731,D. Wade,1610612739,CLE,3,PT03M27.00S,bonus,attemptEquivalent,1,2,
0022500003,1628386,J. Allen,1610612739,CLE,3,PT00M21.10S,bonus,attemptEquivalent,1,2,
0022500003,1626157,K. Towns,1610612752,NYK,4,PT10M42.00S,andOne,addOn,1,1,543
0022500003,1626157,K. Towns,1610612752,NYK,4,PT09M46.00S,shootingFoul2,attemptEquivalent,2,2,
0022500003,1628973,J. Brunson,1610612752,NYK,4,PT04M40.00S,shootingFoul2,attemptEquivalent,1,2,
0022500003,1630241,S. Merrill,1610612739,CLE,4,PT04M08.00S,bonus,attemptEquivalent,2,2,
0022500003,1628969,M. Bridges,1610612752,NYK,4,PT03M54.00S,bonus,attemptEquivalent,2,2,
0022500003,1628378,D. Mitchell,1610612739,CLE,4,PT01M13.00S,bonus,attemptEquivalent,2,2,
0022500003,1628973,J. Brunson,1610612752,NYK,4,PT00M58.80S,shootingFoul2,attemptEquivalent,2,2,
0022500003,1628386,J. Allen,1610612739,CLE,4,PT00M45.60S,shootingFoul2,attemptEquivalent,1,2,
0022500003,1628384,O. Anunoby,1610612752,NYK,4,PT00M39.50S,bonus,attemptEquivalent,1,2,
0022500003,1628384,O. Anunoby,1610612752,NYK,4,PT00M11.50S,bonus,attemptEquivalent,1,2,
0022500005,1628983,S. Gilgeous-Alexander,1610612760,OKC,1,PT11M01.00S,shootingFoul2,attemptEquivalent,1,2,
0022500005,1631097,B. Mathurin,1610612754,IND,1,PT09M56.00S,shootingFoul2,attemptEquivalent,2,2,
0022500005,1628983,S. Gilgeous-Alexander,1610612760,OKC,1,PT09M11.00S,shootingFoul2,attemptEquivalent,2,2,
0022500005,1628983,S. Gilgeous-Alexander,1610612760,OKC,1,PT07M55.00S,shootingFoul2,attemptEquivalent,2,2,
0022500005,1628983,S. Gilgeous-Alexander,1610612760,OKC,1,PT06M56.00S,andOne,addOn,1,1,74
0022500005,1627783,P. Siakam,1610612754,IND,1,PT05M19.00S,shootingFoul2,attemptEquivalent,2,2,
0022500005,1630167,O. Toppin,1610612754,IND,1,PT04M10.00S,shootingFoul2,attemptEquivalent,2,2,
0022500005,1642349,A. Mitchell,1610612760,OKC,1,PT01M19.00S,shootingFoul2,attemptEquivalent,2,2,
0022500005,1629614,A. Nembhard,1610612754,IND,2,PT10M15.00S,shootingFoul2,attemptEquivalent,2,2,
0022500005,1629614,A. Nembhard,1610612754,IND,2,PT08M29.00S,shootingFoul2,attemptEquivalent,2,2,
0022500005,1628983,S. Gilgeous-Alexander,1610612760,OKC,2,PT07M08.00S,shootingFoul2,attemptEquivalent,2,2,
0022500005,1627783,P. Siakam,1610612754,IND,2,PT06M04.00S,shootingFoul2,attemptEquivalent,1,2,
0022500005,1628392,I. Hartenstein,1610612760,OKC,2,PT05M24.00S,shootingFoul2,attemptEquivalent,0,2,
0022500005,1627783,P. Siakam,1610612754,IND,2,PT05M03.00S,bonus,attemptEquivalent,0,2,
0022500005,1631096,C. Holmgren,1610612760,OKC,2,PT03M49.00S,shootingFoul2,attemptEquivalent,2,2,
0022500005,1630167,O. Toppin,1610612754,IND,2,PT02M53.00S,shootingFoul2,attemptEquivalent,2,2,
0022500005,1631096,C. Holmgren,1610612760,OKC,2,PT01M38.00S,shootingFoul2,attemptEquivalent,1,2,
0022500005,1642349,A. Mitchell,1610612760,OKC,2,PT01M06.00S,shootingFoul2,attemptEquivalent,2,2,
0022500005,1631097,B. Mathurin,1610612754,IND,2,PT00M14.50S,shootingFoul2,attemptEquivalent,2,2,
0022500005,1628983,S. Gilgeous-Alexander,1610612760,OKC,2,PT00M03.10S,bonus,attemptEquivalent,2,2,
0022500005,1627783,P. Siakam,1610612754,IND,3,PT11M41.00S,andOne,addOn,1,1,387
0022500005,1630598,A. Wiggins,1610612760,OKC,3,PT08M37.00S,shootingFoul2,attemptEquivalent,2,2,
0022500005,1630598,A. Wiggins,1610612760,OKC,3,PT07M36.00S,shootingFoul2,attemptEquivalent,2,2,
0022500005,1631097,B. Mathurin,1610612754,IND,3,PT05M41.00S,andOne,addOn,1,1,466
0022500005,1629652,L. Dort,1610612760,OKC,3,PT04M25.00S,shootingFoul2,attemptEquivalent,2,2,
0022500005,1631097,B. Mathurin,1610612754,IND,3,PT03M53.00S,andOne,addOn,1,1,501
0022500005,1628983,S. Gilgeous-Alexander,1610612760,OKC,3,PT01M54.00S,andOne,addOn,1,1,531
0022500005,1627783,P. Siakam,1610612754,IND,3,PT01M14.00S,andOne,addOn,0,1,539
0022500005,1642349,A. Mitchell,1610612760,OKC,3,PT01M00.00S,andOne,addOn,1,1,549
0022500005,1627783,P. Siakam,1610612754,IND,4,PT11M07.00S,shootingFoul2,attemptEquivalent,0,2,
0022500005,1641767,B. Sheppard,1610612754,IND,4,PT10M36.00S,shootingFoul2,attemptEquivalent,2,2,
0022500005,1631097,B. Mathurin,1610612754,IND,4,PT08M57.00S,shootingFoul2,attemptEquivalent,2,2,
0022500005,1628983,S. Gilgeous-Alexander,1610612760,OKC,4,PT08M20.00S,shootingFoul2,attemptEquivalent,2,2,
0022500005,1631097,B. Mathurin,1610612754,IND,4,PT06M42.00S,shootingFoul2,attemptEquivalent,2,2,
0022500005,1628392,I. Hartenstein,1610612760,OKC,4,PT06M29.00S,andOne,addOn,1,1,644
0022500005,1628396,T. Bradley,1610612754,IND,4,PT05M54.00S,andOne,addOn,0,1,659
0022500005,1631096,C. Holmgren,1610612760,OKC,4,PT05M39.00S,shootingFoul2,attemptEquivalent,2,2,
0022500005,1631097,B. Mathurin,1610612754,IND,4,PT03M22.00S,shootingFoul2,attemptEquivalent,1,2,
0022500005,1628983,S. Gilgeous-Alexander,1610612760,OKC,4,PT03M10.00S,shootingFoul2,attemptEquivalent,1,2,
0022500005,1631097,B. Mathurin,1610612754,IND,4,PT02M57.00S,andOne,addOn,0,1,698
0022500005,1631097,B. Mathurin,1610612754,IND,4,PT02M22.00S,bonus,attemptEquivalent,2,2,
0022500005,1631096,C. Holmgren,1610612760,OKC,4,PT01M14.00S,shootingFoul2,attemptEquivalent,2,2,
0022500005,1628983,S. Gilgeous-Alexander,1610612760,OKC,4,PT00M13.00S,bonus,attemptEquivalent,1,2,
0022500005,1627783,P. Siakam,1610612754,IND,5,PT03M26.00S,bonus,attemptEquivalent,1,2,
0022500005,1631097,B. Mathurin,1610612754,IND,5,PT03M16.00S,shootingFoul2,attemptEquivalent,2,2,
0022500005,1628983,S. Gilgeous-Alexander,1610612760,OKC,5,PT02M56.00S,shootingFoul2,attemptEquivalent,2,2,
0022500005,1642349,A. Mitchell,1610612760,OKC,5,PT01M46.00S,andOne,addOn,1,1,791
0022500005,1642349,A. Mitchell,1610612760,OKC,5,PT00M54.20S,bonus,attemptEquivalent,2,2,
0022500005,1628983,S. Gilgeous-Alexander,1610612760,OKC,6,PT04M11.00S,andOne,addOn,1,1,820
0022500005,1628983,S. Gilgeous-Alexander,1610612760,OKC,6,PT00M28.80S,bonus,attemptEquivalent,2,2,
0022500005,1628983,S. Gilgeous-Alexander,1610612760,OKC,6,PT00M20.70S,bonus,attemptEquivalent,2,2,
0022500007,1628386,J. Allen,1610612739,CLE,1,PT11M18.00S,shootingFoul2,attemptEquivalent,2,2,
0022500007,1631105,J. Duren,1610612765,DET,1,PT10M31.00S,shootingFoul2,attemptEquivalent,1,2,
0022500007,1628386,J. Allen,1610612739,CLE,1,PT08M45.00S,andOne,addOn,1,1,42
0022500007,202699,T. Harris,1610612765,DET,1,PT07M42.00S,shootingFoul2,attemptEquivalent,2,2,
0022500007,1629731,D. Wade,1610612739,CLE,1,PT05M02.00S,shootingFoul2,attemptEquivalent,0,2,
0022500007,1631105,J. Duren,1610612765,DET,1,PT03M27.00S,shootingFoul2,attemptEquivalent,1,2,
0022500007,1628378,D. Mitchell,1610612739,CLE,1,PT02M25.00S,shootingFoul2,attemptEquivalent,1,2,
0022500007,1628378,D. Mitchell,1610612739,CLE,1,PT00M14.50S,shootingFoul2,attemptEquivalent,2,2,
0022500007,1630595,C. Cunningham,1610612765,DET,2,PT10M46.00S,shootingFoul2,attemptEquivalent,2,2,
0022500007,1630596,E. Mobley,1610612739,CLE,2,PT08M41.00S,shootingFoul2,attemptEquivalent,2,2,
0022500007,1630596,E. Mobley,1610612739,CLE,2,PT07M31.00S,shootingFoul2,attemptEquivalent,1,2,
0022500007,1630596,E. Mobley,1610612739,CLE,2,PT06M22.00S,shootingFoul2,attemptEquivalent,1,2,
0022500007,1629731,D. Wade,1610612739,CLE,2,PT05M50.00S,shootingFoul2,attemptEquivalent,2,2,
0022500007,1641854,C. Porter Jr.,1610612739,CLE,2,PT04M49.00S,bonus,attemptEquivalent,1,2,
0022500007,202699,T. Harris,1610612765,DET,2,PT04M20.00S,bonus,attemptEquivalent,2,2,
0022500007,1629631,D. Hunter,1610612739,CLE,2,PT02M13.00S,bonus,attemptEquivalent,2,2,
0022500007,1628386,J. Allen,1610612739,CLE,2,PT01M37.00S,bonus,attemptEquivalent,1,2,
0022500007,1629631,D. Hunter,1610612739,CLE,2,PT01M08.00S,andOne,addOn,1,1,392
0022500007,1630191,I. Stewart,1610612765,DET,2,PT00M50.40S,bonus,attemptEquivalent,1,2,
0022500007,1641709,A. Thompson,1610612765,DET,3,PT11M50.00S,andOne,addOn,0,1,428
0022500007,1628378,D. Mitchell,1610612739,CLE,3,PT10M20.00S,shootingFoul2,attemptEquivalent,2,2,
0022500007,1630595,C. Cunningham,1610612765,DET,3,PT08M13.00S,shootingFoul2,attemptEquivalent,2,2,
0022500007,1641842,R. Holland II,1610612765,DET,3,PT05M19.00S,shootingFoul2,attemptEquivalent,1,2,
0022500007,1641854,C. Porter Jr.,1610612739,CLE,3,PT02M50.00S,andOne,addOn,1,1,569
0022500007,1628386,J. Allen,1610612739,CLE,3,PT02M10.00S,bonus,attemptEquivalent,2,2,
0022500007,1628378,D. Mitchell,1610612739,CLE,3,PT01M47.00S,shootingFoul2,attemptEquivalent,2,2,
0022500007,1630595,C. Cunningham,1610612765,DET,3,PT00M07.70S,shootingFoul2,attemptEquivalent,1,2,
0022500007,1642281,J. Tyson,1610612739,CLE,4,PT10M01.00S,shootingFoul2,attemptEquivalent,2,2,
0022500007,1642449,T. Smith,1610612765,DET,4,PT04M41.00S,shootingFoul2,attemptEquivalent,2,2,
0022500007,1642449,T. Smith,1610612765,DET,4,PT02M48.00S,shootingFoul2,attemptEquivalent,1,2,
0022500007,1642449,T. Smith,1610612765,DET,4,PT01M36.00S,shootingFoul2,attemptEquivalent,1,2,
0022500007,1642281,J. Tyson,1610612739,CLE,4,PT01M29.00S,shootingFoul2,attemptEquivalent,1,2,
0022500007,1641752,B. Klintman,1610612765,DET,4,PT00M41.90S,andOne,addOn,0,1,780
0022500007,1642449,T. Smith,1610612765,DET,4,PT00M30.50S,andOne,addOn,1,1,788
0022500009,1628386,J. Allen,1610612739,CLE,1,PT10M51.00S,shootingFoul2,attemptEquivalent,1,2,
0022500009,1628384,O. Anunoby,1610612752,NYK,1,PT08M54.00S,andOne,addOn,1,1,41
0022500009,1629636,D. Garland,1610612739,CLE,1,PT04M45.00S,shootingFoul2,attemptEquivalent,2,2,
0022500009,1628973,J. Brunson,1610612752,NYK,1,PT04M31.00S,flagrant,addOn,1,1,
0022500009,1629631,D. Hunter,1610612739,CLE,1,PT04M00.00S,shootingFoul2,attemptEquivalent,1,2,
0022500009,1629631,D. Hunter,1610612739,CLE,1,PT01M28.00S,bonus,attemptEquivalent,2,2,
0022500009,1629631,D. Hunter,1610612739,CLE,2,PT05M49.00S,shootingFoul2,attemptEquivalent,2,2,
0022500009,1628404,J. Hart,1610612752,NYK,2,PT05M04.00S,andOne,addOn,1,1,260
0022500009,1629636,D. Garland,1610612739,CLE,2,PT04M51.00S,shootingFoul2,attemptEquivalent,1,2,
0022500009,1628973,J. Brunson,1610612752,NYK,2,PT01M53.00S,andOne,addOn,1,1,309
0022500009,1630241,S. Merrill,1610612739,CLE,3,PT08M32.00S,shootingFoul2,attemptEquivalent,1,2,
0022500009,1629731,D. Wade,1610612739,CLE,3,PT06M52.00S,andOne,addOn,1,1,388
0022500009,203903,J. Clarkson,1610612752,NYK,3,PT05M10.00S,shootingFoul2,attemptEquivalent,2,2,
0022500009,1628973,J. Brunson,1610612752,NYK,3,PT03M15.00S,shootingFoul3,attemptEquivalent,2,3,
0022500009,1628973,J. Brunson,1610612752,NYK,3,PT01M27.00S,bonus,attemptEquivalent,2,2,
0022500009,1642278,T. Kolek,1610612752,NYK,3,PT01M01.00S,bonus,attemptEquivalent,2,2,
0022500009,1628378,D. Mitchell,1610612739,CLE,4,PT10M44.00S,shootingFoul2,attemptEquivalent,2,2,
0022500009,1628378,D. Mitchell,1610612739,CLE,4,PT10M26.00S,shootingFoul2,attemptEquivalent,2,2,
0022500009,1630596,E. Mobley,1610612739,CLE,4,PT08M34.00S,shootingFoul2,attemptEquivalent,2,2,
0022500009,1628404,J. Hart,1610612752,NYK,4,PT07M43.00S,shootingFoul2,attemptEquivalent,2,2,
0022500009,1628973,J. Brunson,1610612752,NYK,4,PT07M15.00S,shootingFoul2,attemptEquivalent,2,2,
0022500009,1628378,D. Mitchell,1610612739,CLE,4,PT03M07.00S,bonus,attemptEquivalent,2,2,
0022500009,1629011,M. Robinson,1610612752,NYK,4,PT00M08.30S,bonus,attemptEquivalent,0,2,
0022500009,1626157,K. Towns,1610612752,NYK,4,PT00M01.10S,bonus,attemptEquivalent,1,2,
0022500010,1642264,S. Castle,1610612759,SAS,1,PT11M02.00S,andOne,addOn,0,1,11
0022500010,1628983,S. Gilgeous-Alexander,1610612760,OKC,1,PT08M32.00S,shootingFoul2,attemptEquivalent,2,2,
0022500010,1630170,D. Vassell,1610612759,SAS,1,PT07M54.00S,shootingFoul3,attemptEquivalent,2,3,
0022500010,1642264,S. Castle,1610612759,SAS,1,PT03M33.00S,shootingFoul2,attemptEquivalent,1,2,
0022500010,1629640,K. Johnson,1610612759,SAS,1,PT03M00.00S,shootingFoul2,attemptEquivalent,0,2,
0022500010,1641705,V. Wembanyama,1610612759,SAS,1,PT01M58.00S,andOne,addOn,1,1,128
0022500010,1641705,V. Wembanyama,1610612759,SAS,1,PT01M40.00S,bonus,attemptEquivalent,2,2,
0022500010,1631096,C. Holmgren,1610612760,OKC,1,PT00M48.70S,shootingFoul2,attemptEquivalent,0,2,
0022500010,1628392,I. Hartenstein,1610612760,OKC,2,PT11M28.00S,shootingFoul2,attemptEquivalent,2,2,
0022500010,1631114,J. Williams,1610612760,OKC,2,PT07M23.00S,shootingFoul2,attemptEquivalent,0,2,
0022500010,1631114,J. Williams,1610612760,OKC,2,PT06M25.00S,shootingFoul2,attemptEquivalent,1,2,
0022500010,1642264,S. Castle,1610612759,SAS,2,PT05M40.00S,shootingFoul2,attemptEquivalent,2,2,
0022500010,1628983,S. Gilgeous-Alexander,1610612760,OKC,2,PT03M17.00S,andOne,addOn,1,1,295
0022500010,1628983,S. Gilgeous-Alexander,1610612760,OKC,2,PT01M26.00S,shootingFoul2,attemptEquivalent,1,2,
0022500010,1641717,C. Wallace,1610612760,OKC,3,PT05M50.00S,shootingFoul3,attemptEquivalent,2,3,
0022500010,1628983,S. Gilgeous-Alexander,1610612760,OKC,3,PT05M39.00S,shootingFoul2,attemptEquivalent,2,2,
0022500010,1641705,V. Wembanyama,1610612759,SAS,3,PT02M31.00S,shootingFoul2,attemptEquivalent,2,2,
0022500010,1628392,I. Hartenstein,1610612760,OKC,4,PT10M56.00S,shootingFoul2,attemptEquivalent,1,2,
0022500010,203084,H. Barnes,1610612759,SAS,4,PT08M10.00S,shootingFoul2,attemptEquivalent,2,2,
0022500010,1627936,A. Caruso,1610612760,OKC,4,PT06M00.00S,shootingFoul2,attemptEquivalent,2,2,
0022500010,1642844,D. Harper,1610612759,SAS,4,PT05M35.00S,shootingFoul2,attemptEquivalent,2,2,
0022500010,1627936,A. Caruso,1610612760,OKC,4,PT01M59.00S,shootingFoul2,attemptEquivalent,2,2,
0022500010,1628368,D. Fox,1610612759,SAS,4,PT01M42.00S,shootingFoul2,attemptEquivalent,2,2,
0022500015,1631096,C. Holmgren,1610612760,OKC,1,PT09M42.00S,shootingFoul2,attemptEquivalent,1,2,
0022500015,1630598,A. Wiggins,1610612760,OKC,1,PT06M09.00S,shootingFoul2,attemptEquivalent,2,2,
0022500015,1628386,J. Allen,1610612739,CLE,1,PT05M11.00S,shootingFoul2,attemptEquivalent,2,2,
0022500015,1628378,D. Mitchell,1610612739,CLE,1,PT03M43.00S,andOne,addOn,0,1,119
0022500015,1629631,D. Hunter,1610612739,CLE,1,PT02M47.00S,shootingFoul2,attemptEquivalent,2,2,
0022500015,1642349,A. Mitchell,1610612760,OKC,2,PT10M41.00S,shootingFoul2,attemptEquivalent,1,2,
0022500015,1631096,C. Holmgren,1610612760,OKC,2,PT09M07.00S,andOne,addOn,0,1,222
0022500015,1628378,D. Mitchell,1610612739,CLE,2,PT08M41.00S,shootingFoul2,attemptEquivalent,1,2,
0022500015,1628386,J. Allen,1610612739,CLE,2,PT06M05.00S,shootingFoul2,attemptEquivalent,1,2,
0022500015,1642281,J. Tyson,1610612739,CLE,2,PT06M03.00S,shootingFoul2,attemptEquivalent,1,2,
0022500015,1641717,C. Wallace,1610612760,OKC,2,PT05M49.00S,bonus,attemptEquivalent,1,2,
0022500015,1628386,J. Allen,1610612739,CLE,2,PT05M35.00S,shootingFoul2,attemptEquivalent,2,2,
0022500015,1628983,S. Gilgeous-Alexander,1610612760,OKC,2,PT04M26.00S,shootingFoul2,attemptEquivalent,2,2,
0022500015,1627936,A. Caruso,1610612760,OKC,2,PT03M36.00S,bonus,attemptEquivalent,1,2,
0022500015,1628378,D. Mitchell,1610612739,CLE,2,PT02M29.00S,shootingFoul2,attemptEquivalent,2,2,
0022500015,1629631,D. Hunter,1610612739,CLE,2,PT01M25.00S,shootingFoul2,attemptEquivalent,2,2,
0022500015,1630596,E. Mobley,1610612739,CLE,3,PT10M25.00S,andOne,addOn,1,1,415
0022500015,1628983,S. Gilgeous-Alexander,1610612760,OKC,3,PT06M47.00S,shootingFoul2,attemptEquivalent,2,2,
0022500015,1629631,D. Hunter,1610612739,CLE,3,PT06M37.00S,shootingFoul2,attemptEquivalent,2,2,
0022500015,1642281,J. Tyson,1610612739,CLE,3,PT04M08.00S,andOne,addOn,1,1,506
0022500015,1628386,J. Allen,1610612739,CLE,3,PT02M46.00S,shootingFoul2,attemptEquivalent,2,2,
0022500015,1628386,J. Allen,1610612739,CLE,3,PT02M23.00S,bonus,attemptEquivalent,1,2,
0022500015,1628983,S. Gilgeous-Alexander,1610612760,OKC,3,PT02M00.00S,andOne,addOn,1,1,545
0022500015,1631096,C. Holmgren,1610612760,OKC,3,PT01M28.00S,bonus,attemptEquivalent,1,2,
0022500015,1628378,D. Mitchell,1610612739,CLE,3,PT00M30.40S,bonus,attemptEquivalent,2,2,
0022500015,1629652,L. Dort,1610612760,OKC,4,PT11M41.00S,shootingFoul2,attemptEquivalent,1,2,
0022500015,1630596,E. Mobley,1610612739,CLE,4,PT09M02.00S,shootingFoul2,attemptEquivalent,1,2,
0022500015,1628378,D. Mitchell,1610612739,CLE,4,PT06M18.00S,shootingFoul2,attemptEquivalent,2,2,
0022500015,1628378,D. Mitchell,1610612739,CLE,4,PT06M00.00S,shootingFoul2,attemptEquivalent,1,2,
0022500015,1629631,D. Hunter,1610612739,CLE,4,PT04M54.00S,bonus,attemptEquivalent,2,2,
0022500025,1628960,G. Allen,1610612756,PHX,1,PT06M25.00S,shootingFoul2,attemptEquivalent,1,2,
0022500025,1628960,G. Allen,1610612756,PHX,1,PT05M01.00S,andOne,addOn,1,1,80
0022500025,203994,J. Nurkić,1610612762,UTA,1,PT00M15.80S,shootingFoul2,attemptEquivalent,0,2,
0022500025,203994,J. Nurkić,1610612762,UTA,2,PT11M31.00S,shootingFoul2,attemptEquivalent,2,2,
0022500025,1630208,N. Richards,1610612756,PHX,2,PT09M22.00S,shootingFoul2,attemptEquivalent,2,2,
0022500025,1642345,O. Ighodaro,1610612756,PHX,2,PT08M53.00S,shootingFoul2,attemptEquivalent,2,2,
0022500025,1641718,K. George,1610612762,UTA,2,PT08M25.00S,shootingFoul2,attemptEquivalent,2,2,
0022500025,1641718,K. George,1610612762,UTA,2,PT07M14.00S,shootingFoul2,attemptEquivalent,2,2,
0022500025,203937,K. Anderson,1610612762,UTA,2,PT05M22.00S,andOne,addOn,0,1,268
0022500025,1628374,L. Markkanen,1610612762,UTA,2,PT04M41.00S,bonus,attemptEquivalent,2,2,
0022500025,1626164,D. Booker,1610612756,PHX,2,PT02M22.00S,shootingFoul2,attemptEquivalent,2,2,
0022500025,1628374,L. Markkanen,1610612762,UTA,2,PT02M14.00S,bonus,attemptEquivalent,2,2,
0022500025,1628374,L. Markkanen,1610612762,UTA,2,PT01M07.00S,bonus,attemptEquivalent,1,2,
0022500025,203937,K. Anderson,1610612762,UTA,2,PT00M33.20S,shootingFoul2,attemptEquivalent,2,2,
0022500025,1628374,L. Markkanen,1610612762,UTA,3,PT11M24.00S,shootingFoul2,attemptEquivalent,2,2,
0022500025,1628374,L. Markkanen,1610612762,UTA,3,PT08M59.00S,andOne,addOn,0,1,395
0022500025,1641718,K. George,1610612762,UTA,3,PT08M04.00S,shootingFoul2,attemptEquivalent,1,2,
0022500025,1631109,M. Williams,1610612756,PHX,3,PT07M51.00S,shootingFoul2,attemptEquivalent,1,2,
0022500025,1642346,R. Dunn,1610612756,PHX,3,PT06M13.00S,shootingFoul2,attemptEquivalent,2,2,
0022500025,1641718,K. George,1610612762,UTA,3,PT00M18.30S,andOne,addOn,1,1,538
0022500025,1628374,L. Markkanen,1610612762,UTA,4,PT10M55.00S,shootingFoul2,attemptEquivalent,1,2,
0022500025,1641718,K. George,1610612762,UTA,4,PT08M42.00S,shootingFoul2,attemptEquivalent,1,2,
0022500025,1626164,D. Booker,1610612756,PHX,4,PT04M22.00S,shootingFoul2,attemptEquivalent,1,2,
0022500025,1626164,D. Booker,1610612756,PHX,4,PT02M32.00S,andOne,addOn,1,1,684
0022500025,1641718,K. George,1610612762,UTA,4,PT02M22.00S,shootingFoul2,attemptEquivalent,2,2,
0022500025,1631109,M. Williams,1610612756,PHX,4,PT02M09.00S,shootingFoul2,attemptEquivalent,2,2,
0022500025,1642846,A. Bailey,1610612762,UTA,4,PT01M19.00S,bonus,attemptEquivalent,2,2,
0022500029,1630596,E. Mobley,1610612739,CLE,1,PT07M04.00S,shootingFoul2,attemptEquivalent,2,2,
0022500029,1642281,J. Tyson,1610612739,CLE,1,PT04M56.00S,shootingFoul2,attemptEquivalent,2,2,
0022500029,1642259,A. Sarr,1610612764,WAS,1,PT03M14.00S,shootingFoul2,attemptEquivalent,0,2,
0022500029,1630551,J. Champagnie,1610612764,WAS,1,PT00M53.90S,shootingFoul2,attemptEquivalent,2,2,
0022500029,1630557,C. Kispert,1610612764,WAS,2,PT10M49.00S,shootingFoul2,attemptEquivalent,2,2,
0022500029,1642878,T. Proctor,1610612739,CLE,2,PT10M19.00S,shootingFoul3,attemptEquivalent,2,3,
0022500029,1630596,E. Mobley,1610612739,CLE,2,PT09M34.00S,shootingFoul2,attemptEquivalent,1,2,
0022500029,1628378,D. Mitchell,1610612739,CLE,2,PT09M09.00S,andOne,addOn,1,1,235
0022500029,1642848,T. Johnson,1610612764,WAS,2,PT08M15.00S,shootingFoul2,attemptEquivalent,2,2,
0022500029,1630551,J. Champagnie,1610612764,WAS,2,PT05M14.00S,shootingFoul2,attemptEquivalent,2,2,
0022500029,1628386,J. Allen,1610612739,CLE,2,PT04M33.00S,shootingFoul2,attemptEquivalent,2,2,
0022500029,1629636,D. Garland,1610612739,CLE,2,PT03M25.00S,shootingFoul2,attemptEquivalent,2,2,
0022500029,1629631,D. Hunter,1610612739,CLE,2,PT02M07.00S,bonus,attemptEquivalent,2,2,
0022500029,1629631,D. Hunter,1610612739,CLE,2,PT00M55.30S,bonus,attemptEquivalent,2,2,
0022500029,1628378,D. Mitchell,1610612739,CLE,3,PT09M31.00S,shootingFoul2,attemptEquivalent,2,2,
0022500029,1630557,C. Kispert,1610612764,WAS,3,PT02M41.00S,shootingFoul2,attemptEquivalent,2,2,
0022500029,1628386,J. Allen,1610612739,CLE,3,PT01M49.00S,shootingFoul2,attemptEquivalent,0,2,
0022500029,1628963,M. Bagley III,1610612764,WAS,3,PT00M46.40S,shootingFoul2,attemptEquivalent,2,2,
0022500029,203468,C. McCollum,1610612764,WAS,3,PT00M05.20S,bonus,attemptEquivalent,2,2,
0022500029,203468,C. McCollum,1610612764,WAS,4,PT10M17.00S,shootingFoul2,attemptEquivalent,1,2,
0022500029,1630596,E. Mobley,1610612739,CLE,4,PT09M30.00S,shootingFoul2,attemptEquivalent,0,2,
0022500029,1630596,E. Mobley,1610612739,CLE,4,PT09M05.00S,andOne,addOn,1,1,638
0022500029,1642848,T. Johnson,1610612764,WAS,4,PT04M17.00S,andOne,addOn,0,1,713
0022500029,1641774,T. Vukcevic,1610612764,WAS,4,PT03M08.00S,bonus,attemptEquivalent,1,2,
0022500029,1631247,L. Travers,1610612739,CLE,4,PT02M09.00S,shootingFoul2,attemptEquivalent,2,2,
0022500029,1642358,A. Johnson,1610612764,WAS,4,PT01M53.00S,shootingFoul2,attemptEquivalent,2,2,
0022500029,1628418,T. Bryant,1610612739,CLE,4,PT01M42.00S,andOne,addOn,0,1,766
0022500029,1641772,N. Tomlin,1610612739,CLE,4,PT00M41.80S,shootingFoul2,attemptEquivalent,2,2,
0022500036,203944,J. Randle,1610612750,MIN,1,PT02M02.00S,bonus,attemptEquivalent,2,2,
0022500036,1642383,W. Clayton Jr.,1610612762,UTA,1,PT01M23.00S,bonus,attemptEquivalent,2,2,
0022500036,203944,J. Randle,1610612750,MIN,1,PT00M15.50S,shootingFoul2,attemptEquivalent,2,2,
0022500036,1628374,L. Markkanen,1610612762,UTA,2,PT11M23.00S,shootingFoul2,attemptEquivalent,1,2,
0022500036,1641718,K. George,1610612762,UTA,2,PT08M13.00S,andOne,addOn,1,1,248
0022500036,201144,M. Conley,1610612750,MIN,2,PT07M36.00S,shootingFoul2,attemptEquivalent,2,2,
0022500036,1641718,K. George,1610612762,UTA,2,PT05M16.00S,andOne,addOn,1,1,292
0022500036,1642268,I. Collier,1610612762,UTA,2,PT03M21.00S,shootingFoul2,attemptEquivalent,1,2,
0022500036,1642271,K. Filipowski,1610612762,UTA,2,PT02M59.00S,shootingFoul2,attemptEquivalent,1,2,
0022500036,1642846,A. Bailey,1610612762,UTA,2,PT02M26.00S,bonus,attemptEquivalent,2,2,
0022500036,1630162,A. Edwards,1610612750,MIN,2,PT02M17.00S,shootingFoul2,attemptEquivalent,2,2,
0022500036,1630183,J. McDaniels,1610612750,MIN,3,PT10M41.00S,shootingFoul2,attemptEquivalent,1,2,
0022500036,1628374,L. Markkanen,1610612762,UTA,3,PT09M53.00S,shootingFoul2,attemptEquivalent,2,2,
0022500036,1630162,A. Edwards,1610612750,MIN,3,PT08M35.00S,shootingFoul2,attemptEquivalent,2,2,
0022500036,203994,J. Nurkić,1610612762,UTA,3,PT06M38.00S,shootingFoul2,attemptEquivalent,1,2,
0022500036,1630162,A. Edwards,1610612750,MIN,3,PT03M45.00S,shootingFoul2,attemptEquivalent,1,2,
0022500036,1641740,J. Clark,1610612750,MIN,3,PT00M31.30S,shootingFoul2,attemptEquivalent,1,2,
0022500036,203944,J. Randle,1610612750,MIN,3,PT00M05.80S,bonus,attemptEquivalent,2,2,
0022500036,1642265,R. Dillingham,1610612750,MIN,4,PT08M44.00S,shootingFoul2,attemptEquivalent,0,2,
0022500036,1642262,C. Williams,1610612762,UTA,4,PT08M38.00S,shootingFoul2,attemptEquivalent,1,2,
0022500036,203937,K. Anderson,1610612762,UTA,4,PT05M13.00S,shootingFoul2,attemptEquivalent,2,2,
0022500036,1642866,J. Beringer,1610612750,MIN,4,PT05M01.00S,andOne,addOn,0,1,663
0022500036,1642271,K. Filipowski,1610612762,UTA,4,PT04M38.00S,shootingFoul2,attemptEquivalent,1,2,
0022500036,1631159,L. Miller,1610612750,MIN,4,PT03M04.00S,andOne,addOn,0,1,696
0022500036,1631159,L. Miller,1610612750,MIN,4,PT01M11.00S,shootingFoul2,attemptEquivalent,2,2,
0022500036,1641989,E. Harkless,1610612762,UTA,4,PT00M54.80S,bonus,attemptEquivalent,1,2,
0022500036,1630538,B. Hyland,1610612750,MIN,4,PT00M38.00S,bonus,attemptEquivalent,2,2,
0022500038,1628392,I. Hartenstein,1610612760,OKC,1,PT09M51.00S,shootingFoul2,attemptEquivalent,2,2,
0022500038,1628392,I. Hartenstein,1610612760,OKC,1,PT08M04.00S,andOne,addOn,1,1,48
0022500038,1630173,P. Achiuwa,1610612758,SAC,1,PT05M40.00S,shootingFoul2,attemptEquivalent,1,2,
0022500038,1630198,I. Joe,1610612760,OKC,1,PT04M09.00S,shootingFoul2,attemptEquivalent,2,2,
0022500038,1627936,A. Caruso,1610612760,OKC,1,PT02M14.00S,shootingFoul2,attemptEquivalent,1,2,
0022500038,1628983,S. Gilgeous-Alexander,1610612760,OKC,1,PT00M26.00S,shootingFoul2,attemptEquivalent,2,2,
0022500038,1642349,A. Mitchell,1610612760,OKC,2,PT07M17.00S,shootingFoul2,attemptEquivalent,2,2,
0022500038,1628392,I. Hartenstein,1610612760,OKC,2,PT06M34.00S,andOne,addOn,1,1,242
0022500038,1630173,P. Achiuwa,1610612758,SAC,2,PT05M27.00S,andOne,addOn,1,1,259
0022500038,201566,R. Westbrook,1610612758,SAC,2,PT03M58.00S,bonus,attemptEquivalent,1,2,
0022500038,1631096,C. Holmgren,1610612760,OKC,2,PT02M45.00S,shootingFoul2,attemptEquivalent,2,2,
0022500038,1629234,D. Eubanks,1610612758,SAC,2,PT01M38.00S,bonus,attemptEquivalent,0,2,
0022500038,203471,D. Schröder,1610612758,SAC,3,PT09M57.00S,shootingFoul2,attemptEquivalent,2,2,
0022500038,203897,Z. LaVine,1610612758,SAC,3,PT08M55.00S,shootingFoul2,attemptEquivalent,1,2,
0022500038,1628983,S. Gilgeous-Alexander,1610612760,OKC,3,PT04M39.00S,shootingFoul2,attemptEquivalent,2,2,
0022500038,1642349,A. Mitchell,1610612760,OKC,4,PT10M29.00S,flagrant,addOn,2,2,
0022500038,1628392,I. Hartenstein,1610612760,OKC,4,PT08M31.00S,shootingFoul2,attemptEquivalent,1,2,
0022500038,1642349,A. Mitchell,1610612760,OKC,4,PT06M41.00S,shootingFoul2,attemptEquivalent,2,2,
0022500038,1642875,M. Raynaud,1610612758,SAC,4,PT03M48.00S,shootingFoul2,attemptEquivalent,2,2,
0022500038,1642269,D. Carter,1610612758,SAC,4,PT00M27.80S,shootingFoul2,attemptEquivalent,2,2,
0022500038,1630198,I. Joe,1610612760,OKC,4,PT00M06.30S,bonus,attemptEquivalent,1,2,
0022500044,1630162,A. Edwards,1610612750,MIN,1,PT09M07.00S,andOne,addOn,1,1,35
0022500044,201566,R. Westbrook,1610612758,SAC,1,PT08M16.00S,shootingFoul2,attemptEquivalent,0,2,
0022500044,203497,R. Gobert,1610612750,MIN,1,PT05M35.00S,shootingFoul2,attemptEquivalent,1,2,
0022500044,1627734,D. Sabonis,1610612758,SAC,1,PT05M19.00S,andOne,addOn,1,1,92
0022500044,203471,D. Schröder,1610612758,SAC,1,PT01M16.00S,shootingFoul2,attemptEquivalent,1,2,
0022500044,203944,J. Randle,1610612750,MIN,1,PT00M43.00S,shootingFoul2,attemptEquivalent,1,2,
0022500044,1630183,J. McDaniels,1610612750,MIN,1,PT00M25.70S,andOne,addOn,1,1,160
0022500044,1629234,D. Eubanks,1610612758,SAC,1,PT00M02.80S,bonus,attemptEquivalent,2,2,
0022500044,1629234,D. Eubanks,1610612758,SAC,2,PT11M34.00S,shootingFoul2,attemptEquivalent,1,2,
0022500044,1641740,J. Clark,1610612750,MIN,2,PT09M53.00S,shootingFoul2,attemptEquivalent,1,2,
0022500044,203497,R. Gobert,1610612750,MIN,2,PT08M42.00S,shootingFoul2,attemptEquivalent,0,2,
0022500044,203471,D. Schröder,1610612758,SAC,2,PT08M14.00S,shootingFoul3,attemptEquivalent,1,3,
0022500044,203944,J. Randle,1610612750,MIN,2,PT05M07.00S,shootingFoul2,attemptEquivalent,1,2,
0022500044,1627734,D. Sabonis,1610612758,SAC,2,PT04M48.00S,shootingFoul2,attemptEquivalent,2,2,
0022500044,203944,J. Randle,1610612750,MIN,2,PT03M48.00S,shootingFoul2,attemptEquivalent,2,2,
0022500044,1627734,D. Sabonis,1610612758,SAC,2,PT02M24.00S,shootingFoul2,attemptEquivalent,1,2,
0022500044,1641740,J. Clark,1610612750,MIN,2,PT00M02.40S,bonus,attemptEquivalent,2,2,
0022500044,1630162,A. Edwards,1610612750,MIN,3,PT11M24.00S,shootingFoul2,attemptEquivalent,2,2,
0022500044,201566,R. Westbrook,1610612758,SAC,3,PT10M07.00S,shootingFoul2,attemptEquivalent,1,2,
0022500044,1630162,A. Edwards,1610612750,MIN,3,PT09M55.00S,shootingFoul2,attemptEquivalent,2,2,
0022500044,203497,R. Gobert,1610612750,MIN,3,PT09M03.00S,shootingFoul2,attemptEquivalent,1,2,
0022500044,1630162,A. Edwards,1610612750,MIN,3,PT08M46.00S,bonus,attemptEquivalent,2,2,
0022500044,1627734,D. Sabonis,1610612758,SAC,3,PT07M57.00S,andOne,addOn,1,1,460
0022500044,1630173,P. Achiuwa,1610612758,SAC,3,PT06M40.00S,andOne,addOn,0,1,478
0022500044,1628978,D. DiVincenzo,1610612750,MIN,3,PT04M44.00S,bonus,attemptEquivalent,1,2,
0022500044,203497,R. Gobert,1610612750,MIN,3,PT04M13.00S,bonus,attemptEquivalent,1,2,
0022500044,203897,Z. LaVine,1610612758,SAC,3,PT03M27.00S,shootingFoul3,attemptEquivalent,3,3,
0022500044,1630162,A. Edwards,1610612750,MIN,3,PT03M11.00S,shootingFoul2,attemptEquivalent,2,2,
0022500044,203897,Z. LaVine,1610612758,SAC,3,PT02M02.00S,shootingFoul2,attemptEquivalent,2,2,
0022500044,203944,J. Randle,1610612750,MIN,4,PT09M01.00S,shootingFoul2,attemptEquivalent,1,2,
0022500044,1627734,D. Sabonis,1610612758,SAC,4,PT05M26.00S,shootingFoul2,attemptEquivalent,0,2,
0022500044,1630162,A. Edwards,1610612750,MIN,4,PT03M27.00S,shootingFoul3,attemptEquivalent,2,3,
0022500044,203944,J. Randle,1610612750,MIN,4,PT02M03.00S,andOne,addOn,1,1,710
0022500044,1628978,D. DiVincenzo,1610612750,MIN,4,PT00M35.10S,bonus,attemptEquivalent,2,2,
0022500044,1631159,L. Miller,1610612750,MIN,4,PT00M21.40S,bonus,attemptEquivalent,1,2,
0022500048,1630596,E. Mobley,1610612739,CLE,1,PT11M03.00S,shootingFoul2,attemptEquivalent,0,2,
0022500048,1630596,E. Mobley,1610612739,CLE,1,PT06M23.00S,shootingFoul2,attemptEquivalent,2,2,
0022500048,1629636,D. Garland,1610612739,CLE,1,PT04M55.00S,shootingFoul2,attemptEquivalent,2,2,
0022500048,1641716,J. Walker,1610612754,IND,1,PT04M20.00S,shootingFoul2,attemptEquivalent,2,2,
0022500048,1629614,A. Nembhard,1610612754,IND,1,PT03M46.00S,shootingFoul2,attemptEquivalent,2,2,
0022500048,1628378,D. Mitchell,1610612739,CLE,1,PT03M28.00S,shootingFoul3,attemptEquivalent,2,3,
0022500048,1628396,T. Bradley,1610612754,IND,1,PT03M14.00S,shootingFoul2,attemptEquivalent,2,2,
0022500048,1630596,E. Mobley,1610612739,CLE,1,PT00M02.80S,shootingFoul2,attemptEquivalent,2,2,
0022500048,1627783,P. Siakam,1610612754,IND,2,PT09M10.00S,andOne,addOn,1,1,214
0022500048,1628378,D. Mitchell,1610612739,CLE,2,PT07M02.00S,shootingFoul2,attemptEquivalent,1,2,
0022500048,1631097,B. Mathurin,1610612754,IND,2,PT06M49.00S,shootingFoul2,attemptEquivalent,2,2,
0022500048,1629636,D. Garland,1610612739,CLE,2,PT04M49.00S,andOne,addOn,1,1,283
0022500048,1629636,D. Garland,1610612739,CLE,2,PT04M27.00S,shootingFoul2,attemptEquivalent,2,2,
0022500048,1629631,D. Hunter,1610612739,CLE,2,PT02M12.00S,transitionTake,addOn,1,1,
0022500048,1628378,D. Mitchell,1610612739,CLE,2,PT01M10.00S,shootingFoul2,attemptEquivalent,2,2,
0022500048,1629636,D. Garland,1610612739,CLE,2,PT00M49.50S,shootingFoul2,attemptEquivalent,2,2,
0022500048,1627783,P. Siakam,1610612754,IND,2,PT00M32.40S,andOne,addOn,1,1,355
0022500048,1628378,D. Mitchell,1610612739,CLE,3,PT11M08.00S,andOne,addOn,1,1,377
0022500048,1629614,A. Nembhard,1610612754,IND,3,PT10M53.00S,shootingFoul2,attemptEquivalent,2,2,
0022500048,1630596,E. Mobley,1610612739,CLE,3,PT08M36.00S,shootingFoul2,attemptEquivalent,1,2,
0022500048,1630543,I. Jackson,1610612754,IND,3,PT08M26.00S,shootingFoul2,attemptEquivalent,1,2,
0022500048,1629614,A. Nembhard,1610612754,IND,3,PT08M01.00S,shootingFoul2,attemptEquivalent,2,2,
0022500048,1631097,B. Mathurin,1610612754,IND,3,PT06M55.00S,bonus,attemptEquivalent,2,2,
0022500048,1627783,P. Siakam,1610612754,IND,3,PT06M35.00S,bonus,attemptEquivalent,2,2,
0022500048,1631097,B. Mathurin,1610612754,IND,3,PT04M31.00S,andOne,addOn,1,1,497
0022500048,1630596,E. Mobley,1610612739,CLE,3,PT02M47.00S,shootingFoul2,attemptEquivalent,1,2,
0022500048,1630596,E. Mobley,1610612739,CLE,3,PT00M23.70S,andOne,addOn,1,1,557
0022500048,1627783,P. Siakam,1610612754,IND,4,PT06M47.00S,shootingFoul2,attemptEquivalent,1,2,
0022500048,1629614,A. Nembhard,1610612754,IND,4,PT03M06.00S,andOne,addOn,1,1,708
0022500048,1630526,J. Robinson-Earl,1610612754,IND,4,PT00M19.90S,shootingFoul2,attemptEquivalent,2,2,
0022500050,1629628,R. Barrett,1610612761,TOR,1,PT09M17.00S,shootingFoul2,attemptEquivalent,0,2,
0022500050,1627742,B. Ingram,1610612761,TOR,1,PT07M38.00S,shootingFoul2,attemptEquivalent,2,2,
0022500050,1641731,B. Coulibaly,1610612764,WAS,1,PT07M28.00S,shootingFoul2,attemptEquivalent,2,2,
0022500050,1630193,I. Quickley,1610612761,TOR,1,PT05M46.00S,shootingFoul2,attemptEquivalent,2,2,
0022500050,1642848,T. Johnson,1610612764,WAS,1,PT04M17.00S,shootingFoul2,attemptEquivalent,1,2,
0022500050,1641731,B. Coulibaly,1610612764,WAS,2,PT09M54.00S,shootingFoul2,attemptEquivalent,2,2,
0022500050,203468,C. McCollum,1610612764,WAS,2,PT08M17.00S,shootingFoul3,attemptEquivalent,2,3,
0022500050,1630572,S. Mamukelashvili,1610612761,TOR,2,PT06M27.00S,shootingFoul2,attemptEquivalent,2,2,
0022500050,1641731,B. Coulibaly,1610612764,WAS,2,PT05M41.00S,shootingFoul2,attemptEquivalent,2,2,
0022500050,1642347,J. Shead,1610612761,TOR,2,PT03M16.00S,shootingFoul2,attemptEquivalent,1,2,
0022500050,1627742,B. Ingram,1610612761,TOR,2,PT03M01.00S,shootingFoul2,attemptEquivalent,2,2,
0022500050,1630551,J. Champagnie,1610612764,WAS,2,PT02M50.00S,andOne,addOn,1,1,328
0022500050,1629628,R. Barrett,1610612761,TOR,3,PT11M04.00S,shootingFoul2,attemptEquivalent,1,2,
0022500050,1627742,B. Ingram,1610612761,TOR,3,PT10M20.00S,shootingFoul2,attemptEquivalent,1,2,
0022500050,1627751,J. Poeltl,1610612761,TOR,3,PT09M20.00S,shootingFoul2,attemptEquivalent,1,2,
0022500050,1627742,B. Ingram,1610612761,TOR,3,PT08M14.00S,shootingFoul2,attemptEquivalent,2,2,
0022500050,1627742,B. Ingram,1610612761,TOR,3,PT07M17.00S,shootingFoul2,attemptEquivalent,2,2,
0022500050,1629628,R. Barrett,1610612761,TOR,3,PT05M24.00S,bonus,attemptEquivalent,2,2,
0022500050,1630572,S. Mamukelashvili,1610612761,TOR,3,PT02M01.00S,shootingFoul2,attemptEquivalent,1,2,
0022500050,1630572,S. Mamukelashvili,1610612761,TOR,3,PT01M23.00S,shootingFoul2,attemptEquivalent,2,2,
0022500050,1630557,C. Kispert,1610612764,WAS,3,PT00M29.10S,shootingFoul2,attemptEquivalent,1,2,
0022500050,1641731,B. Coulibaly,1610612764,WAS,3,PT00M02.40S,shootingFoul2,attemptEquivalent,1,2,
0022500050,1627742,B. Ingram,1610612761,TOR,4,PT08M29.00S,shootingFoul2,attemptEquivalent,2,2,
0022500050,1627742,B. Ingram,1610612761,TOR,4,PT07M46.00S,flagrant,addOn,1,1,
0022500050,1642364,J. Watkins,1610612764,WAS,4,PT06M31.00S,shootingFoul2,attemptEquivalent,2,2,
0022500050,1629628,R. Barrett,1610612761,TOR,4,PT04M44.00S,shootingFoul2,attemptEquivalent,1,2,
0022500050,1630534,O. Agbaji,1610612761,TOR,4,PT03M42.00S,shootingFoul2,attemptEquivalent,2,2,
0022500050,1631103,M. Branham,1610612764,WAS,4,PT02M02.00S,shootingFoul2,attemptEquivalent,2,2,
0022500050,1631103,M. Branham,1610612764,WAS,4,PT01M37.00S,shootingFoul2,attemptEquivalent,2,2,
0022500050,1630264,A. Gill,1610612764,WAS,4,PT01M09.00S,bonus,attemptEquivalent,2,2,
0022500050,202066,G. Temple,1610612761,TOR,4,PT01M05.00S,bonus,attemptEquivalent,1,2,
0022500050,1641711,G. Dick,1610612761,TOR,4,PT00M06.20S,bonus,attemptEquivalent,2,2,
0022500055,1628392,I. Hartenstein,1610612760,OKC,1,PT10M38.00S,shootingFoul2,attemptEquivalent,2,2,
0022500055,1628374,L. Markkanen,1610612762,UTA,1,PT10M26.00S,shootingFoul2,attemptEquivalent,2,2,
0022500055,1628374,L. Markkanen,1610612762,UTA,1,PT09M39.00S,shootingFoul3,attemptEquivalent,3,3,
0022500055,1628983,S. Gilgeous-Alexander,1610612760,OKC,1,PT08M44.00S,shootingFoul2,attemptEquivalent,1,2,
0022500055,1641718,K. George,1610612762,UTA,1,PT07M06.00S,andOne,addOn,1,1,71
0022500055,1628983,S. Gilgeous-Alexander,1610612760,OKC,1,PT06M55.00S,shootingFoul2,attemptEquivalent,2,2,
0022500055,1628983,S. Gilgeous-Alexander,1610612760,OKC,1,PT04M48.00S,bonus,attemptEquivalent,1,2,
0022500055,1628983,S. Gilgeous-Alexander,1610612760,OKC,1,PT02M04.00S,andOne,addOn,1,1,134
0022500055,1628374,L. Markkanen,1610612762,UTA,2,PT09M31.00S,awayFromPlay,addOn,1,1,
0022500055,1628392,I. Hartenstein,1610612760,OKC,2,PT08M24.00S,shootingFoul2,attemptEquivalent,0,2,
0022500055,1630198,I. Joe,1610612760,OKC,2,PT07M28.00S,shootingFoul2,attemptEquivalent,2,2,
0022500055,1641718,K. George,1610612762,UTA,2,PT07M15.00S,shootingFoul2,attemptEquivalent,2,2,
0022500055,1642271,K. Filipowski,1610612762,UTA,2,PT06M09.00S,shootingFoul2,attemptEquivalent,1,2,
0022500055,1628983,S. Gilgeous-Alexander,1610612760,OKC,2,PT02M57.00S,andOne,addOn,1,1,306
0022500055,1628983,S. Gilgeous-Alexander,1610612760,OKC,2,PT01M24.00S,shootingFoul2,attemptEquivalent,2,2,
0022500055,203994,J. Nurkić,1610612762,UTA,2,PT00M44.60S,shootingFoul2,attemptEquivalent,1,2,
0022500055,1641718,K. George,1610612762,UTA,3,PT07M20.00S,shootingFoul2,attemptEquivalent,2,2,
0022500055,1628983,S. Gilgeous-Alexander,1610612760,OKC,3,PT02M09.00S,shootingFoul2,attemptEquivalent,2,2,
0022500055,1641718,K. George,1610612762,UTA,3,PT01M53.00S,shootingFoul2,attemptEquivalent,2,2,
0022500055,1642349,A. Mitchell,1610612760,OKC,4,PT10M03.00S,shootingFoul2,attemptEquivalent,2,2,
0022500055,1627936,A. Caruso,1610612760,OKC,4,PT09M08.00S,shootingFoul2,attemptEquivalent,1,2,
0022500055,1628374,L. Markkanen,1610612762,UTA,4,PT08M41.00S,shootingFoul2,attemptEquivalent,2,2,
0022500055,1631096,C. Holmgren,1610612760,OKC,4,PT08M24.00S,shootingFoul2,attemptEquivalent,1,2,
0022500055,1641707,T. Hendricks,1610612762,UTA,4,PT07M26.00S,shootingFoul2,attemptEquivalent,1,2,
0022500055,1642382,B. Carlson,1610612760,OKC,4,PT05M50.00S,andOne,addOn,1,1,615
0022500055,1642271,K. Filipowski,1610612762,UTA,4,PT05M40.00S,shootingFoul2,attemptEquivalent,1,2,
0022500057,1630557,C. Kispert,1610612764,WAS,1,PT11M26.00S,andOne,addOn,0,1,9
0022500057,203114,K. Middleton,1610612764,WAS,1,PT08M27.00S,shootingFoul2,attemptEquivalent,2,2,
0022500057,204001,K. Porziņģis,1610612737,ATL,1,PT07M12.00S,andOne,addOn,1,1,65
0022500057,1641731,B. Coulibaly,1610612764,WAS,1,PT03M55.00S,shootingFoul2,attemptEquivalent,1,2,
0022500057,1641731,B. Coulibaly,1610612764,WAS,1,PT02M52.00S,bonus,attemptEquivalent,2,2,
0022500057,1630557,C. Kispert,1610612764,WAS,1,PT01M56.00S,bonus,attemptEquivalent,2,2,
0022500057,1628379,L. Kennard,1610612737,ATL,1,PT01M11.00S,andOne,addOn,1,1,164
0022500057,204001,K. Porziņģis,1610612737,ATL,2,PT07M57.00S,shootingFoul2,attemptEquivalent,1,2,
0022500057,204001,K. Porziņģis,1610612737,ATL,2,PT07M04.00S,shootingFoul2,attemptEquivalent,2,2,
0022500057,1630557,C. Kispert,1610612764,WAS,2,PT03M53.00S,shootingFoul2,attemptEquivalent,1,2,
0022500057,1630168,O. Okongwu,1610612737,ATL,2,PT03M12.00S,shootingFoul2,attemptEquivalent,1,2,
0022500057,1630552,J. Johnson,1610612737,ATL,2,PT02M13.00S,andOne,addOn,1,1,328
0022500057,1642259,A. Sarr,1610612764,WAS,3,PT10M44.00S,shootingFoul2,attemptEquivalent,2,2,
0022500057,1641731,B. Coulibaly,1610612764,WAS,3,PT03M16.00S,shootingFoul2,attemptEquivalent,2,2,
0022500057,1642259,A. Sarr,1610612764,WAS,3,PT02M52.00S,shootingFoul2,attemptEquivalent,0,2,
0022500057,1642259,A. Sarr,1610612764,WAS,4,PT10M19.00S,shootingFoul2,attemptEquivalent,1,2,
0022500057,203468,C. McCollum,1610612764,WAS,4,PT08M50.00S,shootingFoul2,attemptEquivalent,0,2,
0022500057,204001,K. Porziņģis,1610612737,ATL,4,PT08M30.00S,shootingFoul2,attemptEquivalent,2,2,
0022500057,1642259,A. Sarr,1610612764,WAS,4,PT07M22.00S,shootingFoul2,attemptEquivalent,1,2,
0022500057,203468,C. McCollum,1610612764,WAS,4,PT05M56.00S,shootingFoul2,attemptEquivalent,2,2,
0022500057,1631243,M. Gueye,1610612737,ATL,4,PT03M26.00S,bonus,attemptEquivalent,1,2,
0022500057,1642258,Z. Risacher,1610612737,ATL,4,PT00M30.40S,bonus,attemptEquivalent,1,2,
0022500064,203497,R. Gobert,1610612750,MIN,1,PT08M35.00S,shootingFoul2,attemptEquivalent,1,2,
0022500064,203497,R. Gobert,1610612750,MIN,1,PT07M50.00S,shootingFoul2,attemptEquivalent,1,2,
0022500064,1630162,A. Edwards,1610612750,MIN,1,PT04M49.00S,shootingFoul2,attemptEquivalent,1,2,
0022500064,203944,J. Randle,1610612750,MIN,1,PT02M45.00S,shootingFoul2,attemptEquivalent,0,2,
0022500064,1630162,A. Edwards,1610612750,MIN,1,PT00M58.30S,shootingFoul2,attemptEquivalent,1,2,
0022500064,1628392,I. Hartenstein,1610612760,OKC,2,PT08M32.00S,shootingFoul2,attemptEquivalent,1,2,
0022500064,1630162,A. Edwards,1610612750,MIN,2,PT06M43.00S,shootingFoul2,attemptEquivalent,2,2,
0022500064,1631119,J. Williams,1610612760,OKC,2,PT05M49.00S,bonus,attemptEquivalent,2,2,
0022500064,203944,J. Randle,1610612750,MIN,2,PT04M43.00S,shootingFoul2,attemptEquivalent,2,2,
0022500064,1630545,T. Shannon Jr.,1610612750,MIN,2,PT04M05.00S,shootingFoul2,attemptEquivalent,1,2,
0022500064,1628983,S. Gilgeous-Alexander,1610612760,OKC,2,PT01M44.00S,shootingFoul2,attemptEquivalent,2,2,
0022500064,1628978,D. DiVincenzo,1610612750,MIN,2,PT00M23.50S,bonus,attemptEquivalent,1,2,
0022500064,1628983,S. Gilgeous-Alexander,1610612760,OKC,2,PT00M09.00S,bonus,attemptEquivalent,2,2,
0022500064,1630183,J. McDaniels,1610612750,MIN,3,PT10M16.00S,shootingFoul2,attemptEquivalent,2,2,
0022500064,1628392,I. Hartenstein,1610612760,OKC,3,PT09M09.00S,shootingFoul2,attemptEquivalent,1,2,
0022500064,203944,J. Randle,1610612750,MIN,3,PT08M23.00S,shootingFoul2,attemptEquivalent,1,2,
0022500064,1630162,A. Edwards,1610612750,MIN,3,PT06M07.00S,shootingFoul2,attemptEquivalent,2,2,
0022500064,1630162,A. Edwards,1610612750,MIN,3,PT05M05.00S,bonus,attemptEquivalent,1,2,
0022500064,203497,R. Gobert,1610612750,MIN,3,PT04M01.00S,shootingFoul2,attemptEquivalent,1,2,
0022500064,1631119,J. Williams,1610612760,OKC,3,PT03M49.00S,shootingFoul2,attemptEquivalent,2,2,
0022500064,1628983,S. Gilgeous-Alexander,1610612760,OKC,3,PT03M26.00S,shootingFoul2,attemptEquivalent,1,2,
0022500064,203944,J. Randle,1610612750,MIN,3,PT02M43.00S,awayFromPlay,addOn,1,1,
0022500064,1629675,N. Reid,1610612750,MIN,3,PT01M53.00S,bonus,attemptEquivalent,2,2,
0022500064,1642349,A. Mitchell,1610612760,OKC,3,PT01M20.00S,shootingFoul2,attemptEquivalent,1,2,
0022500064,1628392,I. Hartenstein,1610612760,OKC,3,PT00M00.70S,shootingFoul2,attemptEquivalent,1,2,
0022500064,1642349,A. Mitchell,1610612760,OKC,4,PT11M01.00S,shootingFoul2,attemptEquivalent,1,2,
0022500064,1642265,R. Dillingham,1610612750,MIN,4,PT08M10.00S,shootingFoul2,attemptEquivalent,1,2,
0022500064,1627936,A. Caruso,1610612760,OKC,4,PT07M34.00S,flagrant,addOn,2,2,
0022500064,1642349,A. Mitchell,1610612760,OKC,4,PT06M00.00S,shootingFoul2,attemptEquivalent,1,2,
0022500064,1628983,S. Gilgeous-Alexander,1610612760,OKC,4,PT05M10.00S,bonus,attemptEquivalent,2,2,
0022500064,1628983,S. Gilgeous-Alexander,1610612760,OKC,4,PT04M35.00S,shootingFoul2,attemptEquivalent,2,2,
0022500064,1628983,S. Gilgeous-Alexander,1610612760,OKC,4,PT03M54.00S,shootingFoul2,attemptEquivalent,2,2,
0022500064,203497,R. Gobert,1610612750,MIN,4,PT01M18.00S,bonus,attemptEquivalent,0,2,
0022500064,1631096,C. Holmgren,1610612760,OKC,4,PT01M15.00S,bonus,attemptEquivalent,2,2,
0022500064,1628983,S. Gilgeous-Alexander,1610612760,OKC,4,PT00M26.80S,bonus,attemptEquivalent,1,2,
0022500064,1628983,S. Gilgeous-Alexander,1610612760,OKC,4,PT00M24.90S,bonus,attemptEquivalent,2,2,
0022500064,1630162,A. Edwards,1610612750,MIN,4,PT00M17.90S,shootingFoul2,attemptEquivalent,1,2,
0022500068,1628415,D. Brooks,1610612756,PHX,1,PT10M42.00S,shootingFoul2,attemptEquivalent,2,2,
0022500068,1631099,K. Murray,1610612758,SAC,1,PT09M28.00S,shootingFoul2,attemptEquivalent,2,2,
0022500068,1631221,C. Gillespie,1610612756,PHX,1,PT09M19.00S,andOne,addOn,1,1,34
0022500068,1631099,K. Murray,1610612758,SAC,1,PT04M03.00S,shootingFoul2,attemptEquivalent,1,2,
0022500068,1626164,D. Booker,1610612756,PHX,1,PT03M07.00S,shootingFoul2,attemptEquivalent,2,2,
0022500068,1626164,D. Booker,1610612756,PHX,1,PT02M18.00S,shootingFoul2,attemptEquivalent,2,2,
0022500068,203897,Z. LaVine,1610612758,SAC,2,PT08M10.00S,shootingFoul2,attemptEquivalent,2,2,
0022500068,1630208,N. Richards,1610612756,PHX,2,PT07M59.00S,andOne,addOn,1,1,217
0022500068,1626164,D. Booker,1610612756,PHX,2,PT01M17.00S,shootingFoul2,attemptEquivalent,1,2,
0022500068,1628415,D. Brooks,1610612756,PHX,2,PT00M59.70S,bonus,attemptEquivalent,2,2,
0022500068,1631109,M. Williams,1610612756,PHX,3,PT09M01.00S,andOne,addOn,1,1,399
0022500068,1642345,O. Ighodaro,1610612756,PHX,3,PT05M58.00S,shootingFoul2,attemptEquivalent,0,2,
0022500068,1642345,O. Ighodaro,1610612756,PHX,3,PT03M47.00S,andOne,addOn,0,1,464
0022500068,1631109,M. Williams,1610612756,PHX,3,PT00M27.50S,shootingFoul2,attemptEquivalent,1,2,
0022500068,1630173,P. Achiuwa,1610612758,SAC,4,PT09M31.00S,andOne,addOn,1,1,564
0022500068,1631109,M. Williams,1610612756,PHX,4,PT08M19.00S,shootingFoul2,attemptEquivalent,1,2,
0022500068,201942,D. DeRozan,1610612758,SAC,4,PT08M00.00S,shootingFoul2,attemptEquivalent,2,2,
0022500068,1630173,P. Achiuwa,1610612758,SAC,4,PT01M07.00S,andOne,addOn,0,1,676
0022500069,1628378,D. Mitchell,1610612739,CLE,1,PT11M44.00S,shootingFoul2,attemptEquivalent,2,2,
0022500069,1628378,D. Mitchell,1610612739,CLE,1,PT11M03.00S,shootingFoul2,attemptEquivalent,2,2,
0022500069,1629638,N. Alexander-Walker,1610612737,ATL,1,PT08M52.00S,shootingFoul2,attemptEquivalent,2,2,
0022500069,1631243,M. Gueye,1610612737,ATL,1,PT01M44.00S,shootingFoul2,attemptEquivalent,2,2,
0022500069,1630552,J. Johnson,1610612737,ATL,2,PT06M50.00S,shootingFoul2,attemptEquivalent,1,2,
0022500069,1642281,J. Tyson,1610612739,CLE,2,PT03M58.00S,shootingFoul2,attemptEquivalent,1,2,
0022500069,1629636,D. Garland,1610612739,CLE,2,PT03M18.00S,shootingFoul2,attemptEquivalent,2,2,
0022500069,1642258,Z. Risacher,1610612737,ATL,2,PT02M22.00S,shootingFoul2,attemptEquivalent,2,2,
0022500069,1629631,D. Hunter,1610612739,CLE,2,PT00M31.60S,shootingFoul2,attemptEquivalent,2,2,
0022500069,1630552,J. Johnson,1610612737,ATL,3,PT11M48.00S,shootingFoul2,attemptEquivalent,1,2,
0022500069,1629638,N. Alexander-Walker,1610612737,ATL,3,PT10M17.00S,shootingFoul3,attemptEquivalent,3,3,
0022500069,1628386,J. Allen,1610612739,CLE,3,PT07M35.00S,shootingFoul2,attemptEquivalent,2,2,
0022500069,1642281,J. Tyson,1610612739,CLE,3,PT05M38.00S,shootingFoul2,attemptEquivalent,1,2,
0022500069,1630552,J. Johnson,1610612737,ATL,3,PT01M25.00S,shootingFoul2,attemptEquivalent,1,2,
0022500069,1630249,V. Krejčí,1610612737,ATL,3,PT00M31.30S,bonus,attemptEquivalent,1,2,
0022500069,1629731,D. Wade,1610612739,CLE,3,PT00M11.90S,shootingFoul2,attemptEquivalent,2,2,
0022500069,1630596,E. Mobley,1610612739,CLE,4,PT07M56.00S,shootingFoul2,attemptEquivalent,2,2,
0022500069,1630596,E. Mobley,1610612739,CLE,4,PT07M06.00S,andOne,addOn,1,1,609
0022500069,1630168,O. Okongwu,1610612737,ATL,4,PT04M45.00S,andOne,addOn,0,1,633
0022500069,1630552,J. Johnson,1610612737,ATL,4,PT02M38.00S,shootingFoul2,attemptEquivalent,2,2,
0022500069,1630552,J. Johnson,1610612737,ATL,4,PT02M13.00S,shootingFoul2,attemptEquivalent,2,2,
0022500069,1630552,J. Johnson,1610612737,ATL,4,PT00M41.40S,bonus,attemptEquivalent,1,2,
0022500069,1630700,D. Daniels,1610612737,ATL,4,PT00M29.70S,bonus,attemptEquivalent,0,2,
0022500073,1641731,B. Coulibaly,1610612764,WAS,1,PT10M13.00S,shootingFoul2,attemptEquivalent,1,2,
0022500073,1642259,A. Sarr,1610612764,WAS,1,PT06M03.00S,shootingFoul2,attemptEquivalent,0,2,
0022500073,1642259,A. Sarr,1610612764,WAS,1,PT04M25.00S,shootingFoul2,attemptEquivalent,1,2,
0022500073,1641716,J. Walker,1610612754,IND,1,PT04M09.00S,shootingFoul2,attemptEquivalent,1,2,
0022500073,1641774,T. Vukcevic,1610612764,WAS,1,PT01M26.00S,bonus,attemptEquivalent,2,2,
0022500073,1641774,T. Vukcevic,1610612764,WAS,1,PT01M06.00S,shootingFoul2,attemptEquivalent,1,2,
0022500073,1627783,P. Siakam,1610612754,IND,1,PT00M48.30S,bonus,attemptEquivalent,1,2,
0022500073,1642259,A. Sarr,1610612764,WAS,2,PT08M16.00S,shootingFoul2,attemptEquivalent,2,2,
0022500073,1642259,A. Sarr,1610612764,WAS,2,PT01M05.00S,shootingFoul2,attemptEquivalent,2,2,
0022500073,1631097,B. Mathurin,1610612754,IND,2,PT00M51.80S,andOne,addOn,1,1,347
0022500073,1641716,J. Walker,1610612754,IND,3,PT10M45.00S,andOne,addOn,1,1,374
0022500073,1642259,A. Sarr,1610612764,WAS,3,PT10M06.00S,shootingFoul2,attemptEquivalent,1,2,
0022500073,1641716,J. Walker,1610612754,IND,3,PT08M04.00S,shootingFoul2,attemptEquivalent,2,2,
0022500073,1641715,C. Whitmore,1610612764,WAS,3,PT02M49.00S,shootingFoul2,attemptEquivalent,2,2,
0022500073,1629726,G. Mathews,1610612754,IND,4,PT10M02.00S,shootingFoul3,attemptEquivalent,3,3,
0022500073,1642259,A. Sarr,1610612764,WAS,4,PT06M45.00S,shootingFoul2,attemptEquivalent,1,2,
0022500073,1628396,T. Bradley,1610612754,IND,4,PT03M18.00S,shootingFoul2,attemptEquivalent,1,2,
0022500075,1628983,S. Gilgeous-Alexander,1610612760,OKC,1,PT09M42.00S,shootingFoul2,attemptEquivalent,2,2,
0022500075,1626164,D. Booker,1610612756,PHX,1,PT09M08.00S,shootingFoul2,attemptEquivalent,2,2,
0022500075,1631096,C. Holmgren,1610612760,OKC,1,PT08M01.00S,shootingFoul2,attemptEquivalent,2,2,
0022500075,1631109,M. Williams,1610612756,PHX,1,PT06M16.00S,shootingFoul2,attemptEquivalent,2,2,
0022500075,1626164,D. Booker,1610612756,PHX,1,PT04M42.00S,andOne,addOn,1,1,94
0022500075,1630692,J. Goodwin,1610612756,PHX,1,PT04M10.00S,bonus,attemptEquivalent,1,2,
0022500075,1630692,J. Goodwin,1610612756,PHX,1,PT00M01.50S,bonus,attemptEquivalent,2,2,
0022500075,1642345,O. Ighodaro,1610612756,PHX,2,PT11M47.00S,andOne,addOn,0,1,186
0022500075,1631114,J. Williams,1610612760,OKC,2,PT06M09.00S,shootingFoul2,attemptEquivalent,2,2,
0022500075,1628983,S. Gilgeous-Alexander,1610612760,OKC,2,PT01M53.00S,andOne,addOn,0,1,317
0022500075,1626164,D. Booker,1610612756,PHX,2,PT01M34.00S,shootingFoul2,attemptEquivalent,0,2,
0022500075,1628983,S. Gilgeous-Alexander,1610612760,OKC,2,PT01M29.00S,bonus,attemptEquivalent,1,2,
0022500075,1628983,S. Gilgeous-Alexander,1610612760,OKC,2,PT01M09.00S,andOne,addOn,1,1,344
0022500075,1628983,S. Gilgeous-Alexander,1610612760,OKC,3,PT09M45.00S,shootingFoul2,attemptEquivalent,2,2,
0022500075,1631096,C. Holmgren,1610612760,OKC,3,PT08M43.00S,shootingFoul2,attemptEquivalent,2,2,
0022500075,1631114,J. Williams,1610612760,OKC,3,PT07M34.00S,shootingFoul2,attemptEquivalent,2,2,
0022500075,1628983,S. Gilgeous-Alexander,1610612760,OKC,3,PT05M48.00S,shootingFoul2,attemptEquivalent,1,2,
0022500075,1626164,D. Booker,1610612756,PHX,3,PT05M32.00S,andOne,addOn,1,1,440
0022500075,1628983,S. Gilgeous-Alexander,1610612760,OKC,3,PT02M44.00S,bonus,attemptEquivalent,2,2,
0022500075,1626164,D. Booker,1610612756,PHX,3,PT01M44.00S,andOne,addOn,1,1,494
0022500075,1628415,D. Brooks,1610612756,PHX,3,PT00M55.40S,shootingFoul3,attemptEquivalent,3,3,
0022500075,1628415,D. Brooks,1610612756,PHX,4,PT10M50.00S,shootingFoul2,attemptEquivalent,2,2,
0022500075,1631109,M. Williams,1610612756,PHX,4,PT09M28.00S,andOne,addOn,1,1,556
0022500075,1626164,D. Booker,1610612756,PHX,4,PT06M57.00S,shootingFoul2,attemptEquivalent,2,2,
0022500075,1626164,D. Booker,1610612756,PHX,4,PT05M32.00S,bonus,attemptEquivalent,2,2,
0022500075,1631119,J. Williams,1610612760,OKC,4,PT03M19.00S,andOne,addOn,1,1,648
0022500075,1628983,S. Gilgeous-Alexander,1610612760,OKC,4,PT02M40.00S,andOne,addOn,1,1,659
0022500075,1628983,S. Gilgeous-Alexander,1610612760,OKC,4,PT01M26.00S,shootingFoul2,attemptEquivalent,2,2,
0022500075,1631096,C. Holmgren,1610612760,OKC,4,PT00M20.20S,bonus,attemptEquivalent,1,2,
0022500075,1628983,S. Gilgeous-Alexander,1610612760,OKC,4,PT00M04.70S,bonus,attemptEquivalent,2,2,
0022500077,201566,R. Westbrook,1610612758,SAC,1,PT10M49.00S,andOne,addOn,1,1,14
0022500077,203897,Z. LaVine,1610612758,SAC,1,PT08M18.00S,shootingFoul2,attemptEquivalent,1,2,
0022500077,1631099,K. Murray,1610612758,SAC,1,PT08M06.00S,shootingFoul2,attemptEquivalent,2,2,
0022500077,1641718,K. George,1610612762,UTA,1,PT06M51.00S,andOne,addOn,1,1,76
0022500077,1630173,P. Achiuwa,1610612758,SAC,1,PT04M21.00S,bonus,attemptEquivalent,0,2,
0022500077,1641729,B. Sensabaugh,1610612762,UTA,1,PT04M04.00S,shootingFoul2,attemptEquivalent,1,2,
0022500077,1631165,K. Ellis,1610612758,SAC,1,PT01M42.00S,bonus,attemptEquivalent,1,2,
0022500077,1628374,L. Markkanen,1610612762,UTA,1,PT01M31.00S,andOne,addOn,1,1,171
0022500077,1631165,K. Ellis,1610612758,SAC,1,PT01M13.00S,bonus,attemptEquivalent,1,2,
0022500077,1628374,L. Markkanen,1610612762,UTA,2,PT10M45.00S,shootingFoul2,attemptEquivalent,2,2,
0022500077,1642875,M. Raynaud,1610612758,SAC,2,PT07M48.00S,shootingFoul2,attemptEquivalent,1,2,
0022500077,203897,Z. LaVine,1610612758,SAC,2,PT06M22.00S,andOne,addOn,0,1,270
0022500077,1631099,K. Murray,1610612758,SAC,2,PT05M22.00S,shootingFoul2,attemptEquivalent,2,2,
0022500077,1642268,I. Collier,1610612762,UTA,2,PT04M19.00S,shootingFoul2,attemptEquivalent,2,2,
0022500077,1641718,K. George,1610612762,UTA,2,PT01M42.00S,shootingFoul2,attemptEquivalent,0,2,
0022500077,203897,Z. LaVine,1610612758,SAC,3,PT10M24.00S,shootingFoul2,attemptEquivalent,2,2,
0022500077,201942,D. DeRozan,1610612758,SAC,3,PT09M38.00S,shootingFoul2,attemptEquivalent,2,2,
0022500077,203994,J. Nurkić,1610612762,UTA,3,PT08M41.00S,shootingFoul2,attemptEquivalent,1,2,
0022500077,203897,Z. LaVine,1610612758,SAC,3,PT07M51.00S,shootingFoul2,attemptEquivalent,2,2,
0022500077,201566,R. Westbrook,1610612758,SAC,3,PT05M31.00S,shootingFoul2,attemptEquivalent,1,2,
0022500077,201567,K. Love,1610612762,UTA,3,PT04M15.00S,shootingFoul2,attemptEquivalent,1,2,
0022500077,201942,D. DeRozan,1610612758,SAC,3,PT03M01.00S,andOne,addOn,1,1,474
0022500077,1641729,B. Sensabaugh,1610612762,UTA,3,PT02M44.00S,shootingFoul2,attemptEquivalent,1,2,
0022500077,1642271,K. Filipowski,1610612762,UTA,3,PT01M35.00S,flagrant,addOn,3,3,
0022500077,1641729,B. Sensabaugh,1610612762,UTA,3,PT01M31.00S,shootingFoul2,attemptEquivalent,2,2,
0022500077,1628374,L. Markkanen,1610612762,UTA,4,PT11M10.00S,andOne,addOn,1,1,546
0022500077,201942,D. DeRozan,1610612758,SAC,4,PT10M17.00S,shootingFoul2,attemptEquivalent,2,2,
0022500077,1641729,B. Sensabaugh,1610612762,UTA,4,PT09M33.00S,shootingFoul2,attemptEquivalent,2,2,
0022500077,1628374,L. Markkanen,1610612762,UTA,4,PT07M35.00S,shootingFoul2,attemptEquivalent,2,2,
0022500077,1642268,I. Collier,1610612762,UTA,4,PT05M31.00S,shootingFoul2,attemptEquivalent,0,2,
0022500077,1641718,K. George,1610612762,UTA,4,PT04M24.00S,bonus,attemptEquivalent,2,2,
0022500077,203897,Z. LaVine,1610612758,SAC,4,PT01M48.00S,bonus,attemptEquivalent,1,2,
0022500077,1642875,M. Raynaud,1610612758,SAC,4,PT01M22.00S,shootingFoul2,attemptEquivalent,2,2,
0022500077,1642268,I. Collier,1610612762,UTA,4,PT00M43.00S,bonus,attemptEquivalent,1,2,
0022500077,1641718,K. George,1610612762,UTA,4,PT00M35.30S,bonus,attemptEquivalent,2,2,
0022500077,1642268,I. Collier,1610612762,UTA,4,PT00M23.80S,bonus,attemptEquivalent,2,2,
0022500077,1642875,M. Raynaud,1610612758,SAC,4,PT00M19.00S,andOne,addOn,1,1,699
0022500077,1628374,L. Markkanen,1610612762,UTA,4,PT00M10.60S,bonus,attemptEquivalent,2,2,
0022500077,1641718,K. George,1610612762,UTA,4,PT00M03.80S,bonus,attemptEquivalent,2,2,
0022500086,1629645,K. Porter Jr.,1610612749,MIL,1,PT06M36.00S,shootingFoul2,attemptEquivalent,2,2,
0022500086,203114,K. Middleton,1610612764,WAS,1,PT06M00.00S,shootingFoul3,attemptEquivalent,2,3,
0022500086,1642273,K. George,1610612764,WAS,1,PT01M24.00S,shootingFoul2,attemptEquivalent,0,2,
0022500086,1642273,K. George,1610612764,WAS,1,PT01M05.00S,bonus,attemptEquivalent,1,2,
0022500086,1642273,K. George,1610612764,WAS,1,PT00M08.80S,shootingFoul2,attemptEquivalent,1,2,
0022500086,1628398,K. Kuzma,1610612749,MIL,2,PT11M04.00S,shootingFoul2,attemptEquivalent,2,2,
0022500086,1628963,M. Bagley III,1610612764,WAS,2,PT05M57.00S,shootingFoul2,attemptEquivalent,1,2,
0022500086,203507,G. Antetokounmpo,1610612749,MIL,2,PT05M22.00S,shootingFoul2,attemptEquivalent,1,2,
0022500086,203468,C. McCollum,1610612764,WAS,2,PT05M13.00S,andOne,addOn,1,1,281
0022500086,203507,G. Antetokounmpo,1610612749,MIL,2,PT04M00.00S,andOne,addOn,0,1,297
0022500086,1631157,R. Rollins,1610612749,MIL,2,PT03M55.00S,shootingFoul2,attemptEquivalent,2,2,
0022500086,1641715,C. Whitmore,1610612764,WAS,3,PT04M42.00S,andOne,addOn,1,1,452
0022500086,1642848,T. Johnson,1610612764,WAS,3,PT04M28.00S,shootingFoul2,attemptEquivalent,2,2,
0022500086,203507,G. Antetokounmpo,1610612749,MIL,3,PT04M05.00S,andOne,addOn,0,1,473
0022500086,1642273,K. George,1610612764,WAS,3,PT03M53.00S,bonus,attemptEquivalent,2,2,
0022500086,1626167,M. Turner,1610612749,MIL,3,PT03M37.00S,shootingFoul2,attemptEquivalent,1,2,
0022500086,203507,G. Antetokounmpo,1610612749,MIL,4,PT07M15.00S,andOne,addOn,1,1,592
0022500086,1642259,A. Sarr,1610612764,WAS,4,PT04M24.00S,shootingFoul2,attemptEquivalent,0,2,
0022500086,203507,G. Antetokounmpo,1610612749,MIL,4,PT04M13.00S,flagrant,addOn,2,2,
0022500086,1631157,R. Rollins,1610612749,MIL,4,PT01M42.00S,bonus,attemptEquivalent,2,2,
0022500086,1630579,J. Sims,1610612749,MIL,4,PT00M44.50S,bonus,attemptEquivalent,2,2,
0022500087,1631117,W. Kessler,1610612762,UTA,1,PT10M05.00S,shootingFoul2,attemptEquivalent,1,2,
0022500087,1641729,B. Sensabaugh,1610612762,UTA,1,PT04M02.00S,shootingFoul2,attemptEquivalent,2,2,
0022500087,1642383,W. Clayton Jr.,1610612762,UTA,1,PT03M15.00S,andOne,addOn,1,1,114
0022500087,1641707,T. Hendricks,1610612762,UTA,1,PT02M37.00S,shootingFoul2,attemptEquivalent,2,2,
0022500087,1641707,T. Hendricks,1610612762,UTA,1,PT01M43.00S,bonus,attemptEquivalent,1,2,
0022500087,201935,J. Harden,1610612746,LAC,2,PT07M54.00S,shootingFoul2,attemptEquivalent,1,2,
0022500087,1641718,K. George,1610612762,UTA,2,PT04M20.00S,shootingFoul2,attemptEquivalent,2,2,
0022500087,1627826,I. Zubac,1610612746,LAC,2,PT02M51.00S,andOne,addOn,1,1,289
0022500087,1641718,K. George,1610612762,UTA,2,PT01M59.00S,shootingFoul2,attemptEquivalent,1,2,
0022500087,1631117,W. Kessler,1610612762,UTA,3,PT09M52.00S,shootingFoul2,attemptEquivalent,2,2,
0022500087,1631117,W. Kessler,1610612762,UTA,3,PT06M32.00S,shootingFoul2,attemptEquivalent,1,2,
0022500087,1627884,D. Jones Jr.,1610612746,LAC,3,PT05M34.00S,andOne,addOn,1,1,413
0022500087,1627884,D. Jones Jr.,1610612746,LAC,3,PT05M12.00S,andOne,addOn,0,1,425
0022500087,201935,J. Harden,1610612746,LAC,3,PT01M50.00S,shootingFoul2,attemptEquivalent,2,2,
0022500087,202695,K. Leonard,1610612746,LAC,3,PT00M48.20S,shootingFoul2,attemptEquivalent,2,2,
0022500087,1628381,J. Collins,1610612746,LAC,4,PT10M41.00S,shootingFoul2,attemptEquivalent,1,2,
0022500087,1631117,W. Kessler,1610612762,UTA,4,PT07M36.00S,shootingFoul2,attemptEquivalent,2,2,
0022500087,1641729,B. Sensabaugh,1610612762,UTA,4,PT03M51.00S,andOne,addOn,1,1,617
0022500087,1642949,Y. Niederhäuser,1610612746,LAC,4,PT03M26.00S,shootingFoul2,attemptEquivalent,0,2,
0022500087,1642949,Y. Niederhäuser,1610612746,LAC,4,PT02M24.00S,bonus,attemptEquivalent,2,2,
0022500087,1641738,K. Brown,1610612746,LAC,4,PT00M55.50S,shootingFoul2,attemptEquivalent,2,2,
0022500087,1642353,C. Christie,1610612746,LAC,4,PT00M14.40S,shootingFoul2,attemptEquivalent,2,2,
0022500088,1642346,R. Dunn,1610612756,PHX,1,PT11M07.00S,shootingFoul2,attemptEquivalent,0,2,
0022500088,201942,D. DeRozan,1610612758,SAC,1,PT10M12.00S,andOne,addOn,0,1,29
0022500088,1629234,D. Eubanks,1610612758,SAC,1,PT07M45.00S,shootingFoul2,attemptEquivalent,1,2,
0022500088,201942,D. DeRozan,1610612758,SAC,1,PT06M37.00S,andOne,addOn,1,1,83
0022500088,1626220,R. O'Neale,1610612756,PHX,1,PT00M28.40S,shootingFoul2,attemptEquivalent,1,2,
0022500088,201942,D. DeRozan,1610612758,SAC,2,PT10M17.00S,shootingFoul2,attemptEquivalent,1,2,
0022500088,201566,R. Westbrook,1610612758,SAC,2,PT09M15.00S,andOne,addOn,1,1,228
0022500088,1630208,N. Richards,1610612756,PHX,2,PT08M43.00S,shootingFoul2,attemptEquivalent,2,2,
0022500088,1626164,D. Booker,1610612756,PHX,2,PT06M28.00S,andOne,addOn,0,1,275
0022500088,1626164,D. Booker,1610612756,PHX,2,PT06M12.00S,andOne,addOn,0,1,282
0022500088,1626164,D. Booker,1610612756,PHX,2,PT05M51.00S,andOne,addOn,0,1,292
0022500088,203897,Z. LaVine,1610612758,SAC,2,PT05M39.00S,shootingFoul2,attemptEquivalent,2,2,
0022500088,1626164,D. Booker,1610612756,PHX,2,PT04M18.00S,bonus,attemptEquivalent,2,2,
0022500088,1626164,D. Booker,1610612756,PHX,2,PT03M45.00S,shootingFoul2,attemptEquivalent,2,2,
0022500088,203897,Z. LaVine,1610612758,SAC,3,PT09M19.00S,andOne,addOn,0,1,408
0022500088,1642345,O. Ighodaro,1610612756,PHX,3,PT08M37.00S,andOne,addOn,1,1,418
0022500088,1626164,D. Booker,1610612756,PHX,3,PT05M59.00S,shootingFoul2,attemptEquivalent,1,2,
0022500088,201566,R. Westbrook,1610612758,SAC,3,PT02M01.00S,shootingFoul2,attemptEquivalent,1,2,
0022500088,1628960,G. Allen,1610612756,PHX,3,PT00M28.70S,andOne,addOn,1,1,527
0022500088,201942,D. DeRozan,1610612758,SAC,3,PT00M04.90S,bonus,attemptEquivalent,1,2,
0022500088,1629234,D. Eubanks,1610612758,SAC,4,PT08M07.00S,shootingFoul2,attemptEquivalent,1,2,
0022500088,201942,D. DeRozan,1610612758,SAC,4,PT03M36.00S,andOne,addOn,0,1,673
0022500088,1628960,G. Allen,1610612756,PHX,4,PT03M21.00S,shootingFoul2,attemptEquivalent,2,2,
0022500088,1628370,M. Monk,1610612758,SAC,4,PT01M54.00S,shootingFoul2,attemptEquivalent,2,2,
0022500088,1628415,D. Brooks,1610612756,PHX,4,PT01M03.00S,shootingFoul3,attemptEquivalent,3,3,
0022500088,201942,D. DeRozan,1610612758,SAC,4,PT00M56.70S,shootingFoul2,attemptEquivalent,1,2,
0022500088,1626164,D. Booker,1610612756,PHX,4,PT00M25.00S,bonus,attemptEquivalent,1,2,
0022500088,1626164,D. Booker,1610612756,PHX,4,PT00M17.80S,bonus,attemptEquivalent,2,2,
0022500088,1642928,D. Cardwell,1610612758,SAC,4,PT00M10.10S,bonus,attemptEquivalent,1,2,
0022500088,1626164,D. Booker,1610612756,PHX,4,PT00M08.50S,bonus,attemptEquivalent,2,2,
0022500091,1630596,E. Mobley,1610612739,CLE,1,PT09M50.00S,shootingFoul2,attemptEquivalent,2,2,
0022500091,1628366,L. Ball,1610612739,CLE,1,PT02M05.00S,shootingFoul2,attemptEquivalent,2,2,
0022500091,1628386,J. Allen,1610612739,CLE,1,PT00M10.30S,bonus,attemptEquivalent,0,2,
0022500091,1628378,D. Mitchell,1610612739,CLE,2,PT07M56.00S,shootingFoul3,attemptEquivalent,3,3,
0022500091,1630533,Z. Williams,1610612751,BKN,2,PT07M35.00S,andOne,addOn,1,1,236
0022500091,1630560,C. Thomas,1610612751,BKN,2,PT06M54.00S,shootingFoul2,attemptEquivalent,2,2,
0022500091,1630560,C. Thomas,1610612751,BKN,2,PT06M08.00S,shootingFoul2,attemptEquivalent,2,2,
0022500091,1626204,L. Nance Jr.,1610612739,CLE,2,PT05M30.00S,andOne,addOn,0,1,271
0022500091,1626204,L. Nance Jr.,1610612739,CLE,2,PT04M11.00S,shootingFoul2,attemptEquivalent,1,2,
0022500091,1628386,J. Allen,1610612739,CLE,2,PT02M41.00S,bonus,attemptEquivalent,1,2,
0022500091,1628386,J. Allen,1610612739,CLE,2,PT01M14.00S,bonus,attemptEquivalent,2,2,
0022500091,1628386,J. Allen,1610612739,CLE,3,PT09M50.00S,andOne,addOn,1,1,384
0022500091,1630560,C. Thomas,1610612751,BKN,3,PT06M45.00S,andOne,addOn,1,1,422
0022500091,1629731,D. Wade,1610612739,CLE,3,PT00M08.20S,andOne,addOn,1,1,511
0022500091,1628378,D. Mitchell,1610612739,CLE,4,PT09M15.00S,shootingFoul3,attemptEquivalent,3,3,
0022500091,1630560,C. Thomas,1610612751,BKN,4,PT06M06.00S,andOne,addOn,1,1,608
0022500091,1628378,D. Mitchell,1610612739,CLE,4,PT02M59.00S,shootingFoul2,attemptEquivalent,1,2,
0022500091,1628386,J. Allen,1610612739,CLE,4,PT01M45.00S,bonus,attemptEquivalent,2,2,
0022500091,1630596,E. Mobley,1610612739,CLE,4,PT01M04.00S,shootingFoul2,attemptEquivalent,0,2,
0022500091,1628378,D. Mitchell,1610612739,CLE,4,PT00M38.80S,bonus,attemptEquivalent,1,2,
0022500091,1630241,S. Merrill,1610612739,CLE,4,PT00M07.10S,bonus,attemptEquivalent,2,2,
0022500091,1630241,S. Merrill,1610612739,CLE,4,PT00M04.30S,bonus,attemptEquivalent,2,2,
0022500096,1642267,B. Carrington,1610612764,WAS,1,PT09M02.00S,shootingFoul3,attemptEquivalent,1,3,
0022500096,1626156,D. Russell,1610612742,DAL,1,PT06M13.00S,shootingFoul2,attemptEquivalent,1,2,
0022500096,203076,A. Davis,1610612742,DAL,1,PT04M24.00S,awayFromPlay,addOn,1,1,
0022500096,1642273,K. George,1610612764,WAS,1,PT02M19.00S,andOne,addOn,1,1,140
0022500096,1630230,N. Marshall,1610612742,DAL,1,PT00M35.40S,shootingFoul3,attemptEquivalent,3,3,
0022500096,203076,A. Davis,1610612742,DAL,2,PT07M40.00S,shootingFoul2,attemptEquivalent,2,2,
0022500096,1641774,T. Vukcevic,1610612764,WAS,2,PT06M42.00S,awayFromPlay,addOn,0,1,
0022500096,1642860,W. Riley,1610612764,WAS,2,PT04M43.00S,shootingFoul2,attemptEquivalent,2,2,
0022500096,1642860,W. Riley,1610612764,WAS,2,PT04M09.00S,shootingFoul2,attemptEquivalent,1,2,
0022500096,202691,K. Thompson,1610612742,DAL,3,PT08M56.00S,flagrant,addOn,2,2,
0022500096,1642273,K. George,1610612764,WAS,3,PT08M27.00S,shootingFoul2,attemptEquivalent,2,2,
0022500096,1642259,A. Sarr,1610612764,WAS,3,PT05M20.00S,shootingFoul2,attemptEquivalent,2,2,
0022500096,203468,C. McCollum,1610612764,WAS,3,PT04M50.00S,shootingFoul2,attemptEquivalent,1,2,
0022500096,1628963,M. Bagley III,1610612764,WAS,3,PT04M18.00S,shootingFoul2,attemptEquivalent,1,2,
0022500096,203076,A. Davis,1610612742,DAL,3,PT02M29.00S,shootingFoul2,attemptEquivalent,2,2,
0022500096,1641715,C. Whitmore,1610612764,WAS,3,PT00M56.80S,bonus,attemptEquivalent,2,2,
0022500096,1642843,C. Flagg,1610612742,DAL,4,PT10M18.00S,shootingFoul2,attemptEquivalent,2,2,
0022500096,1629023,P. Washington,1610612742,DAL,4,PT08M25.00S,andOne,addOn,0,1,591
0022500096,1630702,J. Hardy,1610612742,DAL,4,PT07M51.00S,shootingFoul2,attemptEquivalent,1,2,
0022500096,1642267,B. Carrington,1610612764,WAS,4,PT07M39.00S,shootingFoul3,attemptEquivalent,3,3,
0022500096,203076,A. Davis,1610612742,DAL,4,PT07M21.00S,shootingFoul2,attemptEquivalent,2,2,
0022500096,1642843,C. Flagg,1610612742,DAL,4,PT07M03.00S,shootingFoul2,attemptEquivalent,2,2,
0022500096,1630557,C. Kispert,1610612764,WAS,4,PT06M34.00S,andOne,addOn,0,1,632
0022500096,203076,A. Davis,1610612742,DAL,4,PT05M16.00S,shootingFoul2,attemptEquivalent,0,2,
0022500096,203114,K. Middleton,1610612764,WAS,4,PT04M27.00S,awayFromPlay,addOn,0,1,
0022500096,203076,A. Davis,1610612742,DAL,4,PT02M24.00S,shootingFoul2,attemptEquivalent,1,2,
0022500096,1642273,K. George,1610612764,WAS,4,PT01M03.00S,bonus,attemptEquivalent,2,2,
0022500096,1642259,A. Sarr,1610612764,WAS,4,PT00M43.00S,bonus,attemptEquivalent,2,2,
0022500098,1628374,L. Markkanen,1610612762,UTA,1,PT10M19.00S,shootingFoul2,attemptEquivalent,2,2,
0022500098,203967,D. Šarić,1610612758,SAC,1,PT08M01.00S,shootingFoul2,attemptEquivalent,2,2,
0022500098,203897,Z. LaVine,1610612758,SAC,1,PT03M53.00S,shootingFoul2,attemptEquivalent,2,2,
0022500098,203897,Z. LaVine,1610612758,SAC,1,PT02M58.00S,andOne,addOn,1,1,127
0022500098,1628374,L. Markkanen,1610612762,UTA,1,PT00M32.80S,bonus,attemptEquivalent,1,1,
0022500098,1629004,S. Mykhailiuk,1610612762,UTA,2,PT02M03.00S,andOne,addOn,1,1,322
0022500098,1641718,K. George,1610612762,UTA,3,PT10M50.00S,shootingFoul3,attemptEquivalent,3,3,
0022500098,203897,Z. LaVine,1610612758,SAC,3,PT07M42.00S,shootingFoul2,attemptEquivalent,2,2,
0022500098,203897,Z. LaVine,1610612758,SAC,3,PT04M50.00S,shootingFoul2,attemptEquivalent,2,2,
0022500098,1642383,W. Clayton Jr.,1610612762,UTA,3,PT02M21.00S,andOne,addOn,1,1,473
0022500098,1631165,K. Ellis,1610612758,SAC,4,PT10M58.00S,shootingFoul2,attemptEquivalent,1,2,
0022500098,1641718,K. George,1610612762,UTA,4,PT08M57.00S,shootingFoul2,attemptEquivalent,2,2,
0022500098,1631117,W. Kessler,1610612762,UTA,4,PT06M09.00S,shootingFoul2,attemptEquivalent,1,2,
0022500098,1629234,D. Eubanks,1610612758,SAC,4,PT05M56.00S,shootingFoul2,attemptEquivalent,0,2,
0022500098,1641718,K. George,1610612762,UTA,4,PT01M56.00S,shootingFoul2,attemptEquivalent,2,2,
0022500098,1628374,L. Markkanen,1610612762,UTA,4,PT00M28.10S,bonus,attemptEquivalent,2,2,
0022500098,1627734,D. Sabonis,1610612758,SAC,4,PT00M06.40S,andOne,addOn,0,1,663
0022500101,1631096,C. Holmgren,1610612760,OKC,1,PT07M08.00S,shootingFoul2,attemptEquivalent,2,2,
0022500101,1629027,T. Young,1610612737,ATL,1,PT01M01.00S,bonus,attemptEquivalent,2,2,
0022500101,1630249,V. Krejčí,1610612737,ATL,2,PT10M32.00S,shootingFoul3,attemptEquivalent,2,3,
0022500101,1630700,D. Daniels,1610612737,ATL,2,PT10M12.00S,shootingFoul2,attemptEquivalent,1,2,
0022500101,1628983,S. Gilgeous-Alexander,1610612760,OKC,2,PT08M46.00S,andOne,addOn,1,1,205
0022500101,1631243,M. Gueye,1610612737,ATL,2,PT04M51.00S,shootingFoul2,attemptEquivalent,1,2,
0022500101,1631243,M. Gueye,1610612737,ATL,2,PT04M01.00S,andOne,addOn,0,1,286
0022500101,1629027,T. Young,1610612737,ATL,2,PT02M02.00S,bonus,attemptEquivalent,1,2,
0022500101,1628983,S. Gilgeous-Alexander,1610612760,OKC,3,PT10M43.00S,andOne,addOn,1,1,351
0022500101,1630700,D. Daniels,1610612737,ATL,3,PT09M31.00S,shootingFoul2,attemptEquivalent,2,2,
0022500101,1631096,C. Holmgren,1610612760,OKC,3,PT08M22.00S,shootingFoul2,attemptEquivalent,2,2,
0022500101,1631096,C. Holmgren,1610612760,OKC,3,PT07M44.00S,bonus,attemptEquivalent,2,2,
0022500101,1629638,N. Alexander-Walker,1610612737,ATL,3,PT05M09.00S,shootingFoul2,attemptEquivalent,2,2,
0022500101,1628983,S. Gilgeous-Alexander,1610612760,OKC,3,PT03M22.00S,bonus,attemptEquivalent,2,2,
0022500101,1631096,C. Holmgren,1610612760,OKC,4,PT06M22.00S,shootingFoul2,attemptEquivalent,2,2,
0022500101,1628392,I. Hartenstein,1610612760,OKC,4,PT05M32.00S,andOne,addOn,0,1,610
0022500101,1642959,C. Youngblood,1610612760,OKC,4,PT01M48.00S,bonus,attemptEquivalent,2,2,
0022500101,1630811,K. Wallace,1610612737,ATL,4,PT01M03.00S,shootingFoul2,attemptEquivalent,1,2,
0022500101,1642854,A. Newell,1610612737,ATL,4,PT00M48.90S,shootingFoul2,attemptEquivalent,1,2,
0022500101,1642959,C. Youngblood,1610612760,OKC,4,PT00M38.90S,bonus,attemptEquivalent,2,2,
0022500101,1642368,N. Dante,1610612737,ATL,4,PT00M26.30S,awayFromPlay,addOn,1,1,
0022500107,1629631,D. Hunter,1610612739,CLE,1,PT09M25.00S,shootingFoul2,attemptEquivalent,1,2,
0022500107,1631157,R. Rollins,1610612749,MIL,1,PT05M06.00S,transitionTake,addOn,1,1,
0022500107,1631260,A. Green,1610612749,MIL,1,PT05M03.00S,shootingFoul3,attemptEquivalent,3,3,
0022500107,1630241,S. Merrill,1610612739,CLE,1,PT04M54.00S,bonus,attemptEquivalent,2,2,
0022500107,1628378,D. Mitchell,1610612739,CLE,1,PT01M01.00S,bonus,attemptEquivalent,2,2,
0022500107,1628378,D. Mitchell,1610612739,CLE,1,PT00M02.30S,flagrant,addOn,2,3,
0022500107,1628386,J. Allen,1610612739,CLE,2,PT06M33.00S,shootingFoul2,attemptEquivalent,2,2,
0022500107,1631260,A. Green,1610612749,MIL,2,PT05M38.00S,bonus,attemptEquivalent,1,2,
0022500107,1628366,L. Ball,1610612739,CLE,2,PT04M45.00S,shootingFoul3,attemptEquivalent,1,3,
0022500107,203507,G. Antetokounmpo,1610612749,MIL,2,PT03M58.00S,bonus,attemptEquivalent,2,2,
0022500107,1626167,M. Turner,1610612749,MIL,2,PT03M10.00S,bonus,attemptEquivalent,1,2,
0022500107,203507,G. Antetokounmpo,1610612749,MIL,2,PT02M02.00S,shootingFoul2,attemptEquivalent,2,2,
0022500107,1630596,E. Mobley,1610612739,CLE,2,PT00M22.50S,shootingFoul2,attemptEquivalent,2,2,
0022500107,203507,G. Antetokounmpo,1610612749,MIL,3,PT09M41.00S,shootingFoul2,attemptEquivalent,1,2,
0022500107,203507,G. Antetokounmpo,1610612749,MIL,3,PT09M40.00S,shootingFoul2,attemptEquivalent,2,2,
0022500107,203507,G. Antetokounmpo,1610612749,MIL,3,PT08M52.00S,shootingFoul2,attemptEquivalent,0,2,
0022500107,1629631,D. Hunter,1610612739,CLE,3,PT07M47.00S,shootingFoul3,attemptEquivalent,2,3,
0022500107,1630596,E. Mobley,1610612739,CLE,3,PT06M54.00S,shootingFoul2,attemptEquivalent,2,2,
0022500107,1630596,E. Mobley,1610612739,CLE,3,PT06M24.00S,shootingFoul2,attemptEquivalent,2,2,
0022500107,203507,G. Antetokounmpo,1610612749,MIL,3,PT05M38.00S,shootingFoul2,attemptEquivalent,1,2,
0022500107,1629731,D. Wade,1610612739,CLE,3,PT03M41.00S,bonus,attemptEquivalent,2,2,
0022500107,1631157,R. Rollins,1610612749,MIL,3,PT02M48.00S,shootingFoul2,attemptEquivalent,2,2,
0022500107,1628378,D. Mitchell,1610612739,CLE,3,PT00M00.00S,shootingFoul2,attemptEquivalent,1,2,
0022500107,1628378,D. Mitchell,1610612739,CLE,4,PT09M23.00S,andOne,addOn,0,1,598
0022500107,203507,G. Antetokounmpo,1610612749,MIL,4,PT01M58.00S,shootingFoul2,attemptEquivalent,2,2,
0022500107,203507,G. Antetokounmpo,1610612749,MIL,4,PT01M01.00S,shootingFoul2,attemptEquivalent,1,2,
0022500107,1630596,E. Mobley,1610612739,CLE,4,PT00M15.10S,bonus,attemptEquivalent,2,2,
0022500107,1630596,E. Mobley,1610612739,CLE,4,PT00M03.50S,bonus,attemptEquivalent,2,2,
0022500107,1629018,G. Trent Jr.,1610612749,MIL,4,PT00M01.70S,shootingFoul2,attemptEquivalent,1,2,
0022500107,1630596,E. Mobley,1610612739,CLE,4,PT00M01.00S,bonus,attemptEquivalent,2,2,
0022500109,1642851,K. Knueppel,1610612766,CHA,1,PT07M17.00S,shootingFoul2,attemptEquivalent,1,2,
0022500109,203114,K. Middleton,1610612764,WAS,1,PT06M12.00S,shootingFoul3,attemptEquivalent,3,3,
0022500109,1630163,L. Ball,1610612766,CHA,1,PT05M32.00S,andOne,addOn,1,1,89
0022500109,1642275,T. Salaün,1610612766,CHA,1,PT04M21.00S,shootingFoul2,attemptEquivalent,1,2,
0022500109,1631217,M. Diabaté,1610612766,CHA,1,PT03M00.00S,bonus,attemptEquivalent,1,2,
0022500109,1630163,L. Ball,1610612766,CHA,1,PT02M35.00S,shootingFoul2,attemptEquivalent,2,2,
0022500109,1629012,C. Sexton,1610612766,CHA,1,PT00M06.40S,bonus,attemptEquivalent,2,2,
0022500109,1630163,L. Ball,1610612766,CHA,2,PT07M19.00S,shootingFoul2,attemptEquivalent,2,2,
0022500109,1630163,L. Ball,1610612766,CHA,2,PT01M21.00S,shootingFoul2,attemptEquivalent,2,2,
0022500109,1642259,A. Sarr,1610612764,WAS,2,PT00M02.40S,bonus,attemptEquivalent,2,2,
0022500109,1628970,M. Bridges,1610612766,CHA,3,PT11M13.00S,shootingFoul2,attemptEquivalent,2,2,
0022500109,1629012,C. Sexton,1610612766,CHA,3,PT10M58.00S,shootingFoul2,attemptEquivalent,1,2,
0022500109,203468,C. McCollum,1610612764,WAS,3,PT08M49.00S,shootingFoul2,attemptEquivalent,1,2,
0022500109,1630551,J. Champagnie,1610612764,WAS,3,PT07M22.00S,shootingFoul2,attemptEquivalent,2,2,
0022500109,1628970,M. Bridges,1610612766,CHA,3,PT05M45.00S,bonus,attemptEquivalent,1,2,
0022500109,1630551,J. Champagnie,1610612764,WAS,3,PT05M29.00S,shootingFoul2,attemptEquivalent,2,2,
0022500109,1641715,C. Whitmore,1610612764,WAS,3,PT04M49.00S,shootingFoul2,attemptEquivalent,1,2,
0022500109,1631217,M. Diabaté,1610612766,CHA,3,PT04M18.00S,andOne,addOn,1,1,534
0022500109,1642848,T. Johnson,1610612764,WAS,3,PT02M39.00S,shootingFoul2,attemptEquivalent,2,2,
0022500109,1642883,S. James,1610612766,CHA,3,PT00M48.90S,bonus,attemptEquivalent,2,2,
0022500109,1628970,M. Bridges,1610612766,CHA,4,PT11M39.00S,shootingFoul2,attemptEquivalent,2,2,
0022500109,1629012,C. Sexton,1610612766,CHA,4,PT11M01.00S,shootingFoul2,attemptEquivalent,2,2,
0022500109,1631217,M. Diabaté,1610612766,CHA,4,PT09M39.00S,shootingFoul2,attemptEquivalent,2,2,
0022500109,203468,C. McCollum,1610612764,WAS,4,PT08M36.00S,andOne,addOn,1,1,651
0022500109,203468,C. McCollum,1610612764,WAS,4,PT08M12.00S,shootingFoul2,attemptEquivalent,1,2,
0022500109,1641774,T. Vukcevic,1610612764,WAS,4,PT07M39.00S,shootingFoul2,attemptEquivalent,1,2,
0022500109,1628970,M. Bridges,1610612766,CHA,4,PT06M51.00S,bonus,attemptEquivalent,2,2,
0022500109,1628970,M. Bridges,1610612766,CHA,4,PT04M10.00S,bonus,attemptEquivalent,2,2,
0022500109,1629012,C. Sexton,1610612766,CHA,4,PT02M55.00S,andOne,addOn,1,1,736
0022500109,1642259,A. Sarr,1610612764,WAS,4,PT02M21.00S,bonus,attemptEquivalent,2,2,
0022500109,1626192,P. Connaughton,1610612766,CHA,4,PT01M22.00S,andOne,addOn,0,1,767
0022500109,1630264,A. Gill,1610612764,WAS,4,PT00M24.00S,shootingFoul2,attemptEquivalent,2,2,
0022500119,1629023,P. Washington,1610612742,DAL,1,PT08M20.00S,shootingFoul2,attemptEquivalent,0,2,
0022500119,1629023,P. Washington,1610612742,DAL,1,PT03M02.00S,shootingFoul2,attemptEquivalent,1,2,
0022500119,1626156,D. Russell,1610612742,DAL,1,PT01M32.00S,bonus,attemptEquivalent,1,2,
0022500119,1629023,P. Washington,1610612742,DAL,1,PT00M47.80S,andOne,addOn,0,1,130
0022500119,203076,A. Davis,1610612742,DAL,2,PT09M11.00S,shootingFoul2,attemptEquivalent,2,2,
0022500119,1631096,C. Holmgren,1610612760,OKC,2,PT07M36.00S,shootingFoul2,attemptEquivalent,0,2,
0022500119,1630230,N. Marshall,1610612742,DAL,2,PT02M18.00S,shootingFoul3,attemptEquivalent,3,3,
0022500119,1631096,C. Holmgren,1610612760,OKC,3,PT09M59.00S,shootingFoul2,attemptEquivalent,2,2,
0022500119,1630230,N. Marshall,1610612742,DAL,3,PT05M11.00S,shootingFoul2,attemptEquivalent,2,2,
0022500119,1626156,D. Russell,1610612742,DAL,3,PT04M12.00S,shootingFoul2,attemptEquivalent,1,2,
0022500119,1642349,A. Mitchell,1610612760,OKC,3,PT02M38.00S,shootingFoul2,attemptEquivalent,2,2,
0022500119,1642349,A. Mitchell,1610612760,OKC,3,PT01M15.00S,andOne,addOn,1,1,463
0022500119,1631119,J. Williams,1610612760,OKC,3,PT00M05.90S,bonus,attemptEquivalent,2,2,
0022500119,1629023,P. Washington,1610612742,DAL,4,PT10M08.00S,shootingFoul2,attemptEquivalent,2,2,
0022500119,1630702,J. Hardy,1610612742,DAL,4,PT09M30.00S,andOne,addOn,1,1,531
0022500119,203076,A. Davis,1610612742,DAL,4,PT06M28.00S,bonus,attemptEquivalent,2,2,
0022500119,203076,A. Davis,1610612742,DAL,4,PT01M25.00S,andOne,addOn,1,1,624
0022500119,1628983,S. Gilgeous-Alexander,1610612760,OKC,4,PT00M21.30S,bonus,attemptEquivalent,2,2,
0022500119,1631096,C. Holmgren,1610612760,OKC,4,PT00M03.30S,bonus,attemptEquivalent,2,2,
0022500120,1628374,L. Markkanen,1610612762,UTA,1,PT08M54.00S,shootingFoul2,attemptEquivalent,2,2,
0022500120,1641718,K. George,1610612762,UTA,1,PT06M20.00S,shootingFoul2,attemptEquivalent,2,2,
0022500120,203994,J. Nurkić,1610612762,UTA,1,PT04M31.00S,bonus,attemptEquivalent,1,2,
0022500120,1626164,D. Booker,1610612756,PHX,1,PT03M32.00S,shootingFoul2,attemptEquivalent,1,2,
0022500120,1628374,L. Markkanen,1610612762,UTA,1,PT01M41.00S,shootingFoul2,attemptEquivalent,2,2,
0022500120,1628374,L. Markkanen,1610612762,UTA,1,PT00M31.70S,shootingFoul2,attemptEquivalent,2,2,
0022500120,1626164,D. Booker,1610612756,PHX,1,PT00M02.30S,bonus,attemptEquivalent,2,2,
0022500120,1641729,B. Sensabaugh,1610612762,UTA,2,PT10M07.00S,andOne,addOn,1,1,231
0022500120,1628960,G. Allen,1610612756,PHX,2,PT07M47.00S,andOne,addOn,1,1,271
0022500120,1628374,L. Markkanen,1610612762,UTA,2,PT05M32.00S,bonus,attemptEquivalent,2,2,
0022500120,1631117,W. Kessler,1610612762,UTA,2,PT05M05.00S,shootingFoul2,attemptEquivalent,2,2,
0022500120,1630208,N. Richards,1610612756,PHX,2,PT03M27.00S,shootingFoul2,attemptEquivalent,2,2,
0022500120,1626164,D. Booker,1610612756,PHX,2,PT02M01.00S,bonus,attemptEquivalent,2,2,
0022500120,1631109,M. Williams,1610612756,PHX,2,PT01M08.00S,shootingFoul2,attemptEquivalent,2,2,
0022500120,1631117,W. Kessler,1610612762,UTA,2,PT00M54.10S,andOne,addOn,1,1,376
0022500120,1628960,G. Allen,1610612756,PHX,3,PT11M21.00S,shootingFoul2,attemptEquivalent,1,2,
0022500120,1628960,G. Allen,1610612756,PHX,3,PT05M18.00S,shootingFoul2,attemptEquivalent,2,2,
0022500120,1630587,I. Livers,1610612756,PHX,3,PT04M53.00S,shootingFoul2,attemptEquivalent,2,2,
0022500120,1631109,M. Williams,1610612756,PHX,3,PT03M18.00S,andOne,addOn,1,1,514
0022500120,1626164,D. Booker,1610612756,PHX,3,PT02M02.00S,bonus,attemptEquivalent,1,2,
0022500120,1629004,S. Mykhailiuk,1610612762,UTA,3,PT00M44.10S,andOne,addOn,1,1,563
0022500120,1631221,C. Gillespie,1610612756,PHX,4,PT07M32.00S,andOne,addOn,1,1,637
0022500120,1628374,L. Markkanen,1610612762,UTA,4,PT05M39.00S,andOne,addOn,1,1,665
0022500120,1628374,L. Markkanen,1610612762,UTA,4,PT05M10.00S,shootingFoul2,attemptEquivalent,2,2,
0022500120,1641718,K. George,1610612762,UTA,4,PT04M50.00S,shootingFoul2,attemptEquivalent,2,2,
0022500120,1631117,W. Kessler,1610612762,UTA,4,PT03M09.00S,shootingFoul2,attemptEquivalent,1,2,
0022500120,1631117,W. Kessler,1610612762,UTA,4,PT01M48.00S,shootingFoul2,attemptEquivalent,2,2,
0022500120,1631109,M. Williams,1610612756,PHX,4,PT00M53.40S,shootingFoul2,attemptEquivalent,2,2,
0022500120,1641718,K. George,1610612762,UTA,4,PT00M23.70S,bonus,attemptEquivalent,2,2,
0022500120,1628374,L. Markkanen,1610612762,UTA,4,PT00M17.90S,bonus,attemptEquivalent,2,2,
0022500120,1626164,D. Booker,1610612756,PHX,4,PT00M04.90S,bonus,attemptEquivalent,1,2,
0022500120,1631109,M. Williams,1610612756,PHX,5,PT04M15.00S,shootingFoul2,attemptEquivalent,1,2,
0022500120,1628960,G. Allen,1610612756,PHX,5,PT02M26.00S,shootingFoul2,attemptEquivalent,1,2,
0022500120,1641718,K. George,1610612762,UTA,5,PT01M44.00S,shootingFoul2,attemptEquivalent,2,2,
0022500120,1628374,L. Markkanen,1610612762,UTA,5,PT01M19.00S,bonus,attemptEquivalent,2,2,
0022500120,1631109,M. Williams,1610612756,PHX,5,PT00M56.30S,shootingFoul2,attemptEquivalent,1,2,
0022500120,1628374,L. Markkanen,1610612762,UTA,5,PT00M01.90S,bonus,attemptEquivalent,2,2,
0022500123,203954,J. Embiid,1610612755,PHI,1,PT11M45.00S,shootingFoul2,attemptEquivalent,1,2,
0022500123,1626162,K. Oubre Jr.,1610612755,PHI,1,PT10M48.00S,shootingFoul2,attemptEquivalent,1,2,
0022500123,203468,C. McCollum,1610612764,WAS,1,PT08M39.00S,shootingFoul2,attemptEquivalent,2,2,
0022500123,1642259,A. Sarr,1610612764,WAS,1,PT07M33.00S,shootingFoul2,attemptEquivalent,2,2,
0022500123,1630178,T. Maxey,1610612755,PHI,1,PT06M08.00S,andOne,addOn,1,1,80
0022500123,1626162,K. Oubre Jr.,1610612755,PHI,1,PT02M42.00S,shootingFoul2,attemptEquivalent,2,2,
0022500123,1630557,C. Kispert,1610612764,WAS,1,PT01M56.00S,andOne,addOn,0,1,139
0022500123,1629656,Q. Grimes,1610612755,PHI,1,PT00M55.40S,shootingFoul2,attemptEquivalent,2,2,
0022500123,1628963,M. Bagley III,1610612764,WAS,1,PT00M34.10S,bonus,attemptEquivalent,2,2,
0022500123,203954,J. Embiid,1610612755,PHI,2,PT09M45.00S,shootingFoul2,attemptEquivalent,1,2,
0022500123,1631133,J. Walker,1610612755,PHI,2,PT07M43.00S,shootingFoul2,attemptEquivalent,2,2,
0022500123,203468,C. McCollum,1610612764,WAS,2,PT07M03.00S,shootingFoul2,attemptEquivalent,2,2,
0022500123,1628963,M. Bagley III,1610612764,WAS,2,PT06M42.00S,andOne,addOn,0,1,252
0022500123,203954,J. Embiid,1610612755,PHI,2,PT06M23.00S,shootingFoul2,attemptEquivalent,2,2,
0022500123,1642267,B. Carrington,1610612764,WAS,2,PT03M10.00S,shootingFoul2,attemptEquivalent,2,2,
0022500123,1630178,T. Maxey,1610612755,PHI,2,PT02M55.00S,bonus,attemptEquivalent,2,2,
0022500123,1642845,V. Edgecombe,1610612755,PHI,2,PT00M00.90S,andOne,addOn,1,1,350
0022500123,1642273,K. George,1610612764,WAS,3,PT11M04.00S,andOne,addOn,0,1,380
0022500123,1642273,K. George,1610612764,WAS,3,PT09M47.00S,andOne,addOn,0,1,397
0022500123,203114,K. Middleton,1610612764,WAS,3,PT09M44.00S,shootingFoul2,attemptEquivalent,2,2,
0022500123,203114,K. Middleton,1610612764,WAS,3,PT08M20.00S,shootingFoul2,attemptEquivalent,2,2,
0022500123,1629656,Q. Grimes,1610612755,PHI,3,PT05M51.00S,shootingFoul2,attemptEquivalent,2,2,
0022500123,1630557,C. Kispert,1610612764,WAS,3,PT03M49.00S,bonus,attemptEquivalent,1,2,
0022500123,1642845,V. Edgecombe,1610612755,PHI,3,PT01M53.00S,andOne,addOn,1,1,498
0022500123,1630178,T. Maxey,1610612755,PHI,4,PT09M14.00S,shootingFoul2,attemptEquivalent,1,2,
0022500123,1628963,M. Bagley III,1610612764,WAS,4,PT08M41.00S,andOne,addOn,0,1,569
0022500123,1630178,T. Maxey,1610612755,PHI,4,PT04M47.00S,shootingFoul2,attemptEquivalent,2,2,
0022500123,1626162,K. Oubre Jr.,1610612755,PHI,4,PT04M16.00S,andOne,addOn,1,1,657
0022500123,1630178,T. Maxey,1610612755,PHI,4,PT03M04.00S,bonus,attemptEquivalent,2,2,
0022500123,1630178,T. Maxey,1610612755,PHI,5,PT00M18.70S,bonus,attemptEquivalent,2,2,
0022500123,1630178,T. Maxey,1610612755,PHI,5,PT00M09.50S,bonus,attemptEquivalent,1,2,
0022500123,1630178,T. Maxey,1610612755,PHI,5,PT00M06.50S,bonus,attemptEquivalent,2,2,
0022500123,1629656,Q. Grimes,1610612755,PHI,5,PT00M04.40S,bonus,attemptEquivalent,2,2,
0022500126,1629652,L. Dort,1610612760,OKC,1,PT09M54.00S,shootingFoul2,attemptEquivalent,2,2,
0022500126,201942,D. DeRozan,1610612758,SAC,1,PT01M23.00S,andOne,addOn,1,1,127
0022500126,1628370,M. Monk,1610612758,SAC,2,PT09M50.00S,shootingFoul2,attemptEquivalent,2,2,
0022500126,1642269,D. Carter,1610612758,SAC,2,PT07M44.00S,shootingFoul2,attemptEquivalent,2,2,
0022500126,1627936,A. Caruso,1610612760,OKC,2,PT04M45.00S,shootingFoul2,attemptEquivalent,2,2,
0022500126,203897,Z. LaVine,1610612758,SAC,2,PT04M32.00S,shootingFoul3,attemptEquivalent,3,3,
0022500126,1631165,K. Ellis,1610612758,SAC,2,PT04M08.00S,shootingFoul2,attemptEquivalent,2,2,
0022500126,201942,D. DeRozan,1610612758,SAC,3,PT10M04.00S,shootingFoul2,attemptEquivalent,1,2,
0022500126,1629652,L. Dort,1610612760,OKC,3,PT07M25.00S,shootingFoul2,attemptEquivalent,2,2,
0022500126,203897,Z. LaVine,1610612758,SAC,3,PT05M51.00S,shootingFoul2,attemptEquivalent,2,2,
0022500126,1628983,S. Gilgeous-Alexander,1610612760,OKC,3,PT03M30.00S,shootingFoul2,attemptEquivalent,2,2,
0022500126,1642349,A. Mitchell,1610612760,OKC,3,PT00M52.20S,andOne,addOn,1,1,478
0022500126,201942,D. DeRozan,1610612758,SAC,3,PT00M22.40S,shootingFoul2,attemptEquivalent,2,2,
0022500126,201942,D. DeRozan,1610612758,SAC,4,PT11M09.00S,andOne,addOn,1,1,522
0022500126,1628370,M. Monk,1610612758,SAC,4,PT07M42.00S,shootingFoul2,attemptEquivalent,1,2,
0022500126,1628392,I. Hartenstein,1610612760,OKC,4,PT01M43.00S,andOne,addOn,0,1,645
0022500126,203897,Z. LaVine,1610612758,SAC,4,PT01M18.00S,shootingFoul2,attemptEquivalent,2,2,
0022500128,1628401,D. White,1610612738,BOS,1,PT07M10.00S,shootingFoul2,attemptEquivalent,2,2,
0022500128,1628386,J. Allen,1610612739,CLE,1,PT03M18.00S,shootingFoul2,attemptEquivalent,2,2,
0022500128,1628386,J. Allen,1610612739,CLE,1,PT01M51.00S,shootingFoul2,attemptEquivalent,2,2,
0022500128,1628386,J. Allen,1610612739,CLE,1,PT00M53.80S,shootingFoul2,attemptEquivalent,2,2,
0022500128,1628401,D. White,1610612738,BOS,1,PT00M04.20S,shootingFoul2,attemptEquivalent,2,2,
0022500128,1629014,A. Simons,1610612738,BOS,2,PT07M49.00S,shootingFoul2,attemptEquivalent,2,2,
0022500128,1631169,J. Minott,1610612738,BOS,2,PT07M11.00S,shootingFoul2,attemptEquivalent,1,2,
0022500128,1629631,D. Hunter,1610612739,CLE,2,PT07M00.00S,shootingFoul2,attemptEquivalent,2,2,
0022500128,1627759,J. Brown,1610612738,BOS,2,PT03M34.00S,shootingFoul2,attemptEquivalent,2,2,
0022500128,1628386,J. Allen,1610612739,CLE,2,PT01M27.00S,shootingFoul2,attemptEquivalent,2,2,
0022500128,1630596,E. Mobley,1610612739,CLE,2,PT00M15.30S,bonus,attemptEquivalent,1,2,
0022500128,1629631,D. Hunter,1610612739,CLE,3,PT11M05.00S,shootingFoul2,attemptEquivalent,2,2,
0022500128,1629674,N. Queta,1610612738,BOS,3,PT08M28.00S,shootingFoul2,attemptEquivalent,2,2,
0022500128,1629631,D. Hunter,1610612739,CLE,3,PT08M00.00S,andOne,addOn,1,1,401
0022500128,1628401,D. White,1610612738,BOS,3,PT07M18.00S,shootingFoul2,attemptEquivalent,2,2,
0022500128,1630568,L. Garza,1610612738,BOS,3,PT06M02.00S,bonus,attemptEquivalent,2,2,
0022500128,1642281,J. Tyson,1610612739,CLE,3,PT03M57.00S,andOne,addOn,1,1,467
0022500128,1628378,D. Mitchell,1610612739,CLE,3,PT02M18.00S,bonus,attemptEquivalent,0,2,
0022500128,1629674,N. Queta,1610612738,BOS,3,PT01M37.00S,bonus,attemptEquivalent,1,2,
0022500128,1630596,E. Mobley,1610612739,CLE,4,PT11M06.00S,shootingFoul2,attemptEquivalent,1,2,
0022500128,1630596,E. Mobley,1610612739,CLE,4,PT09M46.00S,andOne,addOn,1,1,568
0022500128,1642281,J. Tyson,1610612739,CLE,4,PT08M43.00S,andOne,addOn,0,1,582
0022500128,1629674,N. Queta,1610612738,BOS,4,PT02M47.00S,bonus,attemptEquivalent,1,2,
0022500128,1630202,P. Pritchard,1610612738,BOS,4,PT02M06.00S,bonus,attemptEquivalent,1,2,
0022500128,1641854,C. Porter Jr.,1610612739,CLE,4,PT01M28.00S,bonus,attemptEquivalent,1,2,
0022500128,1630568,L. Garza,1610612738,BOS,4,PT00M50.30S,shootingFoul2,attemptEquivalent,2,2,
0022500135,1630166,D. Avdija,1610612757,POR,1,PT10M23.00S,shootingFoul2,attemptEquivalent,0,2,
0022500135,1628374,L. Markkanen,1610612762,UTA,1,PT09M39.00S,shootingFoul2,attemptEquivalent,2,2,
0022500135,1631117,W. Kessler,1610612762,UTA,1,PT06M02.00S,andOne,addOn,0,1,86
0022500135,1641718,K. George,1610612762,UTA,1,PT05M37.00S,shootingFoul2,attemptEquivalent,2,2,
0022500135,1641718,K. George,1610612762,UTA,1,PT04M42.00S,awayFromPlay,addOn,1,1,
0022500135,203924,J. Grant,1610612757,POR,1,PT04M22.00S,shootingFoul3,attemptEquivalent,3,3,
0022500135,1641707,T. Hendricks,1610612762,UTA,1,PT03M41.00S,bonus,attemptEquivalent,1,2,
0022500135,203924,J. Grant,1610612757,POR,1,PT03M22.00S,shootingFoul2,attemptEquivalent,2,2,
0022500135,203994,J. Nurkić,1610612762,UTA,1,PT02M25.00S,bonus,attemptEquivalent,2,2,
0022500135,1642271,K. Filipowski,1610612762,UTA,2,PT11M24.00S,shootingFoul3,attemptEquivalent,2,3,
0022500135,1628374,L. Markkanen,1610612762,UTA,2,PT11M01.00S,andOne,addOn,0,1,224
0022500135,1642846,A. Bailey,1610612762,UTA,2,PT07M20.00S,shootingFoul2,attemptEquivalent,2,2,
0022500135,203994,J. Nurkić,1610612762,UTA,2,PT06M18.00S,shootingFoul2,attemptEquivalent,2,2,
0022500135,1630166,D. Avdija,1610612757,POR,2,PT05M24.00S,shootingFoul2,attemptEquivalent,2,2,
0022500135,1641718,K. George,1610612762,UTA,2,PT04M02.00S,shootingFoul2,attemptEquivalent,2,2,
0022500135,1641718,K. George,1610612762,UTA,2,PT03M44.00S,awayFromPlay,addOn,1,1,
0022500135,1641718,K. George,1610612762,UTA,2,PT01M59.00S,bonus,attemptEquivalent,2,2,
0022500135,1628374,L. Markkanen,1610612762,UTA,2,PT01M27.00S,shootingFoul2,attemptEquivalent,1,2,
0022500135,1631117,W. Kessler,1610612762,UTA,2,PT00M58.30S,shootingFoul2,attemptEquivalent,1,2,
0022500135,1630166,D. Avdija,1610612757,POR,3,PT08M05.00S,shootingFoul2,attemptEquivalent,2,2,
0022500135,1631101,S. Sharpe,1610612757,POR,3,PT06M29.00S,bonus,attemptEquivalent,2,2,
0022500135,1628374,L. Markkanen,1610612762,UTA,3,PT05M07.00S,shootingFoul2,attemptEquivalent,2,2,
0022500135,1641739,T. Camara,1610612757,POR,3,PT03M57.00S,shootingFoul2,attemptEquivalent,2,2,
0022500135,1642270,D. Clingan,1610612757,POR,3,PT01M06.00S,shootingFoul2,attemptEquivalent,1,2,
0022500135,1641729,B. Sensabaugh,1610612762,UTA,3,PT00M56.20S,shootingFoul2,attemptEquivalent,2,2,
0022500135,1642383,W. Clayton Jr.,1610612762,UTA,3,PT00M00.20S,shootingFoul2,attemptEquivalent,2,2,
0022500135,203924,J. Grant,1610612757,POR,4,PT07M47.00S,shootingFoul2,attemptEquivalent,2,2,
0022500135,1641718,K. George,1610612762,UTA,4,PT07M37.00S,shootingFoul2,attemptEquivalent,2,2,
0022500135,1641718,K. George,1610612762,UTA,4,PT07M23.00S,andOne,addOn,1,1,687
0022500135,1628374,L. Markkanen,1610612762,UTA,4,PT06M54.00S,andOne,addOn,1,1,697
0022500135,1628374,L. Markkanen,1610612762,UTA,4,PT05M58.00S,shootingFoul2,attemptEquivalent,2,2,
0022500135,1641989,E. Harkless,1610612762,UTA,4,PT04M30.00S,bonus,attemptEquivalent,1,2,
0022500135,1630166,D. Avdija,1610612757,POR,4,PT04M10.00S,shootingFoul2,attemptEquivalent,2,2,
0022500135,1641718,K. George,1610612762,UTA,4,PT03M20.00S,shootingFoul2,attemptEquivalent,2,2,
0022500135,1630166,D. Avdija,1610612757,POR,4,PT01M55.00S,bonus,attemptEquivalent,1,2,
0022500135,1628374,L. Markkanen,1610612762,UTA,4,PT00M09.30S,bonus,attemptEquivalent,2,2,
0022500135,201950,J. Holiday,1610612757,POR,4,PT00M08.20S,bonus,attemptEquivalent,2,2,
0022500135,1641718,K. George,1610612762,UTA,4,PT00M07.70S,bonus,attemptEquivalent,2,2,
0022500135,201950,J. Holiday,1610612757,POR,4,PT00M05.90S,bonus,attemptEquivalent,2,2,
0022500135,1642271,K. Filipowski,1610612762,UTA,4,PT00M03.90S,bonus,attemptEquivalent,1,2,
0022500140,1630598,A. Wiggins,1610612760,OKC,1,PT08M21.00S,shootingFoul2,attemptEquivalent,2,2,
0022500140,203468,C. McCollum,1610612764,WAS,1,PT07M05.00S,shootingFoul2,attemptEquivalent,2,2,
0022500140,1628983,S. Gilgeous-Alexander,1610612760,OKC,1,PT05M52.00S,andOne,addOn,1,1,81
0022500140,1628983,S. Gilgeous-Alexander,1610612760,OKC,1,PT03M18.00S,andOne,addOn,1,1,121
0022500140,1642848,T. Johnson,1610612764,WAS,1,PT02M40.00S,shootingFoul2,attemptEquivalent,2,2,
0022500140,1628963,M. Bagley III,1610612764,WAS,1,PT02M12.00S,shootingFoul2,attemptEquivalent,1,2,
0022500140,1642267,B. Carrington,1610612764,WAS,1,PT01M13.00S,shootingFoul2,attemptEquivalent,1,2,
0022500140,1642349,A. Mitchell,1610612760,OKC,1,PT00M37.90S,bonus,attemptEquivalent,2,2,
0022500140,1630598,A. Wiggins,1610612760,OKC,2,PT10M09.00S,shootingFoul2,attemptEquivalent,0,2,
0022500140,1642349,A. Mitchell,1610612760,OKC,2,PT07M56.00S,shootingFoul2,attemptEquivalent,2,2,
0022500140,1642273,K. George,1610612764,WAS,2,PT05M02.00S,awayFromPlay,addOn,1,1,
0022500140,1642259,A. Sarr,1610612764,WAS,2,PT04M30.00S,andOne,addOn,1,1,289
0022500140,1641731,B. Coulibaly,1610612764,WAS,3,PT08M36.00S,shootingFoul2,attemptEquivalent,2,2,
0022500140,1641717,C. Wallace,1610612760,OKC,3,PT07M51.00S,shootingFoul2,attemptEquivalent,2,2,
0022500140,1628983,S. Gilgeous-Alexander,1610612760,OKC,3,PT06M01.00S,shootingFoul2,attemptEquivalent,2,2,
0022500140,1628983,S. Gilgeous-Alexander,1610612760,OKC,3,PT05M44.00S,bonus,attemptEquivalent,2,2,
0022500140,1630557,C. Kispert,1610612764,WAS,3,PT02M53.00S,andOne,addOn,1,1,485
0022500140,1630557,C. Kispert,1610612764,WAS,3,PT02M04.00S,shootingFoul2,attemptEquivalent,2,2,
0022500140,1641717,C. Wallace,1610612760,OKC,4,PT09M48.00S,shootingFoul2,attemptEquivalent,2,2,
0022500140,1628392,I. Hartenstein,1610612760,OKC,4,PT09M17.00S,shootingFoul2,attemptEquivalent,1,2,
0022500140,1628392,I. Hartenstein,1610612760,OKC,4,PT06M45.00S,shootingFoul2,attemptEquivalent,2,2,
0022500140,1642349,A. Mitchell,1610612760,OKC,4,PT05M24.00S,shootingFoul2,attemptEquivalent,2,2,
0022500140,1642259,A. Sarr,1610612764,WAS,4,PT04M52.00S,andOne,addOn,1,1,643
0022500140,1631119,J. Williams,1610612760,OKC,4,PT03M40.00S,shootingFoul2,attemptEquivalent,1,2,
0022500140,1641774,T. Vukcevic,1610612764,WAS,4,PT03M04.00S,andOne,addOn,1,1,674
0022500140,1630198,I. Joe,1610612760,OKC,4,PT02M21.00S,shootingFoul2,attemptEquivalent,1,2,
0022500142,203507,G. Antetokounmpo,1610612749,MIL,1,PT11M04.00S,shootingFoul2,attemptEquivalent,2,2,
0022500142,1627734,D. Sabonis,1610612758,SAC,1,PT06M57.00S,shootingFoul2,attemptEquivalent,1,2,
0022500142,201566,R. Westbrook,1610612758,SAC,1,PT06M42.00S,shootingFoul2,attemptEquivalent,2,2,
0022500142,203897,Z. LaVine,1610612758,SAC,1,PT05M27.00S,bonus,attemptEquivalent,2,2,
0022500142,1626171,B. Portis,1610612749,MIL,1,PT03M42.00S,shootingFoul2,attemptEquivalent,2,2,
0022500142,203897,Z. LaVine,1610612758,SAC,1,PT02M58.00S,shootingFoul2,attemptEquivalent,2,2,
0022500142,1630175,C. Anthony,1610612749,MIL,1,PT01M41.00S,shootingFoul2,attemptEquivalent,1,2,
0022500142,201942,D. DeRozan,1610612758,SAC,1,PT00M36.90S,andOne,addOn,1,1,155
0022500142,203471,D. Schröder,1610612758,SAC,2,PT11M51.00S,andOne,addOn,1,1,171
0022500142,203471,D. Schröder,1610612758,SAC,2,PT11M14.00S,shootingFoul2,attemptEquivalent,2,2,
0022500142,203507,G. Antetokounmpo,1610612749,MIL,2,PT04M51.00S,shootingFoul2,attemptEquivalent,1,2,
0022500142,201942,D. DeRozan,1610612758,SAC,2,PT04M34.00S,andOne,addOn,1,1,260
0022500142,203507,G. Antetokounmpo,1610612749,MIL,2,PT03M22.00S,shootingFoul2,attemptEquivalent,0,2,
0022500142,1629018,G. Trent Jr.,1610612749,MIL,2,PT02M54.00S,transitionTake,addOn,0,1,
0022500142,201942,D. DeRozan,1610612758,SAC,2,PT02M37.00S,bonus,attemptEquivalent,1,2,
0022500142,203507,G. Antetokounmpo,1610612749,MIL,2,PT00M56.50S,shootingFoul2,attemptEquivalent,1,2,
0022500142,1629018,G. Trent Jr.,1610612749,MIL,2,PT00M02.00S,shootingFoul2,attemptEquivalent,1,2,
0022500142,203507,G. Antetokounmpo,1610612749,MIL,3,PT09M45.00S,shootingFoul2,attemptEquivalent,1,2,
0022500142,1629018,G. Trent Jr.,1610612749,MIL,3,PT08M03.00S,shootingFoul2,attemptEquivalent,2,2,
0022500142,203897,Z. LaVine,1610612758,SAC,3,PT06M46.00S,shootingFoul2,attemptEquivalent,2,2,
0022500142,1626167,M. Turner,1610612749,MIL,3,PT06M08.00S,shootingFoul2,attemptEquivalent,0,2,
0022500142,203897,Z. LaVine,1610612758,SAC,3,PT04M07.00S,shootingFoul2,attemptEquivalent,2,2,
0022500142,1629234,D. Eubanks,1610612758,SAC,3,PT01M17.00S,andOne,addOn,0,1,476
0022500142,1628398,K. Kuzma,1610612749,MIL,4,PT11M06.00S,shootingFoul2,attemptEquivalent,2,2,
0022500142,1628398,K. Kuzma,1610612749,MIL,4,PT10M21.00S,andOne,addOn,1,1,527
0022500142,1627734,D. Sabonis,1610612758,SAC,4,PT09M13.00S,shootingFoul2,attemptEquivalent,2,2,
0022500142,1627734,D. Sabonis,1610612758,SAC,4,PT08M43.00S,shootingFoul2,attemptEquivalent,2,2,
0022500142,1628398,K. Kuzma,1610612749,MIL,4,PT06M14.00S,andOne,addOn,1,1,586
0022500142,201942,D. DeRozan,1610612758,SAC,4,PT05M23.00S,shootingFoul2,attemptEquivalent,2,2,
0022500142,203507,G. Antetokounmpo,1610612749,MIL,4,PT03M54.00S,bonus,attemptEquivalent,2,2,
0022500142,1627734,D. Sabonis,1610612758,SAC,4,PT03M40.00S,bonus,attemptEquivalent,2,2,
0022500142,1627734,D. Sabonis,1610612758,SAC,4,PT02M35.00S,shootingFoul2,attemptEquivalent,1,2,
0022500142,203507,G. Antetokounmpo,1610612749,MIL,4,PT02M28.00S,shootingFoul2,attemptEquivalent,2,2,
0022500142,201566,R. Westbrook,1610612758,SAC,4,PT02M17.00S,shootingFoul2,attemptEquivalent,2,2,
0022500142,201942,D. DeRozan,1610612758,SAC,4,PT01M03.00S,shootingFoul2,attemptEquivalent,2,2,
0022500142,203471,D. Schröder,1610612758,SAC,4,PT00M14.80S,bonus,attemptEquivalent,2,2,
0022500142,1631260,A. Green,1610612749,MIL,4,PT00M01.10S,bonus,attemptEquivalent,1,2,
0022500145,1641731,B. Coulibaly,1610612764,WAS,1,PT10M55.00S,shootingFoul2,attemptEquivalent,0,2,
0022500145,1630532,F. Wagner,1610612753,ORL,1,PT08M06.00S,shootingFoul2,attemptEquivalent,2,2,
0022500145,1631094,P. Banchero,1610612753,ORL,1,PT06M17.00S,shootingFoul2,attemptEquivalent,2,2,
0022500145,1630532,F. Wagner,1610612753,ORL,1,PT01M44.00S,shootingFoul2,attemptEquivalent,2,2,
0022500145,1641731,B. Coulibaly,1610612764,WAS,2,PT09M46.00S,shootingFoul2,attemptEquivalent,2,2,
0022500145,1630532,F. Wagner,1610612753,ORL,2,PT08M57.00S,shootingFoul2,attemptEquivalent,2,2,
0022500145,1641731,B. Coulibaly,1610612764,WAS,2,PT08M50.00S,shootingFoul2,attemptEquivalent,2,2,
0022500145,1631094,P. Banchero,1610612753,ORL,2,PT07M08.00S,shootingFoul2,attemptEquivalent,2,2,
0022500145,1641710,A. Black,1610612753,ORL,2,PT03M41.00S,shootingFoul2,attemptEquivalent,2,2,
0022500145,1631094,P. Banchero,1610612753,ORL,2,PT02M13.00S,andOne,addOn,1,1,324
0022500145,1630532,F. Wagner,1610612753,ORL,2,PT01M56.00S,andOne,addOn,1,1,330
0022500145,1642259,A. Sarr,1610612764,WAS,3,PT11M43.00S,shootingFoul2,attemptEquivalent,1,2,
0022500145,1642259,A. Sarr,1610612764,WAS,3,PT11M10.00S,shootingFoul2,attemptEquivalent,1,2,
0022500145,203114,K. Middleton,1610612764,WAS,3,PT11M08.00S,shootingFoul2,attemptEquivalent,0,2,
0022500145,1631094,P. Banchero,1610612753,ORL,3,PT04M33.00S,shootingFoul2,attemptEquivalent,2,2,
0022500145,1628371,J. Isaac,1610612753,ORL,3,PT02M45.00S,shootingFoul2,attemptEquivalent,0,2,
0022500145,1641715,C. Whitmore,1610612764,WAS,3,PT01M52.00S,bonus,attemptEquivalent,0,2,
0022500145,1628371,J. Isaac,1610612753,ORL,3,PT01M34.00S,shootingFoul2,attemptEquivalent,2,2,
0022500145,1628371,J. Isaac,1610612753,ORL,3,PT01M06.00S,shootingFoul2,attemptEquivalent,1,2,
0022500145,1642848,T. Johnson,1610612764,WAS,4,PT11M00.00S,andOne,addOn,1,1,581
0022500148,1629627,Z. Williamson,1610612740,NOP,1,PT11M00.00S,shootingFoul2,attemptEquivalent,1,2,
0022500148,1642349,A. Mitchell,1610612760,OKC,1,PT04M16.00S,shootingFoul2,attemptEquivalent,0,2,
0022500148,1629627,Z. Williamson,1610612740,NOP,2,PT09M35.00S,andOne,addOn,0,1,183
0022500148,1629673,J. Poole,1610612740,NOP,2,PT07M51.00S,shootingFoul2,attemptEquivalent,2,2,
0022500148,1642274,Y. Missi,1610612740,NOP,2,PT06M47.00S,shootingFoul2,attemptEquivalent,1,2,
0022500148,1629673,J. Poole,1610612740,NOP,2,PT04M32.00S,bonus,attemptEquivalent,2,2,
0022500148,1628983,S. Gilgeous-Alexander,1610612760,OKC,2,PT03M51.00S,shootingFoul3,attemptEquivalent,3,3,
0022500148,1641717,C. Wallace,1610612760,OKC,2,PT02M22.00S,shootingFoul2,attemptEquivalent,2,2,
0022500148,1629627,Z. Williamson,1610612740,NOP,2,PT01M40.00S,andOne,addOn,1,1,310
0022500148,1628392,I. Hartenstein,1610612760,OKC,2,PT01M07.00S,shootingFoul2,attemptEquivalent,1,2,
0022500148,1642349,A. Mitchell,1610612760,OKC,2,PT00M39.00S,shootingFoul2,attemptEquivalent,2,2,
0022500148,1628983,S. Gilgeous-Alexander,1610612760,OKC,2,PT00M20.40S,shootingFoul2,attemptEquivalent,2,2,
0022500148,1629627,Z. Williamson,1610612740,NOP,3,PT11M05.00S,shootingFoul2,attemptEquivalent,1,2,
0022500148,1629627,Z. Williamson,1610612740,NOP,3,PT09M49.00S,shootingFoul2,attemptEquivalent,1,2,
0022500148,1628983,S. Gilgeous-Alexander,1610612760,OKC,3,PT08M19.00S,shootingFoul2,attemptEquivalent,2,2,
0022500148,1628392,I. Hartenstein,1610612760,OKC,3,PT07M41.00S,andOne,addOn,1,1,404
0022500148,1628983,S. Gilgeous-Alexander,1610612760,OKC,3,PT05M33.00S,shootingFoul2,attemptEquivalent,2,2,
0022500148,1642274,Y. Missi,1610612740,NOP,3,PT04M59.00S,shootingFoul2,attemptEquivalent,2,2,
0022500148,1642349,A. Mitchell,1610612760,OKC,3,PT02M33.00S,bonus,attemptEquivalent,2,2,
0022500148,1630529,H. Jones,1610612740,NOP,3,PT01M36.00S,bonus,attemptEquivalent,1,2,
0022500148,1628983,S. Gilgeous-Alexander,1610612760,OKC,3,PT00M59.50S,shootingFoul2,attemptEquivalent,2,2,
0022500148,1628983,S. Gilgeous-Alexander,1610612760,OKC,3,PT00M04.30S,shootingFoul2,attemptEquivalent,2,2,
0022500148,1629627,Z. Williamson,1610612740,NOP,4,PT10M27.00S,shootingFoul2,attemptEquivalent,1,2,
0022500148,1629627,Z. Williamson,1610612740,NOP,4,PT10M01.00S,shootingFoul2,attemptEquivalent,1,2,
0022500148,1629673,J. Poole,1610612740,NOP,4,PT09M36.00S,shootingFoul2,attemptEquivalent,1,2,
0022500148,1626172,K. Looney,1610612740,NOP,4,PT09M06.00S,bonus,attemptEquivalent,1,2,
0022500148,1642349,A. Mitchell,1610612760,OKC,4,PT07M53.00S,flagrant,addOn,2,2,
0022500148,1642852,D. Queen,1610612740,NOP,4,PT06M36.00S,shootingFoul2,attemptEquivalent,2,2,
0022500148,1631255,K. Matković,1610612740,NOP,4,PT05M59.00S,bonus,attemptEquivalent,0,2,
0022500148,1631121,B. McGowens,1610612740,NOP,4,PT01M01.00S,shootingFoul2,attemptEquivalent,2,2,
0022500150,1642851,K. Knueppel,1610612766,CHA,1,PT06M40.00S,andOne,addOn,1,1,77
0022500150,1628970,M. Bridges,1610612766,CHA,1,PT06M12.00S,shootingFoul2,attemptEquivalent,2,2,
0022500150,1642851,K. Knueppel,1610612766,CHA,1,PT05M47.00S,andOne,addOn,1,1,92
0022500150,1641729,B. Sensabaugh,1610612762,UTA,1,PT05M34.00S,shootingFoul2,attemptEquivalent,1,2,
0022500150,1631217,M. Diabaté,1610612766,CHA,1,PT04M49.00S,shootingFoul2,attemptEquivalent,2,2,
0022500150,201567,K. Love,1610612762,UTA,1,PT03M57.00S,shootingFoul2,attemptEquivalent,2,2,
0022500150,1628970,M. Bridges,1610612766,CHA,1,PT02M46.00S,bonus,attemptEquivalent,2,2,
0022500150,1630544,T. Mann,1610612766,CHA,1,PT01M18.00S,bonus,attemptEquivalent,2,2,
0022500150,203994,J. Nurkić,1610612762,UTA,2,PT08M19.00S,shootingFoul2,attemptEquivalent,1,2,
0022500150,1641718,K. George,1610612762,UTA,2,PT07M55.00S,andOne,addOn,0,1,240
0022500150,1642354,K. Simpson,1610612766,CHA,2,PT06M39.00S,shootingFoul2,attemptEquivalent,2,2,
0022500150,1628970,M. Bridges,1610612766,CHA,2,PT02M47.00S,shootingFoul2,attemptEquivalent,2,2,
0022500150,1641718,K. George,1610612762,UTA,2,PT00M32.10S,bonus,attemptEquivalent,2,2,
0022500150,1628970,M. Bridges,1610612766,CHA,3,PT11M27.00S,shootingFoul2,attemptEquivalent,2,2,
0022500150,1628374,L. Markkanen,1610612762,UTA,3,PT10M41.00S,shootingFoul2,attemptEquivalent,2,2,
0022500150,1641707,T. Hendricks,1610612762,UTA,3,PT04M43.00S,flagrant,addOn,2,2,
0022500150,1641718,K. George,1610612762,UTA,3,PT04M06.00S,shootingFoul2,attemptEquivalent,2,2,
0022500150,1631217,M. Diabaté,1610612766,CHA,3,PT03M53.00S,andOne,addOn,1,1,472
0022500150,1641718,K. George,1610612762,UTA,3,PT03M40.00S,bonus,attemptEquivalent,2,2,
0022500150,1628970,M. Bridges,1610612766,CHA,3,PT03M30.00S,shootingFoul2,attemptEquivalent,2,2,
0022500150,1641729,B. Sensabaugh,1610612762,UTA,3,PT01M38.00S,shootingFoul2,attemptEquivalent,2,2,
0022500150,1641729,B. Sensabaugh,1610612762,UTA,3,PT01M24.00S,shootingFoul2,attemptEquivalent,2,2,
0022500150,201567,K. Love,1610612762,UTA,3,PT01M07.00S,bonus,attemptEquivalent,1,2,
0022500150,1628970,M. Bridges,1610612766,CHA,3,PT00M34.80S,bonus,attemptEquivalent,2,2,
0022500150,1642383,W. Clayton Jr.,1610612762,UTA,3,PT00M27.30S,bonus,attemptEquivalent,2,2,
0022500150,1641718,K. George,1610612762,UTA,4,PT07M54.00S,shootingFoul2,attemptEquivalent,2,2,
0022500150,203937,K. Anderson,1610612762,UTA,4,PT01M38.00S,shootingFoul2,attemptEquivalent,1,2,
0022500151,1630552,J. Johnson,1610612737,ATL,1,PT08M18.00S,andOne,addOn,1,1,47
0022500151,204001,K. Porziņģis,1610612737,ATL,1,PT07M48.00S,shootingFoul2,attemptEquivalent,1,2,
0022500151,1629638,N. Alexander-Walker,1610612737,ATL,1,PT05M29.00S,shootingFoul2,attemptEquivalent,2,2,
0022500151,1631243,M. Gueye,1610612737,ATL,1,PT04M19.00S,shootingFoul2,attemptEquivalent,2,2,
0022500151,1630700,D. Daniels,1610612737,ATL,1,PT02M05.00S,shootingFoul2,attemptEquivalent,0,2,
0022500151,1630168,O. Okongwu,1610612737,ATL,1,PT00M37.70S,shootingFoul2,attemptEquivalent,1,2,
0022500151,1629731,D. Wade,1610612739,CLE,1,PT00M29.70S,andOne,addOn,1,1,166
0022500151,204001,K. Porziņģis,1610612737,ATL,2,PT10M16.00S,andOne,addOn,1,1,207
0022500151,1642281,J. Tyson,1610612739,CLE,2,PT09M06.00S,andOne,addOn,1,1,223
0022500151,1629631,D. Hunter,1610612739,CLE,2,PT04M45.00S,shootingFoul2,attemptEquivalent,2,2,
0022500151,1628379,L. Kennard,1610612737,ATL,2,PT02M22.00S,andOne,addOn,1,1,327
0022500151,204001,K. Porziņģis,1610612737,ATL,2,PT01M55.00S,shootingFoul2,attemptEquivalent,1,2,
0022500151,1628378,D. Mitchell,1610612739,CLE,2,PT01M02.00S,shootingFoul2,attemptEquivalent,2,2,
0022500151,1630700,D. Daniels,1610612737,ATL,3,PT09M52.00S,andOne,addOn,1,1,391
0022500151,1629631,D. Hunter,1610612739,CLE,3,PT08M21.00S,andOne,addOn,1,1,407
0022500151,1629638,N. Alexander-Walker,1610612737,ATL,3,PT08M09.00S,bonus,attemptEquivalent,2,2,
0022500151,204001,K. Porziņģis,1610612737,ATL,3,PT07M34.00S,bonus,attemptEquivalent,2,2,
0022500151,1630552,J. Johnson,1610612737,ATL,3,PT05M45.00S,bonus,attemptEquivalent,1,2,
0022500151,1630168,O. Okongwu,1610612737,ATL,3,PT03M38.00S,shootingFoul2,attemptEquivalent,1,2,
0022500151,1628378,D. Mitchell,1610612739,CLE,3,PT00M50.20S,bonus,attemptEquivalent,2,2,
0022500151,1630700,D. Daniels,1610612737,ATL,4,PT09M02.00S,andOne,addOn,1,1,591
0022500151,1642878,T. Proctor,1610612739,CLE,4,PT07M46.00S,shootingFoul2,attemptEquivalent,2,2,
0022500151,1629638,N. Alexander-Walker,1610612737,ATL,4,PT05M10.00S,shootingFoul2,attemptEquivalent,2,2,
0022500151,1629638,N. Alexander-Walker,1610612737,ATL,4,PT03M54.00S,shootingFoul2,attemptEquivalent,2,2,
0022500151,1628378,D. Mitchell,1610612739,CLE,4,PT02M33.00S,andOne,addOn,1,1,697
0022500151,1629638,N. Alexander-Walker,1610612737,ATL,4,PT01M49.00S,bonus,attemptEquivalent,1,2,
0022500151,1630552,J. Johnson,1610612737,ATL,4,PT01M01.00S,bonus,attemptEquivalent,0,2,
0022500151,1630596,E. Mobley,1610612739,CLE,4,PT00M34.60S,bonus,attemptEquivalent,1,2,
0022500151,1629638,N. Alexander-Walker,1610612737,ATL,4,PT00M23.70S,andOne,addOn,1,1,739
0022500151,1629631,D. Hunter,1610612739,CLE,4,PT00M21.20S,bonus,attemptEquivalent,2,2,
0022500151,1629631,D. Hunter,1610612739,CLE,4,PT00M16.50S,bonus,attemptEquivalent,2,2,
0022500158,1630568,L. Garza,1610612738,BOS,1,PT04M14.00S,shootingFoul2,attemptEquivalent,2,2,
0022500158,1627759,J. Brown,1610612738,BOS,1,PT03M03.00S,shootingFoul2,attemptEquivalent,1,2,
0022500158,1641718,K. George,1610612762,UTA,2,PT02M22.00S,shootingFoul2,attemptEquivalent,2,2,
0022500158,1641718,K. George,1610612762,UTA,2,PT00M00.10S,shootingFoul2,attemptEquivalent,1,2,
0022500158,1629674,N. Queta,1610612738,BOS,3,PT09M51.00S,andOne,addOn,0,1,370
0022500158,1641718,K. George,1610612762,UTA,3,PT08M50.00S,shootingFoul3,attemptEquivalent,3,3,
0022500158,1641718,K. George,1610612762,UTA,3,PT08M23.00S,shootingFoul2,attemptEquivalent,2,2,
0022500158,1627759,J. Brown,1610612738,BOS,3,PT07M09.00S,shootingFoul2,attemptEquivalent,2,2,
0022500158,1628374,L. Markkanen,1610612762,UTA,3,PT05M22.00S,shootingFoul2,attemptEquivalent,2,2,
0022500158,1641989,E. Harkless,1610612762,UTA,3,PT05M00.00S,andOne,addOn,1,1,448
0022500158,1630573,S. Hauser,1610612738,BOS,3,PT03M42.00S,shootingFoul2,attemptEquivalent,1,2,
0022500158,1627759,J. Brown,1610612738,BOS,3,PT02M46.00S,andOne,addOn,1,1,488
0022500158,1627759,J. Brown,1610612738,BOS,3,PT00M28.40S,shootingFoul2,attemptEquivalent,2,2,
0022500158,1642271,K. Filipowski,1610612762,UTA,3,PT00M09.00S,andOne,addOn,1,1,527
0022500158,1642271,K. Filipowski,1610612762,UTA,4,PT11M46.00S,shootingFoul2,attemptEquivalent,1,2,
0022500158,1629014,A. Simons,1610612738,BOS,4,PT10M13.00S,andOne,addOn,1,1,563
0022500158,1629014,A. Simons,1610612738,BOS,4,PT09M08.00S,shootingFoul2,attemptEquivalent,2,2,
0022500158,1642271,K. Filipowski,1610612762,UTA,4,PT08M00.00S,shootingFoul2,attemptEquivalent,1,2,
0022500158,1628374,L. Markkanen,1610612762,UTA,4,PT06M05.00S,shootingFoul2,attemptEquivalent,2,2,
0022500158,1627759,J. Brown,1610612738,BOS,4,PT05M13.00S,andOne,addOn,1,1,639
0022500158,1627759,J. Brown,1610612738,BOS,4,PT02M47.00S,shootingFoul2,attemptEquivalent,2,2,
0022500158,1641718,K. George,1610612762,UTA,4,PT02M06.00S,shootingFoul2,attemptEquivalent,1,2,
0022500158,203994,J. Nurkić,1610612762,UTA,4,PT01M44.00S,shootingFoul2,attemptEquivalent,1,2,
0022500158,1641718,K. George,1610612762,UTA,4,PT01M16.00S,shootingFoul2,attemptEquivalent,2,2,
0022500158,1629674,N. Queta,1610612738,BOS,4,PT00M24.80S,shootingFoul2,attemptEquivalent,1,2,
0022500159,1642259,A. Sarr,1610612764,WAS,1,PT05M10.00S,andOne,addOn,1,1,81
0022500159,1627824,G. Yabusele,1610612752,NYK,1,PT00M25.10S,shootingFoul2,attemptEquivalent,1,2,
0022500159,1642860,W. Riley,1610612764,WAS,2,PT09M50.00S,shootingFoul2,attemptEquivalent,0,2,
0022500159,1642259,A. Sarr,1610612764,WAS,2,PT07M13.00S,flagrant,addOn,2,2,
0022500159,1628973,J. Brunson,1610612752,NYK,2,PT03M46.00S,shootingFoul2,attemptEquivalent,2,2,
0022500159,203903,J. Clarkson,1610612752,NYK,2,PT03M25.00S,shootingFoul3,attemptEquivalent,3,3,
0022500159,1641731,B. Coulibaly,1610612764,WAS,2,PT02M48.00S,shootingFoul2,attemptEquivalent,1,2,
0022500159,1641731,B. Coulibaly,1610612764,WAS,2,PT00M56.20S,andOne,addOn,1,1,324
0022500159,1626157,K. Towns,1610612752,NYK,2,PT00M00.40S,andOne,addOn,1,1,339
0022500159,1626157,K. Towns,1610612752,NYK,3,PT09M32.00S,andOne,addOn,1,1,386
0022500159,1629013,L. Shamet,1610612752,NYK,3,PT08M24.00S,shootingFoul3,attemptEquivalent,3,3,
0022500159,1628973,J. Brunson,1610612752,NYK,3,PT07M19.00S,andOne,addOn,1,1,420
0022500159,1630551,J. Champagnie,1610612764,WAS,3,PT06M35.00S,shootingFoul2,attemptEquivalent,2,2,
0022500159,1628963,M. Bagley III,1610612764,WAS,3,PT02M47.00S,shootingFoul2,attemptEquivalent,2,2,
0022500159,1630557,C. Kispert,1610612764,WAS,4,PT09M58.00S,shootingFoul2,attemptEquivalent,2,2,
0022500159,1626157,K. Towns,1610612752,NYK,4,PT08M41.00S,shootingFoul2,attemptEquivalent,1,2,
0022500159,1626157,K. Towns,1610612752,NYK,4,PT04M16.00S,andOne,addOn,1,1,617
0022500159,1626157,K. Towns,1610612752,NYK,4,PT03M40.00S,bonus,attemptEquivalent,2,2,
0022500159,1641774,T. Vukcevic,1610612764,WAS,4,PT02M47.00S,shootingFoul2,attemptEquivalent,1,2,
0022500159,1642885,M. Diawara,1610612752,NYK,4,PT01M24.00S,shootingFoul2,attemptEquivalent,0,2,
0022500159,1631103,M. Branham,1610612764,WAS,4,PT01M13.00S,shootingFoul2,attemptEquivalent,0,2,
0022500162,1627734,D. Sabonis,1610612758,SAC,1,PT10M59.00S,shootingFoul2,attemptEquivalent,1,2,
0022500162,203999,N. Jokić,1610612743,DEN,1,PT09M41.00S,awayFromPlay,addOn,1,1,
0022500162,1627734,D. Sabonis,1610612758,SAC,1,PT06M11.00S,shootingFoul2,attemptEquivalent,2,2,
0022500162,201942,D. DeRozan,1610612758,SAC,1,PT01M52.00S,andOne,addOn,1,1,128
0022500162,203471,D. Schröder,1610612758,SAC,2,PT09M50.00S,shootingFoul2,attemptEquivalent,2,2,
0022500162,1628971,B. Brown,1610612743,DEN,2,PT08M57.00S,andOne,addOn,1,1,191
0022500162,1631124,J. Strawther,1610612743,DEN,2,PT08M40.00S,shootingFoul2,attemptEquivalent,1,2,
0022500162,201566,R. Westbrook,1610612758,SAC,2,PT06M26.00S,andOne,addOn,1,1,236
0022500162,203897,Z. LaVine,1610612758,SAC,2,PT04M28.00S,andOne,addOn,1,1,262
0022500162,1627750,J. Murray,1610612743,DEN,2,PT04M15.00S,andOne,addOn,1,1,271
0022500162,1631128,C. Braun,1610612743,DEN,2,PT03M59.00S,bonus,attemptEquivalent,2,2,
0022500162,203932,A. Gordon,1610612743,DEN,2,PT03M02.00S,shootingFoul2,attemptEquivalent,2,2,
0022500162,1631128,C. Braun,1610612743,DEN,2,PT02M27.00S,bonus,attemptEquivalent,1,2,
0022500162,1631128,C. Braun,1610612743,DEN,2,PT00M54.80S,bonus,attemptEquivalent,2,2,
0022500162,203932,A. Gordon,1610612743,DEN,3,PT09M49.00S,shootingFoul2,attemptEquivalent,1,2,
0022500162,1631128,C. Braun,1610612743,DEN,3,PT08M55.00S,andOne,addOn,1,1,366
0022500162,201566,R. Westbrook,1610612758,SAC,3,PT08M24.00S,shootingFoul2,attemptEquivalent,2,2,
0022500162,203897,Z. LaVine,1610612758,SAC,3,PT07M57.00S,shootingFoul2,attemptEquivalent,1,2,
0022500162,203471,D. Schröder,1610612758,SAC,3,PT06M36.00S,shootingFoul2,attemptEquivalent,2,2,
0022500162,203897,Z. LaVine,1610612758,SAC,3,PT05M37.00S,shootingFoul2,attemptEquivalent,2,2,
0022500162,1627750,J. Murray,1610612743,DEN,3,PT02M30.00S,shootingFoul2,attemptEquivalent,2,2,
0022500162,203999,N. Jokić,1610612743,DEN,3,PT01M28.00S,shootingFoul2,attemptEquivalent,1,2,
0022500162,201942,D. DeRozan,1610612758,SAC,4,PT11M09.00S,shootingFoul2,attemptEquivalent,1,2,
0022500162,1629234,D. Eubanks,1610612758,SAC,4,PT10M39.00S,andOne,addOn,1,1,523
0022500162,1629234,D. Eubanks,1610612758,SAC,4,PT10M11.00S,shootingFoul2,attemptEquivalent,1,2,
0022500162,203932,A. Gordon,1610612743,DEN,4,PT04M14.00S,shootingFoul2,attemptEquivalent,2,2,
0022500162,203897,Z. LaVine,1610612758,SAC,4,PT02M57.00S,shootingFoul2,attemptEquivalent,2,2,
0022500162,201942,D. DeRozan,1610612758,SAC,4,PT02M18.00S,transitionTake,addOn,1,1,
0022500162,1631128,C. Braun,1610612743,DEN,4,PT00M06.80S,bonus,attemptEquivalent,0,2,
0022500170,201935,J. Harden,1610612746,LAC,1,PT11M31.00S,shootingFoul2,attemptEquivalent,2,2,
0022500170,1628983,S. Gilgeous-Alexander,1610612760,OKC,1,PT10M52.00S,shootingFoul2,attemptEquivalent,2,2,
0022500170,201935,J. Harden,1610612746,LAC,1,PT10M34.00S,andOne,addOn,1,1,24
0022500170,1629652,L. Dort,1610612760,OKC,1,PT09M24.00S,shootingFoul2,attemptEquivalent,1,2,
0022500170,1627826,I. Zubac,1610612746,LAC,1,PT08M52.00S,shootingFoul2,attemptEquivalent,1,2,
0022500170,1631096,C. Holmgren,1610612760,OKC,1,PT07M54.00S,shootingFoul2,attemptEquivalent,1,2,
0022500170,203992,B. Bogdanović,1610612746,LAC,1,PT02M00.00S,shootingFoul2,attemptEquivalent,1,2,
0022500170,1628381,J. Collins,1610612746,LAC,1,PT00M54.70S,bonus,attemptEquivalent,2,2,
0022500170,1630598,A. Wiggins,1610612760,OKC,2,PT10M36.00S,andOne,addOn,0,1,192
0022500170,1628381,J. Collins,1610612746,LAC,2,PT09M04.00S,shootingFoul2,attemptEquivalent,2,2,
0022500170,1628392,I. Hartenstein,1610612760,OKC,2,PT06M36.00S,shootingFoul2,attemptEquivalent,2,2,
0022500170,1628983,S. Gilgeous-Alexander,1610612760,OKC,2,PT02M27.00S,bonus,attemptEquivalent,1,2,
0022500170,1627739,K. Dunn,1610612746,LAC,2,PT01M19.00S,shootingFoul2,attemptEquivalent,1,2,
0022500170,1628983,S. Gilgeous-Alexander,1610612760,OKC,2,PT00M34.10S,shootingFoul3,attemptEquivalent,3,3,
0022500170,201935,J. Harden,1610612746,LAC,3,PT11M02.00S,shootingFoul3,attemptEquivalent,3,3,
0022500170,1627884,D. Jones Jr.,1610612746,LAC,3,PT03M50.00S,shootingFoul3,attemptEquivalent,3,3,
0022500170,1628381,J. Collins,1610612746,LAC,3,PT02M59.00S,bonus,attemptEquivalent,2,2,
0022500170,1630198,I. Joe,1610612760,OKC,3,PT02M47.00S,shootingFoul2,attemptEquivalent,2,2,
0022500170,1631096,C. Holmgren,1610612760,OKC,4,PT08M35.00S,shootingFoul2,attemptEquivalent,2,2,
0022500170,1642949,Y. Niederhäuser,1610612746,LAC,4,PT05M12.00S,bonus,attemptEquivalent,1,2,
0022500170,1642949,Y. Niederhäuser,1610612746,LAC,4,PT03M50.00S,shootingFoul2,attemptEquivalent,2,2,
0022500170,203992,B. Bogdanović,1610612746,LAC,4,PT03M23.00S,shootingFoul2,attemptEquivalent,2,2,
0022500170,1642959,C. Youngblood,1610612760,OKC,4,PT02M10.00S,bonus,attemptEquivalent,2,2,
0022500171,1626162,K. Oubre Jr.,1610612755,PHI,1,PT07M39.00S,shootingFoul2,attemptEquivalent,1,2,
0022500171,1630178,T. Maxey,1610612755,PHI,1,PT05M09.00S,shootingFoul2,attemptEquivalent,1,2,
0022500171,1629656,Q. Grimes,1610612755,PHI,1,PT04M53.00S,shootingFoul2,attemptEquivalent,2,2,
0022500171,1630178,T. Maxey,1610612755,PHI,1,PT02M27.00S,bonus,attemptEquivalent,1,2,
0022500171,1628378,D. Mitchell,1610612739,CLE,1,PT02M19.00S,shootingFoul2,attemptEquivalent,2,2,
0022500171,1629656,Q. Grimes,1610612755,PHI,1,PT01M08.00S,bonus,attemptEquivalent,2,2,
0022500171,1628378,D. Mitchell,1610612739,CLE,1,PT00M19.90S,bonus,attemptEquivalent,2,2,
0022500171,1630570,T. Watford,1610612755,PHI,2,PT11M19.00S,shootingFoul2,attemptEquivalent,2,2,
0022500171,1641737,A. Bona,1610612755,PHI,2,PT10M38.00S,clearPath,addOn,0,2,
0022500171,1641737,A. Bona,1610612755,PHI,2,PT09M50.00S,awayFromPlay,addOn,0,1,
0022500171,1641737,A. Bona,1610612755,PHI,2,PT08M37.00S,shootingFoul2,attemptEquivalent,2,2,
0022500171,1630570,T. Watford,1610612755,PHI,2,PT06M49.00S,bonus,attemptEquivalent,2,2,
0022500171,1630178,T. Maxey,1610612755,PHI,2,PT04M42.00S,shootingFoul2,attemptEquivalent,2,2,
0022500171,1630241,S. Merrill,1610612739,CLE,2,PT02M26.00S,bonus,attemptEquivalent,2,2,
0022500171,1628378,D. Mitchell,1610612739,CLE,2,PT00M27.40S,shootingFoul2,attemptEquivalent,2,2,
0022500171,1628386,J. Allen,1610612739,CLE,3,PT09M48.00S,shootingFoul2,attemptEquivalent,2,2,
0022500171,1630596,E. Mobley,1610612739,CLE,3,PT09M19.00S,andOne,addOn,1,1,437
0022500171,1630178,T. Maxey,1610612755,PHI,3,PT04M31.00S,shootingFoul2,attemptEquivalent,1,2,
0022500171,1628378,D. Mitchell,1610612739,CLE,3,PT02M23.00S,bonus,attemptEquivalent,2,2,
0022500171,1629656,Q. Grimes,1610612755,PHI,3,PT01M03.00S,bonus,attemptEquivalent,1,2,
0022500171,1630596,E. Mobley,1610612739,CLE,4,PT11M19.00S,shootingFoul2,attemptEquivalent,1,2,
0022500171,1629656,Q. Grimes,1610612755,PHI,4,PT09M28.00S,andOne,addOn,1,1,602
0022500171,1629656,Q. Grimes,1610612755,PHI,4,PT08M46.00S,shootingFoul2,attemptEquivalent,2,2,
0022500171,1642845,V. Edgecombe,1610612755,PHI,4,PT02M47.00S,shootingFoul2,attemptEquivalent,1,2,
0022500171,1628378,D. Mitchell,1610612739,CLE,4,PT01M06.00S,bonus,attemptEquivalent,2,2,
0022500172,1641718,K. George,1610612762,UTA,1,PT10M18.00S,shootingFoul2,attemptEquivalent,2,2,
0022500172,1631105,J. Duren,1610612765,DET,1,PT05M22.00S,shootingFoul2,attemptEquivalent,0,2,
0022500172,1641718,K. George,1610612762,UTA,1,PT04M26.00S,shootingFoul2,attemptEquivalent,2,2,
0022500172,1642846,A. Bailey,1610612762,UTA,1,PT03M53.00S,shootingFoul2,attemptEquivalent,2,2,
0022500172,1629750,J. Green,1610612765,DET,1,PT03M45.00S,shootingFoul2,attemptEquivalent,2,2,
0022500172,1630595,C. Cunningham,1610612765,DET,1,PT03M07.00S,andOne,addOn,1,1,123
0022500172,1629750,J. Green,1610612765,DET,1,PT02M25.00S,shootingFoul2,attemptEquivalent,1,2,
0022500172,1642846,A. Bailey,1610612762,UTA,1,PT02M12.00S,shootingFoul2,attemptEquivalent,1,2,
0022500172,1627747,C. LeVert,1610612765,DET,1,PT00M42.00S,shootingFoul2,attemptEquivalent,2,2,
0022500172,1642271,K. Filipowski,1610612762,UTA,1,PT00M26.10S,bonus,attemptEquivalent,2,2,
0022500172,1629130,D. Robinson,1610612765,DET,1,PT00M07.00S,bonus,attemptEquivalent,0,2,
0022500172,201567,K. Love,1610612762,UTA,2,PT03M57.00S,shootingFoul2,attemptEquivalent,2,2,
0022500172,1630595,C. Cunningham,1610612765,DET,3,PT11M31.00S,andOne,addOn,1,1,365
0022500172,1631105,J. Duren,1610612765,DET,3,PT09M25.00S,shootingFoul2,attemptEquivalent,2,2,
0022500172,1629004,S. Mykhailiuk,1610612762,UTA,3,PT09M00.00S,shootingFoul2,attemptEquivalent,2,2,
0022500172,1641709,A. Thompson,1610612765,DET,3,PT06M11.00S,shootingFoul2,attemptEquivalent,1,2,
0022500172,201567,K. Love,1610612762,UTA,3,PT04M57.00S,bonus,attemptEquivalent,1,2,
0022500172,1627747,C. LeVert,1610612765,DET,3,PT01M23.00S,shootingFoul2,attemptEquivalent,0,2,
0022500172,1641709,A. Thompson,1610612765,DET,3,PT00M50.60S,shootingFoul2,attemptEquivalent,1,2,
0022500172,203994,J. Nurkić,1610612762,UTA,3,PT00M34.00S,bonus,attemptEquivalent,2,2,
0022500172,1628374,L. Markkanen,1610612762,UTA,4,PT11M28.00S,shootingFoul2,attemptEquivalent,2,2,
0022500172,1628374,L. Markkanen,1610612762,UTA,4,PT08M59.00S,shootingFoul2,attemptEquivalent,2,2,
0022500172,1642383,W. Clayton Jr.,1610612762,UTA,4,PT08M29.00S,andOne,addOn,1,1,595
0022500172,1628374,L. Markkanen,1610612762,UTA,4,PT06M53.00S,bonus,attemptEquivalent,2,2,
0022500172,1629004,S. Mykhailiuk,1610612762,UTA,4,PT02M41.00S,andOne,addOn,0,1,662
0022500172,1641718,K. George,1610612762,UTA,4,PT00M34.70S,shootingFoul3,attemptEquivalent,2,3,
0022500172,1641709,A. Thompson,1610612765,DET,4,PT00M26.10S,bonus,attemptEquivalent,2,2,
0022500174,1642259,A. Sarr,1610612764,WAS,1,PT11M40.00S,shootingFoul2,attemptEquivalent,1,2,
0022500174,1630551,J. Champagnie,1610612764,WAS,1,PT08M29.00S,andOne,addOn,1,1,51
0022500174,1642273,K. George,1610612764,WAS,1,PT05M57.00S,shootingFoul2,attemptEquivalent,1,2,
0022500174,1642273,K. George,1610612764,WAS,1,PT05M26.00S,bonus,attemptEquivalent,2,2,
0022500174,1627759,J. Brown,1610612738,BOS,1,PT04M39.00S,andOne,addOn,1,1,108
0022500174,1627759,J. Brown,1610612738,BOS,1,PT03M39.00S,shootingFoul2,attemptEquivalent,1,2,
0022500174,1642848,T. Johnson,1610612764,WAS,1,PT02M59.00S,bonus,attemptEquivalent,2,2,
0022500174,1628963,M. Bagley III,1610612764,WAS,1,PT01M41.00S,andOne,addOn,1,1,153
0022500174,1642273,K. George,1610612764,WAS,2,PT10M57.00S,andOne,addOn,0,1,199
0022500174,1631169,J. Minott,1610612738,BOS,2,PT05M21.00S,shootingFoul2,attemptEquivalent,2,2,
0022500174,1630202,P. Pritchard,1610612738,BOS,2,PT04M53.00S,shootingFoul2,attemptEquivalent,2,2,
0022500174,203468,C. McCollum,1610612764,WAS,2,PT04M39.00S,andOne,addOn,1,1,277
0022500174,1628401,D. White,1610612738,BOS,2,PT04M31.00S,shootingFoul2,attemptEquivalent,1,2,
0022500174,1630557,C. Kispert,1610612764,WAS,2,PT03M51.00S,andOne,addOn,1,1,290
0022500174,1627759,J. Brown,1610612738,BOS,2,PT03M40.00S,shootingFoul2,attemptEquivalent,2,2,
0022500174,1641731,B. Coulibaly,1610612764,WAS,2,PT03M25.00S,shootingFoul2,attemptEquivalent,1,2,
0022500174,1629674,N. Queta,1610612738,BOS,2,PT03M16.00S,bonus,attemptEquivalent,1,2,
0022500174,1627759,J. Brown,1610612738,BOS,3,PT11M08.00S,shootingFoul2,attemptEquivalent,1,2,
0022500174,1630551,J. Champagnie,1610612764,WAS,3,PT09M00.00S,shootingFoul2,attemptEquivalent,1,2,
0022500174,1627759,J. Brown,1610612738,BOS,3,PT07M02.00S,shootingFoul2,attemptEquivalent,2,2,
0022500174,1630568,L. Garza,1610612738,BOS,3,PT04M42.00S,bonus,attemptEquivalent,2,2,
0022500174,1630557,C. Kispert,1610612764,WAS,3,PT04M02.00S,andOne,addOn,0,1,479
0022500174,1631103,M. Branham,1610612764,WAS,3,PT02M39.00S,bonus,attemptEquivalent,2,2,
0022500174,1628401,D. White,1610612738,BOS,4,PT10M28.00S,andOne,addOn,1,1,545
0022500174,1642259,A. Sarr,1610612764,WAS,4,PT09M30.00S,shootingFoul2,attemptEquivalent,2,2,
0022500174,1641774,T. Vukcevic,1610612764,WAS,4,PT05M25.00S,andOne,addOn,1,1,602
0022500174,1642358,A. Johnson,1610612764,WAS,4,PT04M40.00S,shootingFoul2,attemptEquivalent,1,2,
0022500174,1631103,M. Branham,1610612764,WAS,4,PT01M35.00S,shootingFoul2,attemptEquivalent,2,2,
0022500180,1628983,S. Gilgeous-Alexander,1610612760,OKC,1,PT11M22.00S,shootingFoul2,attemptEquivalent,2,2,
0022500180,1641739,T. Camara,1610612757,POR,1,PT10M59.00S,shootingFoul2,attemptEquivalent,1,2,
0022500180,1628983,S. Gilgeous-Alexander,1610612760,OKC,1,PT08M46.00S,shootingFoul2,attemptEquivalent,2,2,
0022500180,1628392,I. Hartenstein,1610612760,OKC,1,PT08M26.00S,shootingFoul2,attemptEquivalent,2,2,
0022500180,1630166,D. Avdija,1610612757,POR,1,PT08M20.00S,shootingFoul2,attemptEquivalent,2,2,
0022500180,1631172,O. Dieng,1610612760,OKC,1,PT05M02.00S,shootingFoul2,attemptEquivalent,2,2,
0022500180,1642349,A. Mitchell,1610612760,OKC,1,PT02M35.00S,bonus,attemptEquivalent,2,2,
0022500180,1630166,D. Avdija,1610612757,POR,1,PT01M45.00S,shootingFoul2,attemptEquivalent,1,2,
0022500180,1631101,S. Sharpe,1610612757,POR,1,PT00M38.20S,bonus,attemptEquivalent,2,2,
0022500180,1628983,S. Gilgeous-Alexander,1610612760,OKC,1,PT00M26.70S,shootingFoul2,attemptEquivalent,1,2,
0022500180,1630166,D. Avdija,1610612757,POR,2,PT10M29.00S,shootingFoul2,attemptEquivalent,2,2,
0022500180,1630166,D. Avdija,1610612757,POR,2,PT08M28.00S,shootingFoul2,attemptEquivalent,2,2,
0022500180,1628983,S. Gilgeous-Alexander,1610612760,OKC,2,PT06M48.00S,shootingFoul2,attemptEquivalent,2,2,
0022500180,1628392,I. Hartenstein,1610612760,OKC,2,PT04M58.00S,shootingFoul2,attemptEquivalent,2,2,
0022500180,1630166,D. Avdija,1610612757,POR,2,PT03M06.00S,bonus,attemptEquivalent,2,2,
0022500180,203924,J. Grant,1610612757,POR,2,PT02M55.00S,bonus,attemptEquivalent,2,2,
0022500180,1630166,D. Avdija,1610612757,POR,3,PT10M23.00S,shootingFoul2,attemptEquivalent,2,2,
0022500180,1642270,D. Clingan,1610612757,POR,3,PT08M48.00S,shootingFoul2,attemptEquivalent,2,2,
0022500180,1628392,I. Hartenstein,1610612760,OKC,3,PT07M27.00S,andOne,addOn,0,1,478
0022500180,1628983,S. Gilgeous-Alexander,1610612760,OKC,3,PT03M55.00S,shootingFoul2,attemptEquivalent,2,2,
0022500180,1630166,D. Avdija,1610612757,POR,3,PT03M46.00S,bonus,attemptEquivalent,2,2,
0022500180,203924,J. Grant,1610612757,POR,3,PT01M15.00S,bonus,attemptEquivalent,2,2,
0022500180,1630198,I. Joe,1610612760,OKC,3,PT00M57.00S,bonus,attemptEquivalent,2,2,
0022500180,1631101,S. Sharpe,1610612757,POR,4,PT10M16.00S,shootingFoul2,attemptEquivalent,2,2,
0022500180,1642349,A. Mitchell,1610612760,OKC,4,PT08M16.00S,shootingFoul2,attemptEquivalent,2,2,
0022500180,1630166,D. Avdija,1610612757,POR,4,PT08M04.00S,shootingFoul2,attemptEquivalent,2,2,
0022500180,203924,J. Grant,1610612757,POR,4,PT03M59.00S,shootingFoul2,attemptEquivalent,2,2,
0022500180,1642349,A. Mitchell,1610612760,OKC,4,PT01M25.00S,andOne,addOn,1,1,734
0022500180,1642349,A. Mitchell,1610612760,OKC,4,PT00M55.10S,shootingFoul2,attemptEquivalent,2,2,
0022500180,1628983,S. Gilgeous-Alexander,1610612760,OKC,4,PT00M07.10S,bonus,attemptEquivalent,2,2,
0022500180,201950,J. Holiday,1610612757,POR,4,PT00M06.50S,bonus,attemptEquivalent,2,2,
0022500180,1630198,I. Joe,1610612760,OKC,4,PT00M00.60S,shootingFoul2,attemptEquivalent,1,2,
0022500181,1642954,W. Richard,1610612744,GSW,1,PT07M01.00S,shootingFoul2,attemptEquivalent,2,2,
0022500181,1642954,W. Richard,1610612744,GSW,1,PT06M11.00S,shootingFoul2,attemptEquivalent,2,2,
0022500181,1642875,M. Raynaud,1610612758,SAC,1,PT02M54.00S,shootingFoul2,attemptEquivalent,2,2,
0022500181,1629234,D. Eubanks,1610612758,SAC,2,PT11M51.00S,shootingFoul2,attemptEquivalent,2,2,
0022500181,203471,D. Schröder,1610612758,SAC,2,PT09M51.00S,shootingFoul2,attemptEquivalent,1,2,
0022500181,1630228,J. Kuminga,1610612744,GSW,2,PT07M56.00S,shootingFoul2,attemptEquivalent,1,2,
0022500181,1630228,J. Kuminga,1610612744,GSW,2,PT05M49.00S,shootingFoul2,attemptEquivalent,2,2,
0022500181,201942,D. DeRozan,1610612758,SAC,2,PT03M04.00S,andOne,addOn,1,1,290
0022500181,1630228,J. Kuminga,1610612744,GSW,2,PT00M41.90S,shootingFoul2,attemptEquivalent,1,2,
0022500181,1628370,M. Monk,1610612758,SAC,2,PT00M32.70S,bonus,attemptEquivalent,2,2,
0022500181,201942,D. DeRozan,1610612758,SAC,3,PT11M36.00S,shootingFoul2,attemptEquivalent,2,2,
0022500181,201566,R. Westbrook,1610612758,SAC,3,PT09M22.00S,shootingFoul2,attemptEquivalent,2,2,
0022500181,1642363,N. Clifford,1610612758,SAC,3,PT09M03.00S,shootingFoul2,attemptEquivalent,1,2,
0022500181,1629234,D. Eubanks,1610612758,SAC,3,PT07M17.00S,shootingFoul2,attemptEquivalent,0,2,
0022500181,1642954,W. Richard,1610612744,GSW,3,PT06M23.00S,andOne,addOn,0,1,427
0022500181,1642954,W. Richard,1610612744,GSW,3,PT05M49.00S,shootingFoul2,attemptEquivalent,1,2,
0022500181,201942,D. DeRozan,1610612758,SAC,3,PT05M19.00S,shootingFoul2,attemptEquivalent,2,2,
0022500181,1630228,J. Kuminga,1610612744,GSW,3,PT04M23.00S,shootingFoul2,attemptEquivalent,2,2,
0022500181,1642875,M. Raynaud,1610612758,SAC,3,PT03M42.00S,bonus,attemptEquivalent,2,2,
0022500181,201942,D. DeRozan,1610612758,SAC,3,PT03M04.00S,shootingFoul2,attemptEquivalent,2,2,
0022500181,1627741,B. Hield,1610612744,GSW,3,PT02M38.00S,shootingFoul2,attemptEquivalent,2,2,
0022500181,1628370,M. Monk,1610612758,SAC,3,PT01M19.00S,bonus,attemptEquivalent,2,2,
0022500181,1628370,M. Monk,1610612758,SAC,3,PT00M33.70S,shootingFoul2,attemptEquivalent,1,2,
0022500181,1628370,M. Monk,1610612758,SAC,4,PT10M39.00S,shootingFoul2,attemptEquivalent,2,2,
0022500181,1641764,B. Podziemski,1610612744,GSW,4,PT09M06.00S,shootingFoul2,attemptEquivalent,2,2,
0022500181,1630541,M. Moody,1610612744,GSW,4,PT07M34.00S,andOne,addOn,1,1,630
0022500181,1630541,M. Moody,1610612744,GSW,4,PT03M12.00S,shootingFoul2,attemptEquivalent,2,2,
0022500181,203471,D. Schröder,1610612758,SAC,4,PT00M14.80S,bonus,attemptEquivalent,2,2,
0022500181,201942,D. DeRozan,1610612758,SAC,4,PT00M07.40S,bonus,attemptEquivalent,2,2,
0022500183,1631108,M. Christie,1610612742,DAL,1,PT08M42.00S,andOne,addOn,1,1,36
0022500183,203468,C. McCollum,1610612764,WAS,1,PT07M21.00S,shootingFoul3,attemptEquivalent,2,3,
0022500183,1630702,J. Hardy,1610612742,DAL,1,PT04M03.00S,shootingFoul2,attemptEquivalent,1,2,
0022500183,1630619,M. Cisse,1610612742,DAL,1,PT03M18.00S,shootingFoul2,attemptEquivalent,1,2,
0022500183,1630230,N. Marshall,1610612742,DAL,1,PT02M54.00S,shootingFoul2,attemptEquivalent,2,2,
0022500183,203468,C. McCollum,1610612764,WAS,1,PT01M17.00S,andOne,addOn,1,1,165
0022500183,1628963,M. Bagley III,1610612764,WAS,1,PT00M43.20S,shootingFoul2,attemptEquivalent,2,2,
0022500183,1630230,N. Marshall,1610612742,DAL,1,PT00M38.70S,shootingFoul2,attemptEquivalent,1,2,
0022500183,1630230,N. Marshall,1610612742,DAL,2,PT11M39.00S,shootingFoul3,attemptEquivalent,3,3,
0022500183,203468,C. McCollum,1610612764,WAS,2,PT08M13.00S,shootingFoul2,attemptEquivalent,2,2,
0022500183,1631108,M. Christie,1610612742,DAL,2,PT08M01.00S,shootingFoul2,attemptEquivalent,2,2,
0022500183,1641715,C. Whitmore,1610612764,WAS,2,PT06M14.00S,shootingFoul2,attemptEquivalent,2,2,
0022500183,1642267,B. Carrington,1610612764,WAS,2,PT04M26.00S,bonus,attemptEquivalent,2,2,
0022500183,1629023,P. Washington,1610612742,DAL,2,PT03M19.00S,shootingFoul2,attemptEquivalent,2,2,
0022500183,1642259,A. Sarr,1610612764,WAS,2,PT00M30.30S,shootingFoul2,attemptEquivalent,1,2,
0022500183,1626156,D. Russell,1610612742,DAL,3,PT10M20.00S,shootingFoul2,attemptEquivalent,0,2,
0022500183,1642273,K. George,1610612764,WAS,3,PT09M17.00S,shootingFoul2,attemptEquivalent,2,2,
0022500183,1630314,B. Williams,1610612742,DAL,3,PT06M36.00S,shootingFoul2,attemptEquivalent,1,2,
0022500183,1642259,A. Sarr,1610612764,WAS,3,PT05M53.00S,shootingFoul2,attemptEquivalent,2,2,
0022500183,1630557,C. Kispert,1610612764,WAS,3,PT02M17.00S,shootingFoul2,attemptEquivalent,1,2,
0022500183,1630230,N. Marshall,1610612742,DAL,4,PT09M52.00S,shootingFoul2,attemptEquivalent,2,2,
0022500183,1630619,M. Cisse,1610612742,DAL,4,PT05M22.00S,shootingFoul2,attemptEquivalent,0,2,
0022500183,1642259,A. Sarr,1610612764,WAS,4,PT04M48.00S,shootingFoul2,attemptEquivalent,2,2,
0022500183,1629023,P. Washington,1610612742,DAL,4,PT04M36.00S,bonus,attemptEquivalent,2,2,
0022500183,1630230,N. Marshall,1610612742,DAL,4,PT00M17.20S,bonus,attemptEquivalent,1,2,
0022500183,1629023,P. Washington,1610612742,DAL,4,PT00M11.20S,bonus,attemptEquivalent,2,2,
0022500186,1628386,J. Allen,1610612739,CLE,1,PT09M49.00S,shootingFoul2,attemptEquivalent,1,2,
0022500186,1629631,D. Hunter,1610612739,CLE,1,PT07M20.00S,andOne,addOn,1,1,61
0022500186,1630596,E. Mobley,1610612739,CLE,1,PT06M48.00S,shootingFoul2,attemptEquivalent,2,2,
0022500186,1630596,E. Mobley,1610612739,CLE,1,PT05M33.00S,andOne,addOn,1,1,93
0022500186,1630596,E. Mobley,1610612739,CLE,1,PT04M22.00S,andOne,addOn,0,1,108
0022500186,1628989,K. Huerter,1610612741,CHI,1,PT01M30.00S,andOne,addOn,1,1,162
0022500186,1630245,A. Dosunmu,1610612741,CHI,1,PT00M48.70S,shootingFoul2,attemptEquivalent,2,2,
0022500186,1630245,A. Dosunmu,1610612741,CHI,2,PT11M52.00S,andOne,addOn,1,1,193
0022500186,1630188,J. Smith,1610612741,CHI,2,PT11M29.00S,shootingFoul2,attemptEquivalent,2,2,
0022500186,1641824,M. Buzelis,1610612741,CHI,2,PT10M22.00S,shootingFoul2,attemptEquivalent,2,2,
0022500186,1630581,J. Giddey,1610612741,CHI,2,PT09M40.00S,shootingFoul2,attemptEquivalent,2,2,
0022500186,1630172,P. Williams,1610612741,CHI,2,PT08M22.00S,bonus,attemptEquivalent,2,2,
0022500186,1629631,D. Hunter,1610612739,CLE,2,PT05M26.00S,andOne,addOn,1,1,295
0022500186,1630200,T. Jones,1610612741,CHI,2,PT02M46.00S,bonus,attemptEquivalent,1,2,
0022500186,1630171,I. Okoro,1610612741,CHI,2,PT02M18.00S,bonus,attemptEquivalent,2,2,
0022500186,1629631,D. Hunter,1610612739,CLE,2,PT01M53.00S,andOne,addOn,0,1,348
0022500186,1630596,E. Mobley,1610612739,CLE,3,PT10M19.00S,andOne,addOn,1,1,408
0022500186,1630581,J. Giddey,1610612741,CHI,3,PT07M14.00S,shootingFoul2,attemptEquivalent,2,2,
0022500186,1628989,K. Huerter,1610612741,CHI,3,PT04M55.00S,andOne,addOn,0,1,568
0022500186,1628386,J. Allen,1610612739,CLE,3,PT02M57.00S,shootingFoul2,attemptEquivalent,1,2,
0022500186,1630200,T. Jones,1610612741,CHI,3,PT01M24.00S,shootingFoul2,attemptEquivalent,2,2,
0022500186,1628386,J. Allen,1610612739,CLE,3,PT01M12.00S,shootingFoul2,attemptEquivalent,1,2,
0022500186,1628378,D. Mitchell,1610612739,CLE,3,PT00M11.50S,bonus,attemptEquivalent,2,2,
0022500186,1630200,T. Jones,1610612741,CHI,3,PT00M00.80S,bonus,attemptEquivalent,2,2,
0022500186,1630596,E. Mobley,1610612739,CLE,3,PT00M00.10S,shootingFoul2,attemptEquivalent,1,2,
0022500186,1630171,I. Okoro,1610612741,CHI,4,PT07M54.00S,shootingFoul2,attemptEquivalent,2,2,
0022500186,202696,N. Vučević,1610612741,CHI,4,PT06M56.00S,bonus,attemptEquivalent,1,2,
0022500186,1630171,I. Okoro,1610612741,CHI,4,PT06M31.00S,bonus,attemptEquivalent,2,2,
0022500186,1630200,T. Jones,1610612741,CHI,4,PT02M57.00S,bonus,attemptEquivalent,2,2,
0022500186,1630200,T. Jones,1610612741,CHI,4,PT02M11.00S,shootingFoul2,attemptEquivalent,2,2,
0022500186,1629631,D. Hunter,1610612739,CLE,4,PT01M59.00S,shootingFoul2,attemptEquivalent,1,2,
0022500186,1630200,T. Jones,1610612741,CHI,4,PT01M47.00S,shootingFoul2,attemptEquivalent,2,2,
0022500186,1628378,D. Mitchell,1610612739,CLE,4,PT00M33.40S,andOne,addOn,1,1,747
0022500186,1629631,D. Hunter,1610612739,CLE,4,PT00M12.30S,bonus,attemptEquivalent,2,2,
0022500186,1642281,J. Tyson,1610612739,CLE,4,PT00M04.30S,bonus,attemptEquivalent,2,2,
0022500194,1628983,S. Gilgeous-Alexander,1610612760,OKC,1,PT10M21.00S,andOne,addOn,1,1,17
0022500194,1628392,I. Hartenstein,1610612760,OKC,1,PT07M10.00S,shootingFoul2,attemptEquivalent,0,2,
0022500194,1629630,J. Morant,1610612763,MEM,1,PT06M03.00S,shootingFoul2,attemptEquivalent,1,2,
0022500194,1642907,C. Coward,1610612763,MEM,1,PT01M21.00S,shootingFoul2,attemptEquivalent,2,2,
0022500194,1642285,C. Spencer,1610612763,MEM,2,PT09M05.00S,shootingFoul2,attemptEquivalent,2,2,
0022500194,1628983,S. Gilgeous-Alexander,1610612760,OKC,2,PT05M37.00S,andOne,addOn,1,1,277
0022500194,1628983,S. Gilgeous-Alexander,1610612760,OKC,2,PT01M11.00S,andOne,addOn,1,1,333
0022500194,1641717,C. Wallace,1610612760,OKC,2,PT00M31.60S,andOne,addOn,1,1,350
0022500194,1642349,A. Mitchell,1610612760,OKC,3,PT10M45.00S,shootingFoul2,attemptEquivalent,1,2,
0022500194,1631096,C. Holmgren,1610612760,OKC,3,PT09M24.00S,shootingFoul2,attemptEquivalent,2,2,
0022500194,1628983,S. Gilgeous-Alexander,1610612760,OKC,3,PT06M34.00S,shootingFoul2,attemptEquivalent,2,2,
0022500194,1628983,S. Gilgeous-Alexander,1610612760,OKC,3,PT02M57.00S,shootingFoul3,attemptEquivalent,2,3,
0022500194,1627936,A. Caruso,1610612760,OKC,3,PT01M31.00S,bonus,attemptEquivalent,2,2,
0022500194,1628983,S. Gilgeous-Alexander,1610612760,OKC,3,PT00M31.60S,shootingFoul2,attemptEquivalent,2,2,
0022500194,1629630,J. Morant,1610612763,MEM,3,PT00M22.60S,bonus,attemptEquivalent,2,2,
0022500194,1630583,S. Aldama,1610612763,MEM,4,PT08M45.00S,andOne,addOn,1,1,582
0022500194,1642285,C. Spencer,1610612763,MEM,4,PT08M16.00S,shootingFoul2,attemptEquivalent,2,2,
0022500194,1642349,A. Mitchell,1610612760,OKC,4,PT07M06.00S,shootingFoul2,attemptEquivalent,2,2,
0022500194,1628991,J. Jackson Jr.,1610612763,MEM,4,PT06M28.00S,flagrant,addOn,1,3,
0022500194,1628983,S. Gilgeous-Alexander,1610612760,OKC,4,PT02M51.00S,andOne,addOn,1,1,676
0022500194,1631096,C. Holmgren,1610612760,OKC,4,PT02M26.00S,shootingFoul2,attemptEquivalent,2,2,
0022500194,1628392,I. Hartenstein,1610612760,OKC,4,PT02M13.00S,shootingFoul2,attemptEquivalent,2,2,
0022500194,1628991,J. Jackson Jr.,1610612763,MEM,4,PT00M57.70S,shootingFoul2,attemptEquivalent,1,2,
0022500194,1641713,G. Jackson,1610612763,MEM,4,PT00M21.80S,shootingFoul2,attemptEquivalent,1,2,
0022500197,201942,D. DeRozan,1610612758,SAC,1,PT10M26.00S,flagrant,addOn,1,1,
0022500197,1628978,D. DiVincenzo,1610612750,MIN,1,PT07M38.00S,shootingFoul3,attemptEquivalent,3,3,
0022500197,1630183,J. McDaniels,1610612750,MIN,2,PT09M43.00S,shootingFoul2,attemptEquivalent,2,2,
0022500197,203944,J. Randle,1610612750,MIN,2,PT08M12.00S,shootingFoul2,attemptEquivalent,2,2,
0022500197,1627734,D. Sabonis,1610612758,SAC,2,PT07M54.00S,shootingFoul2,attemptEquivalent,2,2,
0022500197,1642265,R. Dillingham,1610612750,MIN,2,PT07M54.00S,awayFromPlay,addOn,1,1,
0022500197,1627734,D. Sabonis,1610612758,SAC,2,PT06M07.00S,flagrant,addOn,1,2,
0022500197,1630162,A. Edwards,1610612750,MIN,2,PT04M07.00S,andOne,addOn,1,1,266
0022500197,1630162,A. Edwards,1610612750,MIN,2,PT03M32.00S,transitionTake,addOn,1,1,
0022500197,1630162,A. Edwards,1610612750,MIN,2,PT02M39.00S,shootingFoul2,attemptEquivalent,1,2,
0022500197,201942,D. DeRozan,1610612758,SAC,2,PT01M21.00S,bonus,attemptEquivalent,2,2,
0022500197,1627734,D. Sabonis,1610612758,SAC,2,PT01M08.00S,bonus,attemptEquivalent,2,2,
0022500197,1630162,A. Edwards,1610612750,MIN,2,PT00M48.40S,shootingFoul2,attemptEquivalent,2,2,
0022500197,1627734,D. Sabonis,1610612758,SAC,3,PT11M40.00S,shootingFoul2,attemptEquivalent,2,2,
0022500197,203497,R. Gobert,1610612750,MIN,3,PT08M51.00S,andOne,addOn,1,1,386
0022500197,1630183,J. McDaniels,1610612750,MIN,3,PT06M03.00S,andOne,addOn,1,1,428
0022500197,1630162,A. Edwards,1610612750,MIN,3,PT03M56.00S,bonus,attemptEquivalent,2,2,
0022500197,1641740,J. Clark,1610612750,MIN,3,PT02M28.00S,bonus,attemptEquivalent,2,2,
0022500197,1629234,D. Eubanks,1610612758,SAC,3,PT00M41.20S,bonus,attemptEquivalent,1,2,
0022500197,201942,D. DeRozan,1610612758,SAC,4,PT11M35.00S,shootingFoul2,attemptEquivalent,2,2,
0022500197,203471,D. Schröder,1610612758,SAC,4,PT10M26.00S,shootingFoul2,attemptEquivalent,1,2,
0022500197,1629234,D. Eubanks,1610612758,SAC,4,PT10M10.00S,andOne,addOn,1,1,549
0022500197,203497,R. Gobert,1610612750,MIN,4,PT08M24.00S,andOne,addOn,0,1,578
0022500197,1630173,P. Achiuwa,1610612758,SAC,4,PT08M06.00S,bonus,attemptEquivalent,1,2,
0022500197,1630173,P. Achiuwa,1610612758,SAC,4,PT07M31.00S,andOne,addOn,1,1,596
0022500197,1627734,D. Sabonis,1610612758,SAC,4,PT05M36.00S,bonus,attemptEquivalent,1,2,
0022500197,1627734,D. Sabonis,1610612758,SAC,4,PT04M56.00S,shootingFoul2,attemptEquivalent,2,2,
0022500197,1642363,N. Clifford,1610612758,SAC,4,PT03M39.00S,shootingFoul2,attemptEquivalent,1,2,
0022500197,1642875,M. Raynaud,1610612758,SAC,4,PT02M50.00S,shootingFoul2,attemptEquivalent,1,2,
0022500197,1642265,R. Dillingham,1610612750,MIN,4,PT00M59.20S,shootingFoul3,attemptEquivalent,3,3,
0022500197,1631165,K. Ellis,1610612758,SAC,4,PT00M43.50S,shootingFoul2,attemptEquivalent,2,2,
0022500199,203468,C. McCollum,1610612764,WAS,1,PT10M39.00S,andOne,addOn,1,1,17
0022500199,1630595,C. Cunningham,1610612765,DET,1,PT08M42.00S,shootingFoul2,attemptEquivalent,2,2,
0022500199,1631105,J. Duren,1610612765,DET,1,PT07M52.00S,shootingFoul2,attemptEquivalent,2,2,
0022500199,203468,C. McCollum,1610612764,WAS,1,PT07M35.00S,shootingFoul3,attemptEquivalent,3,3,
0022500199,1630595,C. Cunningham,1610612765,DET,1,PT05M20.00S,andOne,addOn,1,1,88
0022500199,1641715,C. Whitmore,1610612764,WAS,1,PT03M14.00S,andOne,addOn,1,1,115
0022500199,1642450,D. Jenkins,1610612765,DET,1,PT00M07.40S,shootingFoul2,attemptEquivalent,2,2,
0022500199,1630595,C. Cunningham,1610612765,DET,2,PT06M53.00S,andOne,addOn,1,1,246
0022500199,1630551,J. Champagnie,1610612764,WAS,2,PT05M33.00S,shootingFoul2,attemptEquivalent,0,2,
0022500199,1641842,R. Holland II,1610612765,DET,2,PT05M18.00S,andOne,addOn,1,1,278
0022500199,1630595,C. Cunningham,1610612765,DET,2,PT04M49.00S,shootingFoul2,attemptEquivalent,1,2,
0022500199,1631105,J. Duren,1610612765,DET,2,PT02M21.00S,andOne,addOn,0,1,328
0022500199,1631105,J. Duren,1610612765,DET,2,PT01M57.00S,shootingFoul2,attemptEquivalent,1,2,
0022500199,1642848,T. Johnson,1610612764,WAS,2,PT01M38.00S,andOne,addOn,1,1,345
0022500199,1631105,J. Duren,1610612765,DET,3,PT07M53.00S,shootingFoul2,attemptEquivalent,1,2,
0022500199,1631105,J. Duren,1610612765,DET,3,PT06M35.00S,shootingFoul2,attemptEquivalent,2,2,
0022500199,1630595,C. Cunningham,1610612765,DET,3,PT04M36.00S,shootingFoul2,attemptEquivalent,1,2,
0022500199,1641715,C. Whitmore,1610612764,WAS,3,PT00M27.20S,bonus,attemptEquivalent,2,2,
0022500199,203468,C. McCollum,1610612764,WAS,4,PT11M31.00S,shootingFoul2,attemptEquivalent,2,2,
0022500199,203468,C. McCollum,1610612764,WAS,4,PT11M17.00S,shootingFoul2,attemptEquivalent,1,2,
0022500199,1641842,R. Holland II,1610612765,DET,4,PT09M49.00S,shootingFoul2,attemptEquivalent,2,2,
0022500199,1641715,C. Whitmore,1610612764,WAS,4,PT09M12.00S,shootingFoul2,attemptEquivalent,2,2,
0022500199,1630595,C. Cunningham,1610612765,DET,4,PT04M47.00S,shootingFoul2,attemptEquivalent,2,2,
0022500199,1630595,C. Cunningham,1610612765,DET,4,PT04M27.00S,shootingFoul2,attemptEquivalent,2,2,
0022500199,1630595,C. Cunningham,1610612765,DET,4,PT03M50.00S,shootingFoul2,attemptEquivalent,2,2,
0022500199,1629750,J. Green,1610612765,DET,4,PT01M44.00S,shootingFoul2,attemptEquivalent,2,2,
0022500199,203468,C. McCollum,1610612764,WAS,4,PT01M29.00S,shootingFoul3,attemptEquivalent,2,3,
0022500199,1642273,K. George,1610612764,WAS,4,PT01M14.00S,shootingFoul2,attemptEquivalent,2,2,
0022500199,1630595,C. Cunningham,1610612765,DET,4,PT01M00.00S,shootingFoul2,attemptEquivalent,2,2,
0022500199,1642273,K. George,1610612764,WAS,4,PT00M02.20S,bonus,attemptEquivalent,1,2,
0022500199,1641715,C. Whitmore,1610612764,WAS,5,PT02M12.00S,andOne,addOn,1,1,760
0022500199,1630595,C. Cunningham,1610612765,DET,5,PT02M05.00S,shootingFoul2,attemptEquivalent,2,2,
0022500199,1641715,C. Whitmore,1610612764,WAS,5,PT01M45.00S,shootingFoul2,attemptEquivalent,1,2,
0022500199,1631105,J. Duren,1610612765,DET,5,PT00M17.50S,bonus,attemptEquivalent,1,2,
0022500199,1630194,P. Reed,1610612765,DET,5,PT00M06.60S,bonus,attemptEquivalent,0,2,
0022500201,1628386,J. Allen,1610612739,CLE,1,PT07M07.00S,andOne,addOn,0,1,60
0022500201,1630596,E. Mobley,1610612739,CLE,1,PT06M08.00S,shootingFoul2,attemptEquivalent,1,2,
0022500201,1629636,D. Garland,1610612739,CLE,1,PT04M45.00S,shootingFoul2,attemptEquivalent,2,2,
0022500201,1631107,N. Jović,1610612748,MIA,1,PT04M38.00S,shootingFoul2,attemptEquivalent,1,2,
0022500201,1631170,J. Jaquez Jr.,1610612748,MIA,2,PT09M14.00S,andOne,addOn,1,1,216
0022500201,1628386,J. Allen,1610612739,CLE,2,PT06M35.00S,shootingFoul2,attemptEquivalent,2,2,
0022500201,1626181,N. Powell,1610612748,MIA,2,PT04M49.00S,shootingFoul2,attemptEquivalent,2,2,
0022500201,1630596,E. Mobley,1610612739,CLE,2,PT03M15.00S,bonus,attemptEquivalent,0,2,
0022500201,1626181,N. Powell,1610612748,MIA,2,PT02M22.00S,shootingFoul3,attemptEquivalent,3,3,
0022500201,1629636,D. Garland,1610612739,CLE,2,PT02M08.00S,bonus,attemptEquivalent,2,2,
0022500201,1626181,N. Powell,1610612748,MIA,2,PT02M02.00S,bonus,attemptEquivalent,2,2,
0022500201,203952,A. Wiggins,1610612748,MIA,3,PT10M21.00S,shootingFoul2,attemptEquivalent,1,2,
0022500201,1626181,N. Powell,1610612748,MIA,3,PT09M59.00S,shootingFoul2,attemptEquivalent,2,2,
0022500201,1629636,D. Garland,1610612739,CLE,3,PT06M52.00S,shootingFoul2,attemptEquivalent,2,2,
0022500201,203952,A. Wiggins,1610612748,MIA,3,PT05M57.00S,bonus,attemptEquivalent,2,2,
0022500201,203952,A. Wiggins,1610612748,MIA,3,PT04M20.00S,bonus,attemptEquivalent,2,2,
0022500201,1630558,D. Mitchell,1610612748,MIA,3,PT03M59.00S,shootingFoul2,attemptEquivalent,2,2,
0022500201,1641796,P. Larsson,1610612748,MIA,3,PT03M37.00S,shootingFoul2,attemptEquivalent,1,2,
0022500201,1631170,J. Jaquez Jr.,1610612748,MIA,3,PT03M18.00S,bonus,attemptEquivalent,2,2,
0022500201,1631170,J. Jaquez Jr.,1610612748,MIA,3,PT02M58.00S,bonus,attemptEquivalent,2,2,
0022500201,1631323,S. Fontecchio,1610612748,MIA,3,PT01M24.00S,shootingFoul2,attemptEquivalent,2,2,
0022500201,1630696,D. Smith,1610612748,MIA,3,PT00M44.30S,shootingFoul2,attemptEquivalent,2,2,
0022500201,1628378,D. Mitchell,1610612739,CLE,3,PT00M32.60S,shootingFoul2,attemptEquivalent,2,2,
0022500201,1628378,D. Mitchell,1610612739,CLE,4,PT08M46.00S,shootingFoul2,attemptEquivalent,2,2,
0022500201,1641796,P. Larsson,1610612748,MIA,4,PT07M02.00S,andOne,addOn,1,1,657
0022500201,1629631,D. Hunter,1610612739,CLE,4,PT05M12.00S,andOne,addOn,1,1,698
0022500201,1630596,E. Mobley,1610612739,CLE,4,PT03M15.00S,shootingFoul2,attemptEquivalent,1,2,
0022500201,1626181,N. Powell,1610612748,MIA,4,PT02M10.00S,shootingFoul2,attemptEquivalent,2,2,
0022500201,1631170,J. Jaquez Jr.,1610612748,MIA,4,PT01M26.00S,andOne,addOn,1,1,757
0022500201,1642281,J. Tyson,1610612739,CLE,4,PT00M12.80S,bonus,attemptEquivalent,1,2,
0022500201,1631170,J. Jaquez Jr.,1610612748,MIA,5,PT04M41.00S,shootingFoul2,attemptEquivalent,2,2,
0022500201,1628378,D. Mitchell,1610612739,CLE,5,PT03M55.00S,shootingFoul2,attemptEquivalent,1,2,
0022500201,1630596,E. Mobley,1610612739,CLE,5,PT01M50.00S,andOne,addOn,0,1,830
0022500201,1629631,D. Hunter,1610612739,CLE,5,PT00M07.20S,bonus,attemptEquivalent,2,2,
0022500201,1626181,N. Powell,1610612748,MIA,5,PT00M07.20S,awayFromPlay,addOn,0,1,
0022500201,1626181,N. Powell,1610612748,MIA,5,PT00M06.50S,bonus,attemptEquivalent,2,2,
0022500205,203497,R. Gobert,1610612750,MIN,1,PT05M59.00S,andOne,addOn,0,1,75
0022500205,1641729,B. Sensabaugh,1610612762,UTA,1,PT04M39.00S,andOne,addOn,1,1,98
0022500205,201144,M. Conley,1610612750,MIN,2,PT04M31.00S,shootingFoul2,attemptEquivalent,2,2,
0022500205,1642268,I. Collier,1610612762,UTA,2,PT04M21.00S,andOne,addOn,1,1,272
0022500205,1628978,D. DiVincenzo,1610612750,MIN,2,PT02M32.00S,andOne,addOn,1,1,306
0022500205,203944,J. Randle,1610612750,MIN,2,PT01M53.00S,andOne,addOn,1,1,316
0022500205,1628374,L. Markkanen,1610612762,UTA,2,PT01M20.00S,bonus,attemptEquivalent,2,2,
0022500205,1641718,K. George,1610612762,UTA,2,PT00M39.10S,shootingFoul2,attemptEquivalent,2,2,
0022500205,1630162,A. Edwards,1610612750,MIN,3,PT10M38.00S,shootingFoul2,attemptEquivalent,2,2,
0022500205,203994,J. Nurkić,1610612762,UTA,3,PT10M24.00S,shootingFoul2,attemptEquivalent,0,2,
0022500205,203944,J. Randle,1610612750,MIN,3,PT08M57.00S,shootingFoul2,attemptEquivalent,2,2,
0022500205,1642846,A. Bailey,1610612762,UTA,3,PT08M31.00S,shootingFoul2,attemptEquivalent,2,2,
0022500205,1628978,D. DiVincenzo,1610612750,MIN,3,PT07M20.00S,bonus,attemptEquivalent,2,2,
0022500205,1628978,D. DiVincenzo,1610612750,MIN,3,PT06M59.00S,bonus,attemptEquivalent,2,2,
0022500205,203944,J. Randle,1610612750,MIN,3,PT05M24.00S,shootingFoul2,attemptEquivalent,2,2,
0022500205,1630162,A. Edwards,1610612750,MIN,3,PT04M34.00S,bonus,attemptEquivalent,2,2,
0022500205,1641718,K. George,1610612762,UTA,3,PT03M56.00S,shootingFoul2,attemptEquivalent,2,2,
0022500205,201567,K. Love,1610612762,UTA,3,PT02M53.00S,bonus,attemptEquivalent,2,2,
0022500205,1642271,K. Filipowski,1610612762,UTA,3,PT02M02.00S,bonus,attemptEquivalent,2,2,
0022500205,1628374,L. Markkanen,1610612762,UTA,3,PT01M02.00S,bonus,attemptEquivalent,2,2,
0022500205,203944,J. Randle,1610612750,MIN,3,PT00M18.90S,shootingFoul2,attemptEquivalent,2,2,
0022500205,1628374,L. Markkanen,1610612762,UTA,3,PT00M06.30S,bonus,attemptEquivalent,1,2,
0022500205,203994,J. Nurkić,1610612762,UTA,4,PT09M50.00S,shootingFoul2,attemptEquivalent,1,2,
0022500205,1630183,J. McDaniels,1610612750,MIN,4,PT07M46.00S,shootingFoul2,attemptEquivalent,2,2,
0022500205,1630183,J. McDaniels,1610612750,MIN,4,PT05M24.00S,andOne,addOn,1,1,636
0022500205,203944,J. Randle,1610612750,MIN,4,PT03M44.00S,shootingFoul2,attemptEquivalent,1,2,
0022500205,203944,J. Randle,1610612750,MIN,4,PT03M16.00S,bonus,attemptEquivalent,2,2,
0022500205,1641718,K. George,1610612762,UTA,4,PT02M54.00S,shootingFoul2,attemptEquivalent,2,2,
0022500205,203944,J. Randle,1610612750,MIN,4,PT00M09.90S,bonus,attemptEquivalent,2,2,
0022500210,1628983,S. Gilgeous-Alexander,1610612760,OKC,1,PT04M59.00S,andOne,addOn,1,1,90
0022500210,202710,J. Butler III,1610612744,GSW,1,PT04M30.00S,shootingFoul2,attemptEquivalent,2,2,
0022500210,202710,J. Butler III,1610612744,GSW,1,PT04M17.00S,andOne,addOn,1,1,109
0022500210,1628983,S. Gilgeous-Alexander,1610612760,OKC,1,PT01M45.00S,shootingFoul2,attemptEquivalent,2,2,
0022500210,1630541,M. Moody,1610612744,GSW,1,PT01M23.00S,shootingFoul2,attemptEquivalent,2,2,
0022500210,1642349,A. Mitchell,1610612760,OKC,1,PT00M32.50S,andOne,addOn,1,1,159
0022500210,1630198,I. Joe,1610612760,OKC,1,PT00M01.30S,flagrant,addOn,3,3,
0022500210,202710,J. Butler III,1610612744,GSW,2,PT08M49.00S,shootingFoul2,attemptEquivalent,2,2,
0022500210,1631119,J. Williams,1610612760,OKC,2,PT05M52.00S,andOne,addOn,1,1,276
0022500210,1630198,I. Joe,1610612760,OKC,2,PT02M29.00S,shootingFoul2,attemptEquivalent,2,2,
0022500210,1630228,J. Kuminga,1610612744,GSW,2,PT00M19.80S,shootingFoul2,attemptEquivalent,1,2,
0022500210,201939,S. Curry,1610612744,GSW,3,PT11M50.00S,shootingFoul3,attemptEquivalent,2,3,
0022500210,202710,J. Butler III,1610612744,GSW,3,PT09M17.00S,shootingFoul2,attemptEquivalent,2,2,
0022500210,202710,J. Butler III,1610612744,GSW,3,PT08M54.00S,andOne,addOn,1,1,414
0022500210,1628983,S. Gilgeous-Alexander,1610612760,OKC,3,PT06M52.00S,andOne,addOn,1,1,440
0022500210,1631096,C. Holmgren,1610612760,OKC,3,PT06M34.00S,andOne,addOn,1,1,448
0022500210,1631096,C. Holmgren,1610612760,OKC,3,PT05M50.00S,bonus,attemptEquivalent,2,2,
0022500210,1630198,I. Joe,1610612760,OKC,3,PT05M12.00S,shootingFoul2,attemptEquivalent,2,2,
0022500210,1628983,S. Gilgeous-Alexander,1610612760,OKC,3,PT03M17.00S,shootingFoul2,attemptEquivalent,2,2,
0022500210,1627741,B. Hield,1610612744,GSW,3,PT02M18.00S,shootingFoul3,attemptEquivalent,2,3,
0022500210,1641764,B. Podziemski,1610612744,GSW,3,PT01M38.00S,bonus,attemptEquivalent,2,2,
0022500210,1642349,A. Mitchell,1610612760,OKC,3,PT00M03.60S,andOne,addOn,1,1,541
0022500210,1630311,P. Spencer,1610612744,GSW,4,PT11M27.00S,shootingFoul2,attemptEquivalent,2,2,
0022500210,1631218,T. Jackson-Davis,1610612744,GSW,4,PT07M37.00S,shootingFoul2,attemptEquivalent,0,2,
0022500210,1642349,A. Mitchell,1610612760,OKC,4,PT05M43.00S,shootingFoul2,attemptEquivalent,1,2,
0022500210,1631218,T. Jackson-Davis,1610612744,GSW,4,PT05M24.00S,shootingFoul2,attemptEquivalent,2,2,
0022500210,1630311,P. Spencer,1610612744,GSW,4,PT03M37.00S,shootingFoul2,attemptEquivalent,2,2,
0022500210,1642964,B. Barnhizer,1610612760,OKC,4,PT02M04.00S,shootingFoul2,attemptEquivalent,1,2,
0022500210,1642964,B. Barnhizer,1610612760,OKC,4,PT01M33.00S,shootingFoul2,attemptEquivalent,1,2,
0022500210,1631119,J. Williams,1610612760,OKC,4,PT00M38.70S,bonus,attemptEquivalent,1,2,
0022500210,1631172,O. Dieng,1610612760,OKC,4,PT00M18.00S,shootingFoul2,attemptEquivalent,2,2,
0022500211,1628374,L. Markkanen,1610612762,UTA,1,PT09M49.00S,andOne,addOn,1,1,33
0022500211,1627783,P. Siakam,1610612754,IND,1,PT09M15.00S,andOne,addOn,1,1,44
0022500211,1642268,I. Collier,1610612762,UTA,1,PT05M58.00S,shootingFoul2,attemptEquivalent,1,2,
0022500211,203994,J. Nurkić,1610612762,UTA,1,PT05M00.00S,bonus,attemptEquivalent,2,2,
0022500211,1642271,K. Filipowski,1610612762,UTA,1,PT01M23.00S,shootingFoul2,attemptEquivalent,2,2,
0022500211,1642268,I. Collier,1610612762,UTA,1,PT00M31.20S,bonus,attemptEquivalent,2,2,
0022500211,1642383,W. Clayton Jr.,1610612762,UTA,2,PT08M20.00S,shootingFoul2,attemptEquivalent,2,2,
0022500211,1642846,A. Bailey,1610612762,UTA,2,PT06M45.00S,shootingFoul2,attemptEquivalent,2,2,
0022500211,203994,J. Nurkić,1610612762,UTA,2,PT06M17.00S,shootingFoul2,attemptEquivalent,1,2,
0022500211,1627783,P. Siakam,1610612754,IND,2,PT00M56.00S,shootingFoul2,attemptEquivalent,2,2,
0022500211,1628998,C. Martin,1610612754,IND,2,PT00M14.40S,bonus,attemptEquivalent,1,2,
0022500211,1628374,L. Markkanen,1610612762,UTA,3,PT10M00.00S,awayFromPlay,addOn,1,1,
0022500211,1629614,A. Nembhard,1610612754,IND,3,PT08M12.00S,shootingFoul2,attemptEquivalent,2,2,
0022500211,1641716,J. Walker,1610612754,IND,3,PT05M10.00S,shootingFoul2,attemptEquivalent,2,2,
0022500211,1627783,P. Siakam,1610612754,IND,3,PT03M54.00S,shootingFoul2,attemptEquivalent,2,2,
0022500211,1641716,J. Walker,1610612754,IND,3,PT03M28.00S,shootingFoul2,attemptEquivalent,2,2,
0022500211,1630174,A. Nesmith,1610612754,IND,3,PT02M15.00S,shootingFoul2,attemptEquivalent,2,2,
0022500211,1642271,K. Filipowski,1610612762,UTA,3,PT01M58.00S,shootingFoul2,attemptEquivalent,2,2,
0022500211,1641716,J. Walker,1610612754,IND,3,PT01M16.00S,shootingFoul2,attemptEquivalent,2,2,
0022500211,1642271,K. Filipowski,1610612762,UTA,3,PT01M04.00S,flagrant,addOn,1,2,
0022500211,1628374,L. Markkanen,1610612762,UTA,3,PT01M00.00S,shootingFoul2,attemptEquivalent,1,2,
0022500211,1629614,A. Nembhard,1610612754,IND,4,PT11M25.00S,shootingFoul2,attemptEquivalent,2,2,
0022500211,1642271,K. Filipowski,1610612762,UTA,4,PT11M05.00S,shootingFoul2,attemptEquivalent,2,2,
0022500211,1627783,P. Siakam,1610612754,IND,4,PT10M11.00S,shootingFoul2,attemptEquivalent,2,2,
0022500211,1642383,W. Clayton Jr.,1610612762,UTA,4,PT09M55.00S,shootingFoul3,attemptEquivalent,3,3,
0022500211,1630174,A. Nesmith,1610612754,IND,4,PT09M40.00S,andOne,addOn,1,1,631
0022500211,1641718,K. George,1610612762,UTA,4,PT09M29.00S,shootingFoul2,attemptEquivalent,2,2,
0022500211,1630526,J. Robinson-Earl,1610612754,IND,4,PT08M32.00S,shootingFoul2,attemptEquivalent,2,2,
0022500211,203994,J. Nurkić,1610612762,UTA,4,PT07M40.00S,shootingFoul2,attemptEquivalent,2,2,
0022500211,1641718,K. George,1610612762,UTA,4,PT05M34.00S,shootingFoul2,attemptEquivalent,2,2,
0022500211,1630643,J. Huff,1610612754,IND,4,PT04M33.00S,bonus,attemptEquivalent,0,2,
0022500211,1641716,J. Walker,1610612754,IND,4,PT04M00.00S,shootingFoul2,attemptEquivalent,2,2,
0022500211,1629004,S. Mykhailiuk,1610612762,UTA,4,PT01M48.00S,andOne,addOn,1,1,743
0022500211,1641716,J. Walker,1610612754,IND,4,PT01M14.00S,andOne,addOn,1,1,762
0022500212,1627734,D. Sabonis,1610612758,SAC,1,PT05M08.00S,shootingFoul2,attemptEquivalent,1,2,
0022500212,1629234,D. Eubanks,1610612758,SAC,1,PT00M24.20S,shootingFoul2,attemptEquivalent,1,2,
0022500212,1642363,N. Clifford,1610612758,SAC,2,PT08M28.00S,shootingFoul2,attemptEquivalent,2,2,
0022500212,202685,J. Valančiūnas,1610612743,DEN,2,PT08M18.00S,shootingFoul2,attemptEquivalent,1,2,
0022500212,202685,J. Valančiūnas,1610612743,DEN,2,PT07M21.00S,shootingFoul2,attemptEquivalent,1,2,
0022500212,203999,N. Jokić,1610612743,DEN,2,PT04M07.00S,bonus,attemptEquivalent,1,2,
0022500212,1629661,C. Johnson,1610612743,DEN,2,PT03M38.00S,shootingFoul2,attemptEquivalent,1,2,
0022500212,1631128,C. Braun,1610612743,DEN,2,PT02M53.00S,shootingFoul2,attemptEquivalent,2,2,
0022500212,203932,A. Gordon,1610612743,DEN,2,PT01M16.00S,shootingFoul2,attemptEquivalent,0,2,
0022500212,203932,A. Gordon,1610612743,DEN,2,PT00M26.10S,shootingFoul3,attemptEquivalent,3,3,
0022500212,203897,Z. LaVine,1610612758,SAC,3,PT09M03.00S,shootingFoul2,attemptEquivalent,0,2,
0022500212,203932,A. Gordon,1610612743,DEN,3,PT07M19.00S,shootingFoul2,attemptEquivalent,2,2,
0022500212,1629234,D. Eubanks,1610612758,SAC,3,PT06M31.00S,shootingFoul2,attemptEquivalent,1,2,
0022500212,201566,R. Westbrook,1610612758,SAC,3,PT00M28.30S,shootingFoul2,attemptEquivalent,2,2,
0022500212,1627750,J. Murray,1610612743,DEN,4,PT11M25.00S,shootingFoul2,attemptEquivalent,2,2,
0022500212,1627750,J. Murray,1610612743,DEN,4,PT10M45.00S,shootingFoul2,attemptEquivalent,2,2,
0022500212,1627734,D. Sabonis,1610612758,SAC,4,PT06M53.00S,shootingFoul2,attemptEquivalent,1,2,
0022500212,202685,J. Valančiūnas,1610612743,DEN,4,PT05M39.00S,bonus,attemptEquivalent,2,2,
0022500212,201942,D. DeRozan,1610612758,SAC,4,PT05M16.00S,shootingFoul2,attemptEquivalent,2,2,
0022500212,201566,R. Westbrook,1610612758,SAC,4,PT04M50.00S,shootingFoul3,attemptEquivalent,3,3,
0022500212,203999,N. Jokić,1610612743,DEN,4,PT03M38.00S,andOne,addOn,1,1,613
0022500212,201566,R. Westbrook,1610612758,SAC,4,PT03M24.00S,shootingFoul2,attemptEquivalent,2,2,
0022500212,1628971,B. Brown,1610612743,DEN,4,PT03M07.00S,shootingFoul2,attemptEquivalent,2,2,
0022500212,1629234,D. Eubanks,1610612758,SAC,4,PT01M48.00S,bonus,attemptEquivalent,1,2,
0022500218,201142,K. Durant,1610612745,HOU,1,PT10M01.00S,shootingFoul2,attemptEquivalent,2,2,
0022500218,203468,C. McCollum,1610612764,WAS,1,PT09M53.00S,andOne,addOn,1,1,27
0022500218,1641708,A. Thompson,1610612745,HOU,1,PT08M13.00S,shootingFoul2,attemptEquivalent,1,2,
0022500218,1630578,A. Sengun,1610612745,HOU,1,PT07M08.00S,shootingFoul2,attemptEquivalent,2,2,
0022500218,1642259,A. Sarr,1610612764,WAS,1,PT04M13.00S,shootingFoul2,attemptEquivalent,2,2,
0022500218,201142,K. Durant,1610612745,HOU,1,PT04M00.00S,shootingFoul2,attemptEquivalent,2,2,
0022500218,201142,K. Durant,1610612745,HOU,1,PT02M43.00S,shootingFoul2,attemptEquivalent,1,2,
0022500218,1642267,B. Carrington,1610612764,WAS,1,PT01M33.00S,andOne,addOn,0,1,140
0022500218,203500,S. Adams,1610612745,HOU,1,PT00M12.30S,shootingFoul2,attemptEquivalent,1,2,
0022500218,1631106,T. Eason,1610612745,HOU,1,PT00M10.50S,bonus,attemptEquivalent,2,2,
0022500218,1641715,C. Whitmore,1610612764,WAS,2,PT11M43.00S,shootingFoul2,attemptEquivalent,1,2,
0022500218,1642263,R. Sheppard,1610612745,HOU,2,PT07M45.00S,andOne,addOn,0,1,246
0022500218,1642259,A. Sarr,1610612764,WAS,2,PT06M39.00S,andOne,addOn,1,1,275
0022500218,1631095,J. Smith Jr.,1610612745,HOU,2,PT04M28.00S,andOne,addOn,1,1,306
0022500218,1631095,J. Smith Jr.,1610612745,HOU,2,PT03M01.00S,andOne,addOn,1,1,331
0022500218,1642259,A. Sarr,1610612764,WAS,2,PT01M47.00S,shootingFoul2,attemptEquivalent,0,2,
0022500218,1630578,A. Sengun,1610612745,HOU,2,PT00M19.30S,bonus,attemptEquivalent,0,2,
0022500218,201142,K. Durant,1610612745,HOU,3,PT09M10.00S,shootingFoul2,attemptEquivalent,2,2,
0022500218,1628963,M. Bagley III,1610612764,WAS,3,PT01M20.00S,andOne,addOn,1,1,504
0022500218,1630557,C. Kispert,1610612764,WAS,3,PT00M32.20S,bonus,attemptEquivalent,2,2,
0022500218,203468,C. McCollum,1610612764,WAS,4,PT09M29.00S,shootingFoul2,attemptEquivalent,1,2,
0022500218,203468,C. McCollum,1610612764,WAS,4,PT08M25.00S,shootingFoul2,attemptEquivalent,2,2,
0022500218,1631095,J. Smith Jr.,1610612745,HOU,4,PT05M17.00S,shootingFoul2,attemptEquivalent,1,2,
0022500218,1631103,M. Branham,1610612764,WAS,4,PT01M22.00S,shootingFoul2,attemptEquivalent,2,2,
0022500222,1631096,C. Holmgren,1610612760,OKC,1,PT06M17.00S,shootingFoul2,attemptEquivalent,2,2,
0022500222,1629028,D. Ayton,1610612747,LAL,1,PT06M06.00S,andOne,addOn,0,1,63
0022500222,1629029,L. Dončić,1610612747,LAL,1,PT02M41.00S,andOne,addOn,0,1,109
0022500222,1642349,A. Mitchell,1610612760,OKC,2,PT10M44.00S,andOne,addOn,1,1,169
0022500222,203935,M. Smart,1610612747,LAL,2,PT10M36.00S,shootingFoul2,attemptEquivalent,2,2,
0022500222,1629060,R. Hachimura,1610612747,LAL,2,PT10M08.00S,shootingFoul2,attemptEquivalent,1,2,
0022500222,1630559,A. Reaves,1610612747,LAL,2,PT08M49.00S,shootingFoul2,attemptEquivalent,2,2,
0022500222,1629029,L. Dončić,1610612747,LAL,2,PT07M38.00S,shootingFoul2,attemptEquivalent,1,2,
0022500222,1630559,A. Reaves,1610612747,LAL,2,PT06M37.00S,shootingFoul2,attemptEquivalent,2,2,
0022500222,1628392,I. Hartenstein,1610612760,OKC,2,PT03M22.00S,shootingFoul2,attemptEquivalent,1,2,
0022500222,1629029,L. Dončić,1610612747,LAL,2,PT03M09.00S,shootingFoul2,attemptEquivalent,1,2,
0022500222,1628983,S. Gilgeous-Alexander,1610612760,OKC,2,PT01M35.00S,shootingFoul2,attemptEquivalent,2,2,
0022500222,1628983,S. Gilgeous-Alexander,1610612760,OKC,2,PT00M02.30S,shootingFoul2,attemptEquivalent,2,2,
0022500222,1629029,L. Dončić,1610612747,LAL,3,PT11M37.00S,shootingFoul2,attemptEquivalent,2,2,
0022500222,1628983,S. Gilgeous-Alexander,1610612760,OKC,3,PT09M21.00S,shootingFoul2,attemptEquivalent,2,2,
0022500222,203935,M. Smart,1610612747,LAL,3,PT07M45.00S,shootingFoul2,attemptEquivalent,2,2,
0022500222,203935,M. Smart,1610612747,LAL,3,PT06M25.00S,bonus,attemptEquivalent,2,2,
0022500222,1641717,C. Wallace,1610612760,OKC,3,PT04M39.00S,shootingFoul2,attemptEquivalent,2,2,
0022500222,1628983,S. Gilgeous-Alexander,1610612760,OKC,3,PT04M20.00S,shootingFoul2,attemptEquivalent,2,2,
0022500222,1630559,A. Reaves,1610612747,LAL,3,PT04M05.00S,shootingFoul2,attemptEquivalent,1,2,
0022500222,1630198,I. Joe,1610612760,OKC,3,PT02M18.00S,bonus,attemptEquivalent,2,2,
0022500222,1642261,D. Knecht,1610612747,LAL,4,PT07M38.00S,shootingFoul2,attemptEquivalent,0,2,
0022500222,1629020,J. Vanderbilt,1610612747,LAL,4,PT04M20.00S,shootingFoul2,attemptEquivalent,1,2,
0022500222,1630198,I. Joe,1610612760,OKC,4,PT01M46.00S,shootingFoul3,attemptEquivalent,3,3,
0022500222,1630198,I. Joe,1610612760,OKC,4,PT00M39.30S,shootingFoul2,attemptEquivalent,2,2,
0022500222,1631222,J. LaRavia,1610612747,LAL,4,PT00M20.00S,shootingFoul2,attemptEquivalent,2,2,
0022500223,1629638,N. Alexander-Walker,1610612737,ATL,1,PT08M31.00S,andOne,addOn,1,1,45
0022500223,1627734,D. Sabonis,1610612758,SAC,1,PT05M47.00S,shootingFoul2,attemptEquivalent,2,2,
0022500223,1630168,O. Okongwu,1610612737,ATL,1,PT03M29.00S,shootingFoul2,attemptEquivalent,2,2,
0022500223,1630168,O. Okongwu,1610612737,ATL,2,PT05M05.00S,shootingFoul2,attemptEquivalent,1,2,
0022500223,1642363,N. Clifford,1610612758,SAC,2,PT04M04.00S,shootingFoul2,attemptEquivalent,2,2,
0022500223,1630552,J. Johnson,1610612737,ATL,2,PT01M13.00S,shootingFoul2,attemptEquivalent,2,2,
0022500223,204001,K. Porziņģis,1610612737,ATL,2,PT00M00.80S,shootingFoul2,attemptEquivalent,1,2,
0022500223,1630173,P. Achiuwa,1610612758,SAC,3,PT11M16.00S,shootingFoul2,attemptEquivalent,1,2,
0022500223,1630700,D. Daniels,1610612737,ATL,3,PT10M04.00S,shootingFoul2,attemptEquivalent,1,2,
0022500223,1630552,J. Johnson,1610612737,ATL,3,PT09M08.00S,shootingFoul2,attemptEquivalent,2,2,
0022500223,1629638,N. Alexander-Walker,1610612737,ATL,3,PT06M04.00S,shootingFoul2,attemptEquivalent,2,2,
0022500223,1630168,O. Okongwu,1610612737,ATL,3,PT05M08.00S,shootingFoul2,attemptEquivalent,2,2,
0022500223,1642258,Z. Risacher,1610612737,ATL,3,PT04M37.00S,andOne,addOn,0,1,502
0022500223,201566,R. Westbrook,1610612758,SAC,3,PT04M30.00S,shootingFoul2,attemptEquivalent,1,2,
0022500223,203471,D. Schröder,1610612758,SAC,3,PT04M01.00S,shootingFoul2,attemptEquivalent,1,2,
0022500223,201942,D. DeRozan,1610612758,SAC,3,PT03M31.00S,bonus,attemptEquivalent,2,2,
0022500223,1627734,D. Sabonis,1610612758,SAC,3,PT01M35.00S,bonus,attemptEquivalent,2,2,
0022500223,1630168,O. Okongwu,1610612737,ATL,4,PT10M58.00S,shootingFoul2,attemptEquivalent,2,2,
0022500223,1642854,A. Newell,1610612737,ATL,4,PT05M56.00S,shootingFoul2,attemptEquivalent,2,2,
0022500223,1642875,M. Raynaud,1610612758,SAC,4,PT05M20.00S,andOne,addOn,1,1,663
0022500223,1630173,P. Achiuwa,1610612758,SAC,4,PT02M44.00S,shootingFoul2,attemptEquivalent,1,2,
0022500223,1642269,D. Carter,1610612758,SAC,4,PT01M20.00S,andOne,addOn,1,1,721
0022500225,1630567,S. Barnes,1610612761,TOR,1,PT09M41.00S,shootingFoul2,attemptEquivalent,2,2,
0022500225,1628378,D. Mitchell,1610612739,CLE,1,PT08M14.00S,shootingFoul3,attemptEquivalent,2,3,
0022500225,1628378,D. Mitchell,1610612739,CLE,1,PT07M58.00S,shootingFoul2,attemptEquivalent,2,2,
0022500225,1628378,D. Mitchell,1610612739,CLE,1,PT07M37.00S,shootingFoul2,attemptEquivalent,2,2,
0022500225,1629631,D. Hunter,1610612739,CLE,1,PT06M27.00S,andOne,addOn,1,1,91
0022500225,1630596,E. Mobley,1610612739,CLE,1,PT04M06.00S,shootingFoul2,attemptEquivalent,1,2,
0022500225,1628378,D. Mitchell,1610612739,CLE,1,PT02M59.00S,andOne,addOn,1,1,137
0022500225,1630567,S. Barnes,1610612761,TOR,2,PT09M33.00S,andOne,addOn,1,1,204
0022500225,1630572,S. Mamukelashvili,1610612761,TOR,2,PT07M04.00S,andOne,addOn,1,1,234
0022500225,1627751,J. Poeltl,1610612761,TOR,2,PT06M23.00S,bonus,attemptEquivalent,2,2,
0022500225,1629628,R. Barrett,1610612761,TOR,2,PT05M44.00S,shootingFoul2,attemptEquivalent,2,2,
0022500225,1627742,B. Ingram,1610612761,TOR,3,PT08M37.00S,andOne,addOn,1,1,379
0022500225,1628378,D. Mitchell,1610612739,CLE,3,PT05M15.00S,shootingFoul2,attemptEquivalent,2,2,
0022500225,1630572,S. Mamukelashvili,1610612761,TOR,3,PT02M54.00S,shootingFoul2,attemptEquivalent,2,2,
0022500225,1628378,D. Mitchell,1610612739,CLE,3,PT01M04.00S,awayFromPlay,addOn,1,1,
0022500225,1629628,R. Barrett,1610612761,TOR,3,PT00M00.40S,shootingFoul2,attemptEquivalent,1,2,
0022500225,1628378,D. Mitchell,1610612739,CLE,3,PT00M00.30S,bonus,attemptEquivalent,2,2,
0022500225,1629631,D. Hunter,1610612739,CLE,4,PT11M22.00S,andOne,addOn,0,1,529
0022500225,1627751,J. Poeltl,1610612761,TOR,4,PT11M08.00S,shootingFoul2,attemptEquivalent,2,2,
0022500225,1628378,D. Mitchell,1610612739,CLE,4,PT11M01.00S,shootingFoul2,attemptEquivalent,1,2,
0022500225,1627751,J. Poeltl,1610612761,TOR,4,PT09M45.00S,shootingFoul2,attemptEquivalent,2,2,
0022500225,1630241,S. Merrill,1610612739,CLE,4,PT07M20.00S,andOne,addOn,1,1,589
0022500225,1630596,E. Mobley,1610612739,CLE,4,PT06M38.00S,shootingFoul2,attemptEquivalent,1,2,
0022500225,1628378,D. Mitchell,1610612739,CLE,4,PT04M43.00S,shootingFoul2,attemptEquivalent,2,2,
0022500225,1641772,N. Tomlin,1610612739,CLE,4,PT01M34.00S,bonus,attemptEquivalent,2,2,
0022500227,1630552,J. Johnson,1610612737,ATL,1,PT11M07.00S,shootingFoul2,attemptEquivalent,1,2,
0022500227,1628374,L. Markkanen,1610612762,UTA,1,PT08M59.00S,andOne,addOn,1,1,37
0022500227,1642262,C. Williams,1610612762,UTA,1,PT04M45.00S,andOne,addOn,0,1,99
0022500227,1641718,K. George,1610612762,UTA,1,PT03M59.00S,shootingFoul2,attemptEquivalent,2,2,
0022500227,1630552,J. Johnson,1610612737,ATL,1,PT03M25.00S,shootingFoul2,attemptEquivalent,2,2,
0022500227,1642271,K. Filipowski,1610612762,UTA,1,PT00M02.90S,shootingFoul2,attemptEquivalent,1,2,
0022500227,1630168,O. Okongwu,1610612737,ATL,2,PT11M22.00S,shootingFoul2,attemptEquivalent,2,2,
0022500227,1628374,L. Markkanen,1610612762,UTA,2,PT03M52.00S,andOne,addOn,1,1,283
0022500227,1642258,Z. Risacher,1610612737,ATL,2,PT01M30.00S,andOne,addOn,0,1,321
0022500227,1629638,N. Alexander-Walker,1610612737,ATL,2,PT00M54.00S,shootingFoul2,attemptEquivalent,2,2,
0022500227,1642846,A. Bailey,1610612762,UTA,2,PT00M43.80S,andOne,addOn,0,1,343
0022500227,203994,J. Nurkić,1610612762,UTA,2,PT00M43.40S,bonus,attemptEquivalent,1,2,
0022500227,203994,J. Nurkić,1610612762,UTA,3,PT10M10.00S,andOne,addOn,0,1,393
0022500227,1642846,A. Bailey,1610612762,UTA,3,PT08M59.00S,shootingFoul2,attemptEquivalent,1,2,
0022500227,1628374,L. Markkanen,1610612762,UTA,3,PT05M50.00S,shootingFoul2,attemptEquivalent,2,2,
0022500227,1642268,I. Collier,1610612762,UTA,3,PT05M01.00S,bonus,attemptEquivalent,2,2,
0022500227,1642268,I. Collier,1610612762,UTA,3,PT03M16.00S,shootingFoul2,attemptEquivalent,2,2,
0022500227,1629638,N. Alexander-Walker,1610612737,ATL,4,PT08M41.00S,shootingFoul2,attemptEquivalent,1,2,
0022500227,1630552,J. Johnson,1610612737,ATL,4,PT08M02.00S,shootingFoul2,attemptEquivalent,1,2,
0022500227,1629638,N. Alexander-Walker,1610612737,ATL,4,PT04M11.00S,shootingFoul2,attemptEquivalent,2,2,
0022500227,1630552,J. Johnson,1610612737,ATL,4,PT03M03.00S,shootingFoul2,attemptEquivalent,2,2,
0022500227,1642268,I. Collier,1610612762,UTA,4,PT01M30.00S,shootingFoul2,attemptEquivalent,0,2,
0022500227,1630552,J. Johnson,1610612737,ATL,4,PT01M21.00S,bonus,attemptEquivalent,1,2,
0022500227,1629638,N. Alexander-Walker,1610612737,ATL,4,PT01M01.00S,bonus,attemptEquivalent,2,2,
0022500228,1628378,D. Mitchell,1610612739,CLE,1,PT11M33.00S,andOne,addOn,1,1,11
0022500228,1628991,J. Jackson Jr.,1610612763,MEM,1,PT10M06.00S,shootingFoul2,attemptEquivalent,2,2,
0022500228,1629630,J. Morant,1610612763,MEM,1,PT09M17.00S,shootingFoul2,attemptEquivalent,2,2,
0022500228,1630596,E. Mobley,1610612739,CLE,1,PT09M03.00S,shootingFoul2,attemptEquivalent,2,2,
0022500228,1628991,J. Jackson Jr.,1610612763,MEM,1,PT08M22.00S,andOne,addOn,1,1,53
0022500228,1629630,J. Morant,1610612763,MEM,1,PT06M54.00S,bonus,attemptEquivalent,1,2,
0022500228,203484,K. Caldwell-Pope,1610612763,MEM,1,PT06M01.00S,shootingFoul2,attemptEquivalent,2,2,
0022500228,1641854,C. Porter Jr.,1610612739,CLE,1,PT05M50.00S,bonus,attemptEquivalent,1,2,
0022500228,1630596,E. Mobley,1610612739,CLE,1,PT05M25.00S,shootingFoul2,attemptEquivalent,1,2,
0022500228,1629111,J. Landale,1610612763,MEM,1,PT03M09.00S,bonus,attemptEquivalent,1,2,
0022500228,1630583,S. Aldama,1610612763,MEM,1,PT02M03.00S,shootingFoul2,attemptEquivalent,0,2,
0022500228,1628386,J. Allen,1610612739,CLE,1,PT02M01.00S,bonus,attemptEquivalent,1,2,
0022500228,1641744,Z. Edey,1610612763,MEM,1,PT01M00.00S,bonus,attemptEquivalent,1,2,
0022500228,1628378,D. Mitchell,1610612739,CLE,1,PT00M11.20S,shootingFoul2,attemptEquivalent,2,2,
0022500228,1628991,J. Jackson Jr.,1610612763,MEM,2,PT11M22.00S,shootingFoul2,attemptEquivalent,2,2,
0022500228,1628991,J. Jackson Jr.,1610612763,MEM,2,PT10M58.00S,shootingFoul2,attemptEquivalent,1,2,
0022500228,1628991,J. Jackson Jr.,1610612763,MEM,2,PT10M34.00S,shootingFoul2,attemptEquivalent,2,2,
0022500228,1628378,D. Mitchell,1610612739,CLE,2,PT08M47.00S,shootingFoul2,attemptEquivalent,0,2,
0022500228,1630241,S. Merrill,1610612739,CLE,2,PT06M26.00S,shootingFoul2,attemptEquivalent,1,2,
0022500228,1628386,J. Allen,1610612739,CLE,2,PT05M20.00S,shootingFoul2,attemptEquivalent,2,2,
0022500228,1628386,J. Allen,1610612739,CLE,2,PT03M10.00S,bonus,attemptEquivalent,1,2,
0022500228,1628991,J. Jackson Jr.,1610612763,MEM,2,PT02M35.00S,shootingFoul2,attemptEquivalent,2,2,
0022500228,1642377,J. Wells,1610612763,MEM,2,PT01M18.00S,andOne,addOn,1,1,392
0022500228,1641744,Z. Edey,1610612763,MEM,3,PT10M38.00S,shootingFoul2,attemptEquivalent,1,2,
0022500228,1641744,Z. Edey,1610612763,MEM,3,PT09M49.00S,shootingFoul2,attemptEquivalent,2,2,
0022500228,1641744,Z. Edey,1610612763,MEM,3,PT09M13.00S,andOne,addOn,1,1,456
0022500228,1642907,C. Coward,1610612763,MEM,3,PT06M13.00S,shootingFoul2,attemptEquivalent,2,2,
0022500228,1630596,E. Mobley,1610612739,CLE,3,PT05M58.00S,shootingFoul2,attemptEquivalent,1,2,
0022500228,1642285,C. Spencer,1610612763,MEM,3,PT03M41.00S,bonus,attemptEquivalent,1,2,
0022500228,1628386,J. Allen,1610612739,CLE,3,PT02M29.00S,shootingFoul2,attemptEquivalent,2,2,
0022500228,1628991,J. Jackson Jr.,1610612763,MEM,4,PT11M47.00S,shootingFoul2,attemptEquivalent,1,2,
0022500228,1631246,V. Williams Jr.,1610612763,MEM,4,PT10M55.00S,shootingFoul2,attemptEquivalent,0,2,
0022500228,1630596,E. Mobley,1610612739,CLE,4,PT08M02.00S,shootingFoul2,attemptEquivalent,1,2,
0022500228,1628991,J. Jackson Jr.,1610612763,MEM,4,PT03M22.00S,andOne,addOn,1,1,739
0022500228,1628378,D. Mitchell,1610612739,CLE,4,PT03M13.00S,shootingFoul2,attemptEquivalent,1,2,
0022500228,1641744,Z. Edey,1610612763,MEM,4,PT02M43.00S,shootingFoul2,attemptEquivalent,2,2,
0022500228,1628378,D. Mitchell,1610612739,CLE,4,PT02M30.00S,bonus,attemptEquivalent,2,2,
0022500229,1641750,R. Kalkbrenner,1610612766,CHA,1,PT09M27.00S,shootingFoul2,attemptEquivalent,2,2,
0022500229,1641750,R. Kalkbrenner,1610612766,CHA,1,PT06M02.00S,shootingFoul2,attemptEquivalent,2,2,
0022500229,1628983,S. Gilgeous-Alexander,1610612760,OKC,1,PT02M19.00S,shootingFoul2,attemptEquivalent,2,2,
0022500229,1631096,C. Holmgren,1610612760,OKC,2,PT09M11.00S,shootingFoul2,attemptEquivalent,1,2,
0022500229,1628983,S. Gilgeous-Alexander,1610612760,OKC,2,PT02M48.00S,andOne,addOn,0,1,289
0022500229,1641750,R. Kalkbrenner,1610612766,CHA,3,PT07M54.00S,shootingFoul2,attemptEquivalent,1,2,
0022500229,1628983,S. Gilgeous-Alexander,1610612760,OKC,3,PT01M40.00S,bonus,attemptEquivalent,2,2,
0022500229,1631217,M. Diabaté,1610612766,CHA,3,PT00M04.60S,andOne,addOn,1,1,474
0022500229,1642349,A. Mitchell,1610612760,OKC,4,PT11M21.00S,andOne,addOn,1,1,499
0022500229,1631096,C. Holmgren,1610612760,OKC,4,PT08M45.00S,shootingFoul2,attemptEquivalent,2,2,
0022500234,203084,H. Barnes,1610612759,SAS,1,PT08M58.00S,shootingFoul2,attemptEquivalent,1,2,
0022500234,201942,D. DeRozan,1610612758,SAC,1,PT08M07.00S,andOne,addOn,1,1,40
0022500234,1630577,J. Champagnie,1610612759,SAS,1,PT04M02.00S,awayFromPlay,addOn,1,1,
0022500234,1630173,P. Achiuwa,1610612758,SAC,1,PT02M50.00S,shootingFoul2,attemptEquivalent,1,2,
0022500234,203471,D. Schröder,1610612758,SAC,1,PT01M39.00S,andOne,addOn,1,1,136
0022500234,1631110,J. Sochan,1610612759,SAS,2,PT09M49.00S,andOne,addOn,1,1,185
0022500234,1627734,D. Sabonis,1610612758,SAC,2,PT08M29.00S,shootingFoul2,attemptEquivalent,2,2,
0022500234,1628436,L. Kornet,1610612759,SAS,2,PT03M38.00S,shootingFoul2,attemptEquivalent,2,2,
0022500234,1630170,D. Vassell,1610612759,SAS,2,PT03M25.00S,shootingFoul2,attemptEquivalent,2,2,
0022500234,1628368,D. Fox,1610612759,SAS,2,PT03M11.00S,shootingFoul2,attemptEquivalent,2,2,
0022500234,1642264,S. Castle,1610612759,SAS,2,PT01M37.00S,shootingFoul2,attemptEquivalent,1,2,
0022500234,201566,R. Westbrook,1610612758,SAC,2,PT01M26.00S,shootingFoul2,attemptEquivalent,2,2,
0022500234,201566,R. Westbrook,1610612758,SAC,2,PT01M05.00S,shootingFoul2,attemptEquivalent,1,2,
0022500234,1628370,M. Monk,1610612758,SAC,3,PT05M55.00S,shootingFoul2,attemptEquivalent,2,2,
0022500234,1642363,N. Clifford,1610612758,SAC,3,PT05M23.00S,shootingFoul2,attemptEquivalent,1,2,
0022500234,203897,Z. LaVine,1610612758,SAC,3,PT03M30.00S,andOne,addOn,1,1,457
0022500234,1628370,M. Monk,1610612758,SAC,3,PT00M41.80S,shootingFoul2,attemptEquivalent,2,2,
0022500234,1628436,L. Kornet,1610612759,SAS,4,PT09M00.00S,shootingFoul2,attemptEquivalent,1,2,
0022500234,203084,H. Barnes,1610612759,SAS,4,PT08M05.00S,shootingFoul2,attemptEquivalent,2,2,
0022500234,1627734,D. Sabonis,1610612758,SAC,4,PT04M00.00S,shootingFoul2,attemptEquivalent,1,2,
0022500234,1630170,D. Vassell,1610612759,SAS,4,PT02M33.00S,shootingFoul2,attemptEquivalent,2,2,
0022500234,201566,R. Westbrook,1610612758,SAC,4,PT00M30.60S,shootingFoul2,attemptEquivalent,0,2,
0022500235,1641731,B. Coulibaly,1610612764,WAS,1,PT09M11.00S,shootingFoul2,attemptEquivalent,2,2,
0022500235,1642273,K. George,1610612764,WAS,1,PT08M34.00S,shootingFoul2,attemptEquivalent,1,2,
0022500235,1629651,N. Claxton,1610612751,BKN,1,PT05M00.00S,shootingFoul2,attemptEquivalent,0,2,
0022500235,1641730,N. Clowney,1610612751,BKN,1,PT00M55.30S,shootingFoul2,attemptEquivalent,0,2,
0022500235,1629008,M. Porter Jr.,1610612751,BKN,2,PT10M02.00S,andOne,addOn,1,1,184
0022500235,1641715,C. Whitmore,1610612764,WAS,2,PT09M07.00S,andOne,addOn,1,1,204
0022500235,1630533,Z. Williams,1610612751,BKN,2,PT08M52.00S,shootingFoul3,attemptEquivalent,3,3,
0022500235,1629008,M. Porter Jr.,1610612751,BKN,2,PT07M13.00S,shootingFoul2,attemptEquivalent,2,2,
0022500235,1642273,K. George,1610612764,WAS,2,PT06M22.00S,shootingFoul2,attemptEquivalent,2,2,
0022500235,1641730,N. Clowney,1610612751,BKN,2,PT05M42.00S,shootingFoul2,attemptEquivalent,0,2,
0022500235,1629651,N. Claxton,1610612751,BKN,2,PT04M33.00S,shootingFoul2,attemptEquivalent,2,2,
0022500235,1630549,D. Sharpe,1610612751,BKN,2,PT02M15.00S,shootingFoul2,attemptEquivalent,2,2,
0022500235,1628963,M. Bagley III,1610612764,WAS,2,PT01M05.00S,shootingFoul2,attemptEquivalent,1,2,
0022500235,1629008,M. Porter Jr.,1610612751,BKN,2,PT00M49.30S,andOne,addOn,1,1,339
0022500235,203114,K. Middleton,1610612764,WAS,2,PT00M40.80S,bonus,attemptEquivalent,2,2,
0022500235,1642273,K. George,1610612764,WAS,3,PT11M04.00S,andOne,addOn,1,1,375
0022500235,1629008,M. Porter Jr.,1610612751,BKN,3,PT09M14.00S,shootingFoul2,attemptEquivalent,1,2,
0022500235,203468,C. McCollum,1610612764,WAS,3,PT09M06.00S,shootingFoul2,attemptEquivalent,2,2,
0022500235,1629651,N. Claxton,1610612751,BKN,3,PT08M42.00S,shootingFoul2,attemptEquivalent,2,2,
0022500235,1629651,N. Claxton,1610612751,BKN,3,PT08M08.00S,andOne,addOn,1,1,416
0022500235,1629611,T. Mann,1610612751,BKN,3,PT07M38.00S,shootingFoul2,attemptEquivalent,2,2,
0022500235,1628963,M. Bagley III,1610612764,WAS,3,PT03M13.00S,andOne,addOn,1,1,478
0022500235,1630533,Z. Williams,1610612751,BKN,3,PT01M39.00S,bonus,attemptEquivalent,2,2,
0022500235,1631213,T. Martin,1610612751,BKN,4,PT09M17.00S,andOne,addOn,1,1,559
0022500235,203114,K. Middleton,1610612764,WAS,4,PT07M38.00S,shootingFoul2,attemptEquivalent,2,2,
0022500235,1629008,M. Porter Jr.,1610612751,BKN,4,PT04M56.00S,transitionTake,addOn,1,1,
0022500235,1642273,K. George,1610612764,WAS,4,PT04M24.00S,shootingFoul2,attemptEquivalent,2,2,
0022500235,1629651,N. Claxton,1610612751,BKN,4,PT03M51.00S,shootingFoul2,attemptEquivalent,2,2,
0022500235,1629611,T. Mann,1610612751,BKN,4,PT03M24.00S,shootingFoul2,attemptEquivalent,2,2,
0022500235,1629008,M. Porter Jr.,1610612751,BKN,4,PT02M44.00S,andOne,addOn,1,1,669
0022500235,1630551,J. Champagnie,1610612764,WAS,4,PT01M57.00S,shootingFoul2,attemptEquivalent,2,2,
0022500240,1641824,M. Buzelis,1610612741,CHI,1,PT11M02.00S,andOne,addOn,1,1,17
0022500240,1630581,J. Giddey,1610612741,CHI,1,PT06M59.00S,shootingFoul2,attemptEquivalent,2,2,
0022500240,1642268,I. Collier,1610612762,UTA,1,PT05M11.00S,shootingFoul2,attemptEquivalent,2,2,
0022500240,1642271,K. Filipowski,1610612762,UTA,1,PT03M53.00S,andOne,addOn,0,1,124
0022500240,1628374,L. Markkanen,1610612762,UTA,1,PT00M36.40S,shootingFoul2,attemptEquivalent,2,2,
0022500240,1630245,A. Dosunmu,1610612741,CHI,1,PT00M03.90S,andOne,addOn,1,1,174
0022500240,1642268,I. Collier,1610612762,UTA,1,PT00M00.70S,bonus,attemptEquivalent,1,2,
0022500240,1642268,I. Collier,1610612762,UTA,2,PT11M42.00S,shootingFoul2,attemptEquivalent,1,2,
0022500240,1641824,M. Buzelis,1610612741,CHI,2,PT11M21.00S,shootingFoul2,attemptEquivalent,1,2,
0022500240,1630245,A. Dosunmu,1610612741,CHI,2,PT06M09.00S,andOne,addOn,1,1,286
0022500240,201567,K. Love,1610612762,UTA,2,PT05M51.00S,shootingFoul2,attemptEquivalent,2,2,
0022500240,1629632,C. White,1610612741,CHI,2,PT02M19.00S,shootingFoul2,attemptEquivalent,2,2,
0022500240,1630581,J. Giddey,1610612741,CHI,2,PT01M54.00S,andOne,addOn,1,1,351
0022500240,1629632,C. White,1610612741,CHI,2,PT00M34.80S,bonus,attemptEquivalent,2,2,
0022500240,1642268,I. Collier,1610612762,UTA,2,PT00M31.00S,shootingFoul2,attemptEquivalent,1,2,
0022500240,1629632,C. White,1610612741,CHI,2,PT00M19.00S,bonus,attemptEquivalent,2,2,
0022500240,1628989,K. Huerter,1610612741,CHI,3,PT11M41.00S,shootingFoul2,attemptEquivalent,2,2,
0022500240,1628374,L. Markkanen,1610612762,UTA,3,PT08M30.00S,shootingFoul2,attemptEquivalent,2,2,
0022500240,1628374,L. Markkanen,1610612762,UTA,3,PT07M39.00S,shootingFoul2,attemptEquivalent,2,2,
0022500240,1641718,K. George,1610612762,UTA,3,PT07M19.00S,shootingFoul2,attemptEquivalent,2,2,
0022500240,202696,N. Vučević,1610612741,CHI,3,PT06M15.00S,shootingFoul2,attemptEquivalent,2,2,
0022500240,1641718,K. George,1610612762,UTA,3,PT06M04.00S,shootingFoul2,attemptEquivalent,2,2,
0022500240,1629632,C. White,1610612741,CHI,3,PT02M23.00S,awayFromPlay,addOn,1,1,
0022500240,1628374,L. Markkanen,1610612762,UTA,3,PT02M04.00S,andOne,addOn,1,1,544
0022500240,1630245,A. Dosunmu,1610612741,CHI,3,PT01M24.00S,shootingFoul2,attemptEquivalent,2,2,
0022500240,1642268,I. Collier,1610612762,UTA,3,PT00M49.40S,andOne,addOn,1,1,569
0022500240,1642268,I. Collier,1610612762,UTA,4,PT10M00.00S,shootingFoul2,attemptEquivalent,2,2,
0022500240,1641729,B. Sensabaugh,1610612762,UTA,4,PT07M56.00S,shootingFoul2,attemptEquivalent,2,2,
0022500240,1641718,K. George,1610612762,UTA,4,PT06M39.00S,andOne,addOn,1,1,665
0022500240,1628374,L. Markkanen,1610612762,UTA,4,PT05M23.00S,bonus,attemptEquivalent,1,2,
0022500240,1629632,C. White,1610612741,CHI,4,PT03M58.00S,bonus,attemptEquivalent,2,2,
0022500240,1630581,J. Giddey,1610612741,CHI,4,PT00M53.50S,shootingFoul2,attemptEquivalent,2,2,
0022500240,1628374,L. Markkanen,1610612762,UTA,4,PT00M19.00S,shootingFoul2,attemptEquivalent,1,2,
0022500240,1630581,J. Giddey,1610612741,CHI,5,PT04M25.00S,shootingFoul2,attemptEquivalent,1,2,
0022500240,1641718,K. George,1610612762,UTA,5,PT00M43.80S,shootingFoul2,attemptEquivalent,2,2,
0022500240,1641718,K. George,1610612762,UTA,6,PT03M37.00S,shootingFoul3,attemptEquivalent,3,3,
0022500240,1628374,L. Markkanen,1610612762,UTA,6,PT03M08.00S,bonus,attemptEquivalent,2,2,
0022500240,1629632,C. White,1610612741,CHI,6,PT01M22.00S,shootingFoul2,attemptEquivalent,2,2,
0022500240,203994,J. Nurkić,1610612762,UTA,6,PT00M21.20S,bonus,attemptEquivalent,1,2,
0022500240,1629632,C. White,1610612741,CHI,6,PT00M08.40S,shootingFoul2,attemptEquivalent,2,2,
0022500241,1628378,D. Mitchell,1610612739,CLE,1,PT07M36.00S,shootingFoul3,attemptEquivalent,2,3,
0022500241,203507,G. Antetokounmpo,1610612749,MIL,1,PT06M58.00S,andOne,addOn,1,1,68
0022500241,1630596,E. Mobley,1610612739,CLE,2,PT11M30.00S,shootingFoul2,attemptEquivalent,1,2,
0022500241,203507,G. Antetokounmpo,1610612749,MIL,2,PT07M46.00S,shootingFoul2,attemptEquivalent,1,2,
0022500241,1630596,E. Mobley,1610612739,CLE,2,PT07M35.00S,shootingFoul2,attemptEquivalent,1,2,
0022500241,1628386,J. Allen,1610612739,CLE,2,PT06M25.00S,shootingFoul2,attemptEquivalent,2,2,
0022500241,1628366,L. Ball,1610612739,CLE,2,PT04M00.00S,bonus,attemptEquivalent,1,2,
0022500241,1628386,J. Allen,1610612739,CLE,2,PT03M35.00S,bonus,attemptEquivalent,2,2,
0022500241,1630596,E. Mobley,1610612739,CLE,2,PT03M03.00S,bonus,attemptEquivalent,2,2,
0022500241,1628398,K. Kuzma,1610612749,MIL,2,PT02M18.00S,andOne,addOn,1,1,315
0022500241,1626171,B. Portis,1610612749,MIL,2,PT01M44.00S,bonus,attemptEquivalent,0,2,
0022500241,1626167,M. Turner,1610612749,MIL,3,PT07M36.00S,shootingFoul2,attemptEquivalent,1,2,
0022500241,1630596,E. Mobley,1610612739,CLE,3,PT06M41.00S,shootingFoul2,attemptEquivalent,1,2,
0022500241,1626171,B. Portis,1610612749,MIL,3,PT03M40.00S,shootingFoul2,attemptEquivalent,2,2,
0022500241,1628378,D. Mitchell,1610612739,CLE,3,PT02M04.00S,shootingFoul2,attemptEquivalent,1,2,
0022500241,1626171,B. Portis,1610612749,MIL,3,PT01M29.00S,bonus,attemptEquivalent,2,2,
0022500241,1626167,M. Turner,1610612749,MIL,4,PT05M03.00S,shootingFoul2,attemptEquivalent,2,2,
0022500241,1628378,D. Mitchell,1610612739,CLE,4,PT04M01.00S,shootingFoul2,attemptEquivalent,2,2,
0022500247,1631096,C. Holmgren,1610612760,OKC,1,PT09M38.00S,shootingFoul2,attemptEquivalent,2,2,
0022500247,1628983,S. Gilgeous-Alexander,1610612760,OKC,1,PT09M10.00S,shootingFoul2,attemptEquivalent,2,2,
0022500247,1642847,J. Fears,1610612740,NOP,1,PT08M34.00S,andOne,addOn,0,1,38
0022500247,1630530,T. Murphy III,1610612740,NOP,1,PT06M37.00S,shootingFoul2,attemptEquivalent,2,2,
0022500247,1628983,S. Gilgeous-Alexander,1610612760,OKC,1,PT06M17.00S,shootingFoul2,attemptEquivalent,2,2,
0022500247,1642382,B. Carlson,1610612760,OKC,1,PT03M41.00S,shootingFoul2,attemptEquivalent,2,2,
0022500247,1628983,S. Gilgeous-Alexander,1610612760,OKC,1,PT02M11.00S,andOne,addOn,1,1,128
0022500247,1628983,S. Gilgeous-Alexander,1610612760,OKC,1,PT01M15.00S,shootingFoul2,attemptEquivalent,2,2,
0022500247,1642382,B. Carlson,1610612760,OKC,1,PT00M41.80S,bonus,attemptEquivalent,0,2,
0022500247,1642852,D. Queen,1610612740,NOP,1,PT00M36.60S,shootingFoul2,attemptEquivalent,2,2,
0022500247,1631121,B. McGowens,1610612740,NOP,2,PT04M23.00S,shootingFoul2,attemptEquivalent,2,2,
0022500247,1642349,A. Mitchell,1610612760,OKC,2,PT01M59.00S,shootingFoul2,attemptEquivalent,2,2,
0022500247,1630529,H. Jones,1610612740,NOP,2,PT01M43.00S,shootingFoul2,attemptEquivalent,2,2,
0022500247,1642349,A. Mitchell,1610612760,OKC,2,PT01M39.00S,shootingFoul2,attemptEquivalent,1,2,
0022500247,1642847,J. Fears,1610612740,NOP,2,PT00M04.90S,andOne,addOn,1,1,341
0022500247,1629652,L. Dort,1610612760,OKC,3,PT09M26.00S,shootingFoul2,attemptEquivalent,2,2,
0022500247,1629652,L. Dort,1610612760,OKC,3,PT08M28.00S,andOne,addOn,1,1,412
0022500247,1628392,I. Hartenstein,1610612760,OKC,3,PT04M18.00S,shootingFoul2,attemptEquivalent,2,2,
0022500247,1628983,S. Gilgeous-Alexander,1610612760,OKC,3,PT01M52.00S,shootingFoul2,attemptEquivalent,2,2,
0022500247,1628392,I. Hartenstein,1610612760,OKC,4,PT11M05.00S,andOne,addOn,0,1,564
0022500247,1631096,C. Holmgren,1610612760,OKC,4,PT05M00.00S,shootingFoul2,attemptEquivalent,1,2,
0022500247,1642852,D. Queen,1610612740,NOP,4,PT04M19.00S,shootingFoul2,attemptEquivalent,1,2,
0022500247,1642847,J. Fears,1610612740,NOP,4,PT02M43.00S,bonus,attemptEquivalent,2,2,
0022500247,1642847,J. Fears,1610612740,NOP,4,PT01M29.00S,andOne,addOn,1,1,703
0022500253,1629029,L. Dončić,1610612747,LAL,1,PT06M34.00S,shootingFoul2,attemptEquivalent,2,2,
0022500253,1630559,A. Reaves,1610612747,LAL,1,PT04M49.00S,shootingFoul3,attemptEquivalent,3,3,
0022500253,1629029,L. Dončić,1610612747,LAL,1,PT02M41.00S,shootingFoul2,attemptEquivalent,1,2,
0022500253,1642268,I. Collier,1610612762,UTA,1,PT00M00.50S,shootingFoul2,attemptEquivalent,2,2,
0022500253,1628374,L. Markkanen,1610612762,UTA,2,PT10M46.00S,andOne,addOn,1,1,184
0022500253,1630559,A. Reaves,1610612747,LAL,2,PT09M14.00S,andOne,addOn,1,1,211
0022500253,203937,K. Anderson,1610612762,UTA,2,PT05M13.00S,shootingFoul2,attemptEquivalent,1,2,
0022500253,1629029,L. Dončić,1610612747,LAL,2,PT03M45.00S,andOne,addOn,1,1,289
0022500253,1629029,L. Dončić,1610612747,LAL,2,PT03M29.00S,shootingFoul2,attemptEquivalent,2,2,
0022500253,1629029,L. Dončić,1610612747,LAL,2,PT02M54.00S,shootingFoul2,attemptEquivalent,1,2,
0022500253,2544,L. James,1610612747,LAL,2,PT01M43.00S,shootingFoul2,attemptEquivalent,1,2,
0022500253,203994,J. Nurkić,1610612762,UTA,2,PT01M26.00S,bonus,attemptEquivalent,2,2,
0022500253,1629029,L. Dončić,1610612747,LAL,2,PT01M09.00S,bonus,attemptEquivalent,2,2,
0022500253,1628374,L. Markkanen,1610612762,UTA,2,PT01M04.00S,bonus,attemptEquivalent,2,2,
0022500253,1630559,A. Reaves,1610612747,LAL,2,PT00M18.80S,andOne,addOn,1,1,359
0022500253,1628374,L. Markkanen,1610612762,UTA,2,PT00M00.50S,andOne,addOn,1,1,369
0022500253,1629029,L. Dončić,1610612747,LAL,3,PT10M29.00S,andOne,addOn,1,1,394
0022500253,1629029,L. Dončić,1610612747,LAL,3,PT05M41.00S,andOne,addOn,0,1,446
0022500253,1629029,L. Dončić,1610612747,LAL,3,PT03M03.00S,bonus,attemptEquivalent,2,2,
0022500253,1629637,J. Hayes,1610612747,LAL,3,PT02M25.00S,bonus,attemptEquivalent,1,2,
0022500253,1629029,L. Dončić,1610612747,LAL,3,PT01M02.00S,andOne,addOn,1,1,526
0022500253,1629637,J. Hayes,1610612747,LAL,3,PT00M33.40S,andOne,addOn,1,1,540
0022500253,1642268,I. Collier,1610612762,UTA,4,PT11M53.00S,andOne,addOn,1,1,556
0022500253,2544,L. James,1610612747,LAL,4,PT11M21.00S,shootingFoul2,attemptEquivalent,0,2,
0022500253,1630559,A. Reaves,1610612747,LAL,4,PT09M16.00S,shootingFoul2,attemptEquivalent,1,2,
0022500253,1631222,J. LaRavia,1610612747,LAL,4,PT07M58.00S,andOne,addOn,1,1,611
0022500253,1630559,A. Reaves,1610612747,LAL,4,PT05M36.00S,shootingFoul2,attemptEquivalent,2,2,
0022500253,1630559,A. Reaves,1610612747,LAL,4,PT04M50.00S,bonus,attemptEquivalent,2,2,
0022500253,1641718,K. George,1610612762,UTA,4,PT04M11.00S,shootingFoul2,attemptEquivalent,2,2,
0022500253,1629028,D. Ayton,1610612747,LAL,4,PT03M33.00S,bonus,attemptEquivalent,0,2,
0022500253,1641718,K. George,1610612762,UTA,4,PT02M40.00S,andOne,addOn,1,1,743
0022500253,1641989,E. Harkless,1610612762,UTA,4,PT02M20.00S,shootingFoul2,attemptEquivalent,2,2,
0022500253,1641989,E. Harkless,1610612762,UTA,4,PT02M10.00S,bonus,attemptEquivalent,2,2,
0022500253,1631222,J. LaRavia,1610612747,LAL,4,PT00M32.10S,shootingFoul2,attemptEquivalent,1,2,
0022500255,203500,S. Adams,1610612745,HOU,1,PT11M18.00S,shootingFoul2,attemptEquivalent,2,2,
0022500255,1641772,N. Tomlin,1610612739,CLE,1,PT10M03.00S,shootingFoul2,attemptEquivalent,1,2,
0022500255,201142,K. Durant,1610612745,HOU,1,PT05M52.00S,flagrant,addOn,3,3,
0022500255,1629731,D. Wade,1610612739,CLE,1,PT02M39.00S,shootingFoul2,attemptEquivalent,0,2,
0022500255,1630596,E. Mobley,1610612739,CLE,1,PT02M14.00S,shootingFoul2,attemptEquivalent,1,2,
0022500255,1630596,E. Mobley,1610612739,CLE,2,PT10M30.00S,shootingFoul2,attemptEquivalent,1,2,
0022500255,1630578,A. Sengun,1610612745,HOU,2,PT09M40.00S,shootingFoul2,attemptEquivalent,2,2,
0022500255,1642878,T. Proctor,1610612739,CLE,2,PT09M08.00S,shootingFoul2,attemptEquivalent,2,2,
0022500255,1628988,A. Holiday,1610612745,HOU,2,PT08M07.00S,shootingFoul2,attemptEquivalent,2,2,
0022500255,1641772,N. Tomlin,1610612739,CLE,2,PT05M39.00S,flagrant,addOn,1,2,
0022500255,1630578,A. Sengun,1610612745,HOU,2,PT01M34.00S,shootingFoul2,attemptEquivalent,0,2,
0022500255,201142,K. Durant,1610612745,HOU,2,PT01M09.00S,bonus,attemptEquivalent,2,2,
0022500255,1630596,E. Mobley,1610612739,CLE,3,PT11M25.00S,andOne,addOn,1,1,373
0022500255,1629631,D. Hunter,1610612739,CLE,3,PT08M27.00S,shootingFoul2,attemptEquivalent,2,2,
0022500255,1630596,E. Mobley,1610612739,CLE,3,PT07M34.00S,andOne,addOn,1,1,414
0022500255,1629631,D. Hunter,1610612739,CLE,3,PT05M22.00S,shootingFoul2,attemptEquivalent,2,2,
0022500255,201142,K. Durant,1610612745,HOU,3,PT05M01.00S,shootingFoul2,attemptEquivalent,1,2,
0022500255,1628366,L. Ball,1610612739,CLE,3,PT03M42.00S,bonus,attemptEquivalent,1,2,
0022500255,1629731,D. Wade,1610612739,CLE,3,PT00M02.00S,shootingFoul2,attemptEquivalent,1,2,
0022500255,1630596,E. Mobley,1610612739,CLE,4,PT09M11.00S,shootingFoul2,attemptEquivalent,0,2,
0022500255,1628378,D. Mitchell,1610612739,CLE,4,PT07M48.00S,shootingFoul2,attemptEquivalent,2,2,
0022500255,1628988,A. Holiday,1610612745,HOU,4,PT04M51.00S,shootingFoul2,attemptEquivalent,2,2,
0022500255,1629631,D. Hunter,1610612739,CLE,4,PT04M37.00S,shootingFoul2,attemptEquivalent,2,2,
0022500255,1628988,A. Holiday,1610612745,HOU,4,PT03M51.00S,andOne,addOn,1,1,662
0022500255,1630596,E. Mobley,1610612739,CLE,4,PT03M37.00S,shootingFoul2,attemptEquivalent,0,2,
0022500255,1630578,A. Sengun,1610612745,HOU,4,PT02M55.00S,shootingFoul2,attemptEquivalent,2,2,
0022500255,1629631,D. Hunter,1610612739,CLE,4,PT01M46.00S,shootingFoul2,attemptEquivalent,2,2,
0022500255,1630578,A. Sengun,1610612745,HOU,4,PT00M36.70S,bonus,attemptEquivalent,2,2,
0022500255,1630578,A. Sengun,1610612745,HOU,4,PT00M30.30S,bonus,attemptEquivalent,2,2,
0022500255,1631095,J. Smith Jr.,1610612745,HOU,4,PT00M26.00S,bonus,attemptEquivalent,1,2,
0022500259,1628963,M. Bagley III,1610612764,WAS,1,PT09M53.00S,shootingFoul2,attemptEquivalent,1,2,
0022500259,1630162,A. Edwards,1610612750,MIN,1,PT09M02.00S,shootingFoul2,attemptEquivalent,2,2,
0022500259,203944,J. Randle,1610612750,MIN,1,PT08M30.00S,shootingFoul2,attemptEquivalent,2,2,
0022500259,1641715,C. Whitmore,1610612764,WAS,1,PT05M24.00S,andOne,addOn,1,1,86
0022500259,1641715,C. Whitmore,1610612764,WAS,1,PT04M48.00S,andOne,addOn,1,1,103
0022500259,1630162,A. Edwards,1610612750,MIN,1,PT03M46.00S,andOne,addOn,1,1,121
0022500259,203944,J. Randle,1610612750,MIN,1,PT02M10.00S,bonus,attemptEquivalent,2,2,
0022500259,201144,M. Conley,1610612750,MIN,1,PT00M55.50S,bonus,attemptEquivalent,2,2,
0022500259,1630162,A. Edwards,1610612750,MIN,2,PT05M25.00S,shootingFoul2,attemptEquivalent,2,2,
0022500259,1629675,N. Reid,1610612750,MIN,2,PT02M06.00S,andOne,addOn,1,1,324
0022500259,1641774,T. Vukcevic,1610612764,WAS,2,PT00M17.70S,bonus,attemptEquivalent,2,2,
0022500259,201144,M. Conley,1610612750,MIN,3,PT07M40.00S,shootingFoul3,attemptEquivalent,3,3,
0022500259,203944,J. Randle,1610612750,MIN,3,PT06M01.00S,shootingFoul2,attemptEquivalent,1,2,
0022500259,203944,J. Randle,1610612750,MIN,3,PT05M40.00S,shootingFoul2,attemptEquivalent,1,2,
0022500259,203497,R. Gobert,1610612750,MIN,3,PT04M52.00S,shootingFoul2,attemptEquivalent,1,2,
0022500259,1641740,J. Clark,1610612750,MIN,3,PT03M40.00S,shootingFoul2,attemptEquivalent,0,2,
0022500259,201144,M. Conley,1610612750,MIN,3,PT01M11.00S,bonus,attemptEquivalent,1,2,
0022500259,203944,J. Randle,1610612750,MIN,3,PT00M46.90S,andOne,addOn,1,1,511
0022500259,1641731,B. Coulibaly,1610612764,WAS,4,PT05M34.00S,andOne,addOn,1,1,606
0022500259,201144,M. Conley,1610612750,MIN,4,PT04M45.00S,bonus,attemptEquivalent,1,2,
0022500259,1642273,K. George,1610612764,WAS,4,PT03M52.00S,shootingFoul2,attemptEquivalent,0,2,
0022500259,203944,J. Randle,1610612750,MIN,4,PT02M03.00S,shootingFoul2,attemptEquivalent,0,2,
0022500259,1642273,K. George,1610612764,WAS,4,PT00M41.70S,shootingFoul3,attemptEquivalent,3,3,
0022500259,203944,J. Randle,1610612750,MIN,4,PT00M31.20S,bonus,attemptEquivalent,2,2,
0022500261,1628983,S. Gilgeous-Alexander,1610612760,OKC,1,PT07M19.00S,shootingFoul2,attemptEquivalent,2,2,
0022500261,1628983,S. Gilgeous-Alexander,1610612760,OKC,1,PT04M31.00S,andOne,addOn,0,1,92
0022500261,203471,D. Schröder,1610612758,SAC,1,PT03M18.00S,andOne,addOn,0,1,116
0022500261,203471,D. Schröder,1610612758,SAC,1,PT01M48.00S,shootingFoul2,attemptEquivalent,1,2,
0022500261,1628370,M. Monk,1610612758,SAC,2,PT10M06.00S,shootingFoul2,attemptEquivalent,1,2,
0022500261,201942,D. DeRozan,1610612758,SAC,2,PT07M02.00S,shootingFoul2,attemptEquivalent,2,2,
0022500261,1628392,I. Hartenstein,1610612760,OKC,2,PT06M43.00S,shootingFoul2,attemptEquivalent,2,2,
0022500261,201942,D. DeRozan,1610612758,SAC,2,PT04M41.00S,shootingFoul2,attemptEquivalent,2,2,
0022500261,1630198,I. Joe,1610612760,OKC,2,PT02M55.00S,shootingFoul2,attemptEquivalent,2,2,
0022500261,201566,R. Westbrook,1610612758,SAC,2,PT01M39.00S,shootingFoul2,attemptEquivalent,0,2,
0022500261,1631119,J. Williams,1610612760,OKC,2,PT01M32.00S,shootingFoul2,attemptEquivalent,2,2,
0022500261,201942,D. DeRozan,1610612758,SAC,3,PT09M02.00S,shootingFoul2,attemptEquivalent,2,2,
0022500261,1628983,S. Gilgeous-Alexander,1610612760,OKC,3,PT04M43.00S,shootingFoul2,attemptEquivalent,2,2,
0022500261,1630198,I. Joe,1610612760,OKC,3,PT02M35.00S,shootingFoul2,attemptEquivalent,2,2,
0022500261,1628983,S. Gilgeous-Alexander,1610612760,OKC,3,PT00M38.50S,andOne,addOn,1,1,506
0022500261,201942,D. DeRozan,1610612758,SAC,4,PT11M03.00S,shootingFoul2,attemptEquivalent,1,2,
0022500261,1642349,A. Mitchell,1610612760,OKC,4,PT10M43.00S,transitionTake,addOn,1,1,
0022500261,1642349,A. Mitchell,1610612760,OKC,4,PT10M03.00S,shootingFoul2,attemptEquivalent,2,2,
0022500261,1642349,A. Mitchell,1610612760,OKC,4,PT08M26.00S,shootingFoul2,attemptEquivalent,2,2,
0022500261,1628983,S. Gilgeous-Alexander,1610612760,OKC,4,PT04M59.00S,andOne,addOn,0,1,630
0022500261,201942,D. DeRozan,1610612758,SAC,4,PT04M12.00S,shootingFoul2,attemptEquivalent,2,2,
0022500261,1628370,M. Monk,1610612758,SAC,4,PT03M03.00S,shootingFoul2,attemptEquivalent,2,2,
0022500261,1628983,S. Gilgeous-Alexander,1610612760,OKC,4,PT01M44.00S,shootingFoul3,attemptEquivalent,3,3,
0022500261,1630173,P. Achiuwa,1610612758,SAC,4,PT01M30.00S,bonus,attemptEquivalent,1,2,
0022500261,1630173,P. Achiuwa,1610612758,SAC,4,PT00M37.80S,bonus,attemptEquivalent,1,2,
0022500265,201566,R. Westbrook,1610612758,SAC,1,PT11M22.00S,shootingFoul2,attemptEquivalent,1,2,
0022500265,201942,D. DeRozan,1610612758,SAC,1,PT10M52.00S,shootingFoul2,attemptEquivalent,2,2,
0022500265,1641744,Z. Edey,1610612763,MEM,1,PT08M16.00S,andOne,addOn,1,1,50
0022500265,1629111,J. Landale,1610612763,MEM,1,PT03M21.00S,shootingFoul2,attemptEquivalent,2,2,
0022500265,1641765,O. Prosper,1610612763,MEM,1,PT02M56.00S,bonus,attemptEquivalent,2,2,
0022500265,203471,D. Schröder,1610612758,SAC,2,PT11M09.00S,shootingFoul2,attemptEquivalent,2,2,
0022500265,203471,D. Schröder,1610612758,SAC,2,PT09M40.00S,shootingFoul2,attemptEquivalent,1,2,
0022500265,1641713,G. Jackson,1610612763,MEM,2,PT07M02.00S,shootingFoul2,attemptEquivalent,2,2,
0022500265,1629723,J. Konchar,1610612763,MEM,2,PT04M51.00S,shootingFoul2,attemptEquivalent,1,2,
0022500265,203897,Z. LaVine,1610612758,SAC,2,PT03M55.00S,shootingFoul2,attemptEquivalent,2,2,
0022500265,1630583,S. Aldama,1610612763,MEM,2,PT01M57.00S,andOne,addOn,1,1,339
0022500265,1642377,J. Wells,1610612763,MEM,2,PT00M49.10S,shootingFoul2,attemptEquivalent,2,2,
0022500265,201942,D. DeRozan,1610612758,SAC,3,PT11M47.00S,andOne,addOn,1,1,380
0022500265,1642907,C. Coward,1610612763,MEM,3,PT09M51.00S,andOne,addOn,1,1,404
0022500265,1642377,J. Wells,1610612763,MEM,3,PT05M52.00S,shootingFoul2,attemptEquivalent,1,2,
0022500265,1641765,O. Prosper,1610612763,MEM,3,PT04M00.00S,shootingFoul2,attemptEquivalent,1,2,
0022500265,1641765,O. Prosper,1610612763,MEM,3,PT02M33.00S,bonus,attemptEquivalent,1,2,
0022500265,1629111,J. Landale,1610612763,MEM,3,PT01M31.00S,shootingFoul2,attemptEquivalent,2,2,
0022500265,1630583,S. Aldama,1610612763,MEM,4,PT07M23.00S,shootingFoul2,attemptEquivalent,1,2,
0022500265,1642363,N. Clifford,1610612758,SAC,4,PT04M51.00S,shootingFoul2,attemptEquivalent,0,2,
0022500265,1642285,C. Spencer,1610612763,MEM,4,PT02M02.00S,shootingFoul2,attemptEquivalent,1,2,
0022500265,1642363,N. Clifford,1610612758,SAC,4,PT01M37.00S,shootingFoul2,attemptEquivalent,2,2,
0022500271,1642273,K. George,1610612764,WAS,1,PT11M46.00S,shootingFoul2,attemptEquivalent,2,2,
0022500271,1641731,B. Coulibaly,1610612764,WAS,1,PT10M15.00S,shootingFoul2,attemptEquivalent,2,2,
0022500271,1641824,M. Buzelis,1610612741,CHI,1,PT08M27.00S,andOne,addOn,0,1,48
0022500271,1629632,C. White,1610612741,CHI,1,PT08M00.00S,shootingFoul2,attemptEquivalent,2,2,
0022500271,1630557,C. Kispert,1610612764,WAS,1,PT07M44.00S,andOne,addOn,1,1,62
0022500271,1630581,J. Giddey,1610612741,CHI,1,PT05M30.00S,shootingFoul2,attemptEquivalent,2,2,
0022500271,1630557,C. Kispert,1610612764,WAS,1,PT05M18.00S,shootingFoul2,attemptEquivalent,2,2,
0022500271,1630581,J. Giddey,1610612741,CHI,1,PT04M02.00S,shootingFoul2,attemptEquivalent,2,2,
0022500271,1642273,K. George,1610612764,WAS,1,PT02M24.00S,shootingFoul2,attemptEquivalent,2,2,
0022500271,1641715,C. Whitmore,1610612764,WAS,1,PT02M03.00S,shootingFoul2,attemptEquivalent,2,2,
0022500271,1642273,K. George,1610612764,WAS,1,PT01M38.00S,bonus,attemptEquivalent,2,2,
0022500271,1630200,T. Jones,1610612741,CHI,1,PT01M11.00S,shootingFoul2,attemptEquivalent,2,2,
0022500271,1630245,A. Dosunmu,1610612741,CHI,1,PT00M47.90S,shootingFoul2,attemptEquivalent,2,2,
0022500271,1641715,C. Whitmore,1610612764,WAS,2,PT09M04.00S,andOne,addOn,1,1,232
0022500271,1641824,M. Buzelis,1610612741,CHI,2,PT06M03.00S,shootingFoul2,attemptEquivalent,2,2,
0022500271,1642259,A. Sarr,1610612764,WAS,2,PT03M17.00S,andOne,addOn,0,1,324
0022500271,202696,N. Vučević,1610612741,CHI,2,PT02M59.00S,andOne,addOn,1,1,329
0022500271,1641824,M. Buzelis,1610612741,CHI,2,PT02M08.00S,shootingFoul2,attemptEquivalent,2,2,
0022500271,1629632,C. White,1610612741,CHI,2,PT00M30.40S,shootingFoul2,attemptEquivalent,1,2,
0022500271,1629632,C. White,1610612741,CHI,3,PT10M52.00S,andOne,addOn,1,1,393
0022500271,203468,C. McCollum,1610612764,WAS,3,PT10M09.00S,andOne,addOn,1,1,404
0022500271,1630581,J. Giddey,1610612741,CHI,3,PT04M29.00S,andOne,addOn,0,1,477
0022500271,1630581,J. Giddey,1610612741,CHI,3,PT03M31.00S,shootingFoul2,attemptEquivalent,2,2,
0022500271,1630200,T. Jones,1610612741,CHI,3,PT02M24.00S,bonus,attemptEquivalent,2,2,
0022500271,1629632,C. White,1610612741,CHI,4,PT11M05.00S,shootingFoul2,attemptEquivalent,1,2,
0022500271,1641715,C. Whitmore,1610612764,WAS,4,PT10M10.00S,shootingFoul2,attemptEquivalent,1,2,
0022500271,1630245,A. Dosunmu,1610612741,CHI,4,PT06M34.00S,shootingFoul2,attemptEquivalent,1,2,
0022500271,1642259,A. Sarr,1610612764,WAS,4,PT04M28.00S,shootingFoul2,attemptEquivalent,0,2,
0022500271,1630200,T. Jones,1610612741,CHI,4,PT00M34.20S,bonus,attemptEquivalent,2,2,
0022500274,201942,D. DeRozan,1610612758,SAC,1,PT09M46.00S,shootingFoul2,attemptEquivalent,2,2,
0022500274,203999,N. Jokić,1610612743,DEN,1,PT08M08.00S,shootingFoul2,attemptEquivalent,2,2,
0022500274,203501,T. Hardaway Jr.,1610612743,DEN,1,PT05M50.00S,andOne,addOn,1,1,82
0022500274,1629661,C. Johnson,1610612743,DEN,1,PT03M30.00S,bonus,attemptEquivalent,1,2,
0022500274,203501,T. Hardaway Jr.,1610612743,DEN,1,PT02M45.00S,bonus,attemptEquivalent,2,2,
0022500274,1641816,H. Tyson,1610612743,DEN,1,PT00M16.30S,bonus,attemptEquivalent,2,2,
0022500274,203471,D. Schröder,1610612758,SAC,1,PT00M04.70S,shootingFoul2,attemptEquivalent,2,2,
0022500274,201942,D. DeRozan,1610612758,SAC,2,PT10M46.00S,andOne,addOn,1,1,191
0022500274,1627750,J. Murray,1610612743,DEN,2,PT10M32.00S,andOne,addOn,1,1,196
0022500274,1631099,K. Murray,1610612758,SAC,2,PT06M13.00S,shootingFoul2,attemptEquivalent,2,2,
0022500274,1629661,C. Johnson,1610612743,DEN,2,PT05M25.00S,andOne,addOn,1,1,267
0022500274,203897,Z. LaVine,1610612758,SAC,2,PT02M39.00S,shootingFoul2,attemptEquivalent,2,2,
0022500274,1629234,D. Eubanks,1610612758,SAC,2,PT02M19.00S,shootingFoul2,attemptEquivalent,2,2,
0022500274,203471,D. Schröder,1610612758,SAC,2,PT01M21.00S,shootingFoul2,attemptEquivalent,2,2,
0022500274,203999,N. Jokić,1610612743,DEN,2,PT00M01.30S,bonus,attemptEquivalent,1,2,
0022500274,201942,D. DeRozan,1610612758,SAC,3,PT11M21.00S,andOne,addOn,1,1,365
0022500274,203999,N. Jokić,1610612743,DEN,3,PT06M37.00S,shootingFoul2,attemptEquivalent,2,2,
0022500274,203999,N. Jokić,1610612743,DEN,3,PT03M58.00S,andOne,addOn,1,1,455
0022500274,1630173,P. Achiuwa,1610612758,SAC,3,PT03M39.00S,andOne,addOn,1,1,461
0022500274,203471,D. Schröder,1610612758,SAC,3,PT02M00.00S,bonus,attemptEquivalent,2,2,
0022500274,1642461,S. Jones,1610612743,DEN,4,PT10M28.00S,shootingFoul2,attemptEquivalent,1,2,
0022500274,201566,R. Westbrook,1610612758,SAC,4,PT10M20.00S,shootingFoul2,attemptEquivalent,1,2,
0022500274,1628370,M. Monk,1610612758,SAC,4,PT06M19.00S,andOne,addOn,1,1,579
0022500274,1627750,J. Murray,1610612743,DEN,4,PT06M08.00S,andOne,addOn,0,1,587
0022500274,201942,D. DeRozan,1610612758,SAC,4,PT00M12.00S,andOne,addOn,1,1,649
0022500274,203999,N. Jokić,1610612743,DEN,4,PT00M10.00S,shootingFoul3,attemptEquivalent,3,3,
0022500274,201942,D. DeRozan,1610612758,SAC,4,PT00M06.30S,bonus,attemptEquivalent,2,2,
0022500278,201935,J. Harden,1610612746,LAC,1,PT10M58.00S,andOne,addOn,1,1,14
0022500278,1630596,E. Mobley,1610612739,CLE,1,PT05M02.00S,shootingFoul2,attemptEquivalent,0,2,
0022500278,201935,J. Harden,1610612746,LAC,1,PT02M15.00S,shootingFoul2,attemptEquivalent,2,2,
0022500278,1642878,T. Proctor,1610612739,CLE,1,PT00M41.90S,shootingFoul2,attemptEquivalent,2,2,
0022500278,202695,K. Leonard,1610612746,LAC,2,PT11M12.00S,shootingFoul2,attemptEquivalent,2,2,
0022500278,1629631,D. Hunter,1610612739,CLE,2,PT09M18.00S,shootingFoul2,attemptEquivalent,1,2,
0022500278,1630596,E. Mobley,1610612739,CLE,2,PT08M50.00S,shootingFoul2,attemptEquivalent,0,2,
0022500278,1629636,D. Garland,1610612739,CLE,2,PT07M34.00S,shootingFoul2,attemptEquivalent,2,2,
0022500278,202695,K. Leonard,1610612746,LAC,2,PT05M42.00S,andOne,addOn,1,1,261
0022500278,1627739,K. Dunn,1610612746,LAC,2,PT04M24.00S,shootingFoul2,attemptEquivalent,2,2,
0022500278,1628381,J. Collins,1610612746,LAC,2,PT01M37.00S,bonus,attemptEquivalent,1,2,
0022500278,1629631,D. Hunter,1610612739,CLE,3,PT09M30.00S,shootingFoul2,attemptEquivalent,2,2,
0022500278,1628381,J. Collins,1610612746,LAC,3,PT07M16.00S,shootingFoul2,attemptEquivalent,2,2,
0022500278,201935,J. Harden,1610612746,LAC,3,PT06M07.00S,shootingFoul2,attemptEquivalent,2,2,
0022500278,1628378,D. Mitchell,1610612739,CLE,3,PT03M06.00S,andOne,addOn,1,1,457
0022500278,1628378,D. Mitchell,1610612739,CLE,3,PT02M42.00S,andOne,addOn,1,1,466
0022500278,201935,J. Harden,1610612746,LAC,3,PT01M51.00S,bonus,attemptEquivalent,2,2,
0022500278,201935,J. Harden,1610612746,LAC,3,PT01M08.00S,shootingFoul2,attemptEquivalent,1,2,
0022500278,1641772,N. Tomlin,1610612739,CLE,3,PT00M58.10S,shootingFoul2,attemptEquivalent,1,2,
0022500278,202695,K. Leonard,1610612746,LAC,4,PT09M06.00S,shootingFoul2,attemptEquivalent,2,2,
0022500278,1627826,I. Zubac,1610612746,LAC,4,PT06M15.00S,shootingFoul2,attemptEquivalent,2,2,
0022500278,1627826,I. Zubac,1610612746,LAC,4,PT05M14.00S,andOne,addOn,1,1,598
0022500278,1628378,D. Mitchell,1610612739,CLE,4,PT04M01.00S,shootingFoul2,attemptEquivalent,2,2,
0022500278,1642353,C. Christie,1610612746,LAC,4,PT00M48.50S,shootingFoul2,attemptEquivalent,1,2,
0022500278,1642878,T. Proctor,1610612739,CLE,4,PT00M38.10S,shootingFoul2,attemptEquivalent,1,2,
0022500280,1628983,S. Gilgeous-Alexander,1610612760,OKC,1,PT07M47.00S,shootingFoul2,attemptEquivalent,2,2,
0022500280,1628983,S. Gilgeous-Alexander,1610612760,OKC,1,PT07M17.00S,shootingFoul2,attemptEquivalent,2,2,
0022500280,1628983,S. Gilgeous-Alexander,1610612760,OKC,1,PT06M58.00S,andOne,addOn,1,1,68
0022500280,1631096,C. Holmgren,1610612760,OKC,1,PT05M22.00S,shootingFoul2,attemptEquivalent,1,2,
0022500280,1630198,I. Joe,1610612760,OKC,1,PT01M05.00S,andOne,addOn,1,1,151
0022500280,203924,J. Grant,1610612757,POR,1,PT00M45.50S,shootingFoul2,attemptEquivalent,2,2,
0022500280,1630198,I. Joe,1610612760,OKC,1,PT00M33.20S,andOne,addOn,1,1,167
0022500280,1642349,A. Mitchell,1610612760,OKC,2,PT09M41.00S,shootingFoul2,attemptEquivalent,1,2,
0022500280,1642349,A. Mitchell,1610612760,OKC,2,PT09M32.00S,flagrant,addOn,1,2,
0022500280,1631321,S. Cissoko,1610612757,POR,2,PT06M39.00S,andOne,addOn,0,1,260
0022500280,1642270,D. Clingan,1610612757,POR,2,PT06M00.00S,shootingFoul2,attemptEquivalent,1,2,
0022500280,1630166,D. Avdija,1610612757,POR,2,PT05M37.00S,andOne,addOn,1,1,284
0022500280,1631200,K. Murray,1610612757,POR,2,PT03M15.00S,bonus,attemptEquivalent,1,2,
0022500280,1642270,D. Clingan,1610612757,POR,2,PT03M14.00S,bonus,attemptEquivalent,1,2,
0022500280,1631200,K. Murray,1610612757,POR,2,PT03M11.00S,shootingFoul2,attemptEquivalent,2,2,
0022500280,1628983,S. Gilgeous-Alexander,1610612760,OKC,2,PT03M03.00S,shootingFoul2,attemptEquivalent,2,2,
0022500280,1630166,D. Avdija,1610612757,POR,2,PT00M51.50S,bonus,attemptEquivalent,1,2,
0022500280,1628983,S. Gilgeous-Alexander,1610612760,OKC,3,PT10M54.00S,shootingFoul2,attemptEquivalent,2,2,
0022500280,203924,J. Grant,1610612757,POR,3,PT09M01.00S,shootingFoul2,attemptEquivalent,2,2,
0022500280,1628392,I. Hartenstein,1610612760,OKC,3,PT06M38.00S,shootingFoul2,attemptEquivalent,1,2,
0022500280,1631119,J. Williams,1610612760,OKC,3,PT05M30.00S,bonus,attemptEquivalent,0,2,
0022500280,1631126,C. Love,1610612757,POR,3,PT03M28.00S,shootingFoul2,attemptEquivalent,1,2,
0022500280,1631119,J. Williams,1610612760,OKC,3,PT02M39.00S,shootingFoul2,attemptEquivalent,2,2,
0022500280,203924,J. Grant,1610612757,POR,3,PT01M57.00S,andOne,addOn,1,1,540
0022500280,1642905,H. Yang,1610612757,POR,4,PT09M21.00S,andOne,addOn,1,1,591
0022500282,1629029,L. Dončić,1610612747,LAL,1,PT08M53.00S,andOne,addOn,1,1,40
0022500282,1629029,L. Dončić,1610612747,LAL,1,PT03M01.00S,andOne,addOn,1,1,116
0022500282,1642268,I. Collier,1610612762,UTA,1,PT00M37.30S,shootingFoul2,attemptEquivalent,2,2,
0022500282,1641729,B. Sensabaugh,1610612762,UTA,2,PT09M55.00S,shootingFoul2,attemptEquivalent,2,2,
0022500282,1642268,I. Collier,1610612762,UTA,2,PT09M29.00S,andOne,addOn,1,1,200
0022500282,203994,J. Nurkić,1610612762,UTA,2,PT05M25.00S,shootingFoul2,attemptEquivalent,0,2,
0022500282,1641718,K. George,1610612762,UTA,2,PT03M40.00S,shootingFoul2,attemptEquivalent,2,2,
0022500282,203994,J. Nurkić,1610612762,UTA,2,PT00M34.70S,andOne,addOn,0,1,321
0022500282,1629637,J. Hayes,1610612747,LAL,3,PT11M27.00S,andOne,addOn,1,1,341
0022500282,1629060,R. Hachimura,1610612747,LAL,3,PT09M53.00S,shootingFoul2,attemptEquivalent,1,2,
0022500282,1629029,L. Dončić,1610612747,LAL,3,PT06M46.00S,shootingFoul2,attemptEquivalent,1,2,
0022500282,1630559,A. Reaves,1610612747,LAL,3,PT03M58.00S,andOne,addOn,1,1,439
0022500282,1629029,L. Dončić,1610612747,LAL,3,PT02M26.00S,bonus,attemptEquivalent,2,2,
0022500282,1641718,K. George,1610612762,UTA,3,PT01M19.00S,shootingFoul2,attemptEquivalent,1,2,
0022500282,2544,L. James,1610612747,LAL,3,PT00M38.00S,shootingFoul2,attemptEquivalent,1,2,
0022500282,1629029,L. Dončić,1610612747,LAL,3,PT00M11.70S,shootingFoul2,attemptEquivalent,2,2,
0022500282,1630559,A. Reaves,1610612747,LAL,4,PT10M21.00S,shootingFoul2,attemptEquivalent,1,2,
0022500282,1642268,I. Collier,1610612762,UTA,4,PT10M03.00S,shootingFoul2,attemptEquivalent,1,2,
0022500282,1629060,R. Hachimura,1610612747,LAL,4,PT08M18.00S,shootingFoul2,attemptEquivalent,2,2,
0022500282,1629029,L. Dončić,1610612747,LAL,4,PT07M49.00S,shootingFoul2,attemptEquivalent,2,2,
0022500282,1630559,A. Reaves,1610612747,LAL,4,PT06M36.00S,shootingFoul2,attemptEquivalent,2,2,
0022500282,1642271,K. Filipowski,1610612762,UTA,4,PT05M51.00S,shootingFoul2,attemptEquivalent,2,2,
0022500282,1628374,L. Markkanen,1610612762,UTA,4,PT05M24.00S,shootingFoul2,attemptEquivalent,2,2,
0022500282,1630559,A. Reaves,1610612747,LAL,4,PT04M41.00S,bonus,attemptEquivalent,2,2,
0022500282,1629029,L. Dončić,1610612747,LAL,4,PT00M05.80S,bonus,attemptEquivalent,1,2,
0022500284,1642281,J. Tyson,1610612739,CLE,1,PT09M17.00S,andOne,addOn,1,1,31
0022500284,1642878,T. Proctor,1610612739,CLE,1,PT03M32.00S,shootingFoul2,attemptEquivalent,2,2,
0022500284,1642878,T. Proctor,1610612739,CLE,1,PT02M45.00S,bonus,attemptEquivalent,2,2,
0022500284,1631247,L. Travers,1610612739,CLE,2,PT11M28.00S,shootingFoul2,attemptEquivalent,2,2,
0022500284,1627751,J. Poeltl,1610612761,TOR,2,PT10M01.00S,andOne,addOn,1,1,185
0022500284,1641753,C. Livingston,1610612739,CLE,2,PT08M19.00S,andOne,addOn,1,1,208
0022500284,1627742,B. Ingram,1610612761,TOR,2,PT07M40.00S,shootingFoul2,attemptEquivalent,0,2,
0022500284,1642867,C. Murray-Boyles,1610612761,TOR,2,PT07M06.00S,shootingFoul2,attemptEquivalent,0,2,
0022500284,1627742,B. Ingram,1610612761,TOR,2,PT01M20.00S,bonus,attemptEquivalent,1,2,
0022500284,1630596,E. Mobley,1610612739,CLE,3,PT09M04.00S,shootingFoul2,attemptEquivalent,2,2,
0022500284,1627742,B. Ingram,1610612761,TOR,3,PT05M26.00S,andOne,addOn,1,1,407
0022500284,1642867,C. Murray-Boyles,1610612761,TOR,3,PT04M19.00S,flagrant,addOn,2,2,
0022500284,1631247,L. Travers,1610612739,CLE,3,PT02M54.00S,andOne,addOn,1,1,451
0022500284,1628378,D. Mitchell,1610612739,CLE,4,PT11M06.00S,shootingFoul2,attemptEquivalent,2,2,
0022500284,1630567,S. Barnes,1610612761,TOR,4,PT10M23.00S,shootingFoul2,attemptEquivalent,2,2,
0022500284,1642419,J. Battle,1610612761,TOR,4,PT09M25.00S,shootingFoul3,attemptEquivalent,3,3,
0022500284,1642347,J. Shead,1610612761,TOR,4,PT02M21.00S,shootingFoul3,attemptEquivalent,2,3,
0022500291,202710,J. Butler III,1610612744,GSW,1,PT08M42.00S,andOne,addOn,1,1,34
0022500291,1641718,K. George,1610612762,UTA,1,PT05M48.00S,shootingFoul2,attemptEquivalent,1,2,
0022500291,1642271,K. Filipowski,1610612762,UTA,1,PT01M20.00S,shootingFoul2,attemptEquivalent,1,2,
0022500291,1630611,G. Santos,1610612744,GSW,1,PT01M00.00S,shootingFoul2,attemptEquivalent,2,2,
0022500291,1641764,B. Podziemski,1610612744,GSW,1,PT00M13.70S,shootingFoul2,attemptEquivalent,2,2,
0022500291,1641718,K. George,1610612762,UTA,2,PT02M12.00S,shootingFoul2,attemptEquivalent,2,2,
0022500291,1628374,L. Markkanen,1610612762,UTA,3,PT09M19.00S,shootingFoul2,attemptEquivalent,2,2,
0022500291,1628374,L. Markkanen,1610612762,UTA,3,PT06M52.00S,andOne,addOn,1,1,411
0022500291,201939,S. Curry,1610612744,GSW,3,PT05M08.00S,andOne,addOn,1,1,439
0022500291,1631218,T. Jackson-Davis,1610612744,GSW,3,PT03M50.00S,shootingFoul2,attemptEquivalent,1,2,
0022500291,202710,J. Butler III,1610612744,GSW,3,PT02M25.00S,shootingFoul2,attemptEquivalent,1,2,
0022500291,1642366,Q. Post,1610612744,GSW,3,PT01M11.00S,shootingFoul2,attemptEquivalent,2,2,
0022500291,1642271,K. Filipowski,1610612762,UTA,3,PT00M06.60S,shootingFoul2,attemptEquivalent,1,2,
0022500291,1642954,W. Richard,1610612744,GSW,4,PT09M35.00S,shootingFoul2,attemptEquivalent,1,2,
0022500291,1630311,P. Spencer,1610612744,GSW,4,PT08M36.00S,shootingFoul2,attemptEquivalent,1,2,
0022500291,1641718,K. George,1610612762,UTA,4,PT07M45.00S,shootingFoul2,attemptEquivalent,1,2,
0022500291,1628374,L. Markkanen,1610612762,UTA,4,PT05M07.00S,shootingFoul2,attemptEquivalent,1,2,
0022500291,1641718,K. George,1610612762,UTA,4,PT04M40.00S,andOne,addOn,0,1,647
0022500291,1642846,A. Bailey,1610612762,UTA,4,PT02M50.00S,shootingFoul2,attemptEquivalent,2,2,
0022500291,1641764,B. Podziemski,1610612744,GSW,4,PT01M40.00S,shootingFoul2,attemptEquivalent,1,2,
0022500292,1631099,K. Murray,1610612758,SAC,1,PT05M50.00S,andOne,addOn,1,1,71
0022500292,1629675,N. Reid,1610612750,MIN,1,PT05M05.00S,shootingFoul2,attemptEquivalent,2,2,
0022500292,1642875,M. Raynaud,1610612758,SAC,1,PT03M53.00S,shootingFoul2,attemptEquivalent,1,2,
0022500292,201942,D. DeRozan,1610612758,SAC,1,PT01M52.00S,andOne,addOn,1,1,122
0022500292,201942,D. DeRozan,1610612758,SAC,1,PT00M50.50S,shootingFoul2,attemptEquivalent,2,2,
0022500292,1642363,N. Clifford,1610612758,SAC,2,PT10M37.00S,shootingFoul2,attemptEquivalent,2,2,
0022500292,203497,R. Gobert,1610612750,MIN,2,PT10M24.00S,shootingFoul2,attemptEquivalent,2,2,
0022500292,201942,D. DeRozan,1610612758,SAC,2,PT10M08.00S,shootingFoul2,attemptEquivalent,2,2,
0022500292,203944,J. Randle,1610612750,MIN,2,PT05M12.00S,shootingFoul2,attemptEquivalent,2,2,
0022500292,203497,R. Gobert,1610612750,MIN,3,PT07M27.00S,shootingFoul2,attemptEquivalent,1,2,
0022500292,203944,J. Randle,1610612750,MIN,3,PT06M05.00S,shootingFoul2,attemptEquivalent,2,2,
0022500292,1628978,D. DiVincenzo,1610612750,MIN,3,PT05M32.00S,shootingFoul2,attemptEquivalent,2,2,
0022500292,1630162,A. Edwards,1610612750,MIN,3,PT01M40.00S,shootingFoul2,attemptEquivalent,2,2,
0022500292,201942,D. DeRozan,1610612758,SAC,3,PT01M05.00S,andOne,addOn,1,1,463
0022500292,1642363,N. Clifford,1610612758,SAC,3,PT00M33.30S,bonus,attemptEquivalent,1,2,
0022500292,203471,D. Schröder,1610612758,SAC,3,PT00M08.40S,shootingFoul2,attemptEquivalent,2,2,
0022500292,1630162,A. Edwards,1610612750,MIN,4,PT04M38.00S,shootingFoul2,attemptEquivalent,1,2,
0022500292,1631099,K. Murray,1610612758,SAC,4,PT04M21.00S,shootingFoul2,attemptEquivalent,2,2,
0022500292,1630162,A. Edwards,1610612750,MIN,4,PT03M37.00S,shootingFoul2,attemptEquivalent,2,2,
0022500292,1630162,A. Edwards,1610612750,MIN,4,PT03M04.00S,andOne,addOn,1,1,625
0022500292,201942,D. DeRozan,1610612758,SAC,4,PT01M29.00S,andOne,addOn,1,1,642
0022500292,203944,J. Randle,1610612750,MIN,4,PT01M01.00S,shootingFoul2,attemptEquivalent,2,2,
0022500292,201942,D. DeRozan,1610612758,SAC,4,PT00M34.40S,shootingFoul2,attemptEquivalent,2,2,
0022500292,201942,D. DeRozan,1610612758,SAC,5,PT00M20.20S,awayFromPlay,addOn,1,1,
0022500292,201942,D. DeRozan,1610612758,SAC,5,PT00M19.20S,bonus,attemptEquivalent,2,2,
0022500292,201942,D. DeRozan,1610612758,SAC,5,PT00M10.70S,bonus,attemptEquivalent,2,2,
0022500292,1628370,M. Monk,1610612758,SAC,5,PT00M07.20S,bonus,attemptEquivalent,2,2,
0022500301,1631095,J. Smith Jr.,1610612745,HOU,1,PT09M32.00S,shootingFoul2,attemptEquivalent,1,2,
0022500301,1630578,A. Sengun,1610612745,HOU,1,PT07M21.00S,shootingFoul2,attemptEquivalent,2,2,
0022500301,203500,S. Adams,1610612745,HOU,1,PT01M16.00S,bonus,attemptEquivalent,2,2,
0022500301,1628374,L. Markkanen,1610612762,UTA,1,PT00M00.60S,shootingFoul2,attemptEquivalent,2,2,
0022500301,1641708,A. Thompson,1610612745,HOU,2,PT11M08.00S,shootingFoul2,attemptEquivalent,1,2,
0022500301,1641708,A. Thompson,1610612745,HOU,2,PT09M48.00S,andOne,addOn,0,1,213
0022500301,1631095,J. Smith Jr.,1610612745,HOU,2,PT07M26.00S,shootingFoul3,attemptEquivalent,2,3,
0022500301,1628374,L. Markkanen,1610612762,UTA,2,PT04M32.00S,shootingFoul3,attemptEquivalent,3,3,
0022500301,203500,S. Adams,1610612745,HOU,2,PT04M04.00S,shootingFoul2,attemptEquivalent,2,2,
0022500301,203500,S. Adams,1610612745,HOU,2,PT02M13.00S,shootingFoul2,attemptEquivalent,2,2,
0022500301,1630578,A. Sengun,1610612745,HOU,2,PT01M41.00S,bonus,attemptEquivalent,1,2,
0022500301,1641729,B. Sensabaugh,1610612762,UTA,2,PT01M27.00S,andOne,addOn,1,1,349
0022500301,203500,S. Adams,1610612745,HOU,2,PT00M40.40S,shootingFoul2,attemptEquivalent,2,2,
0022500301,1630578,A. Sengun,1610612745,HOU,3,PT10M01.00S,shootingFoul2,attemptEquivalent,1,2,
0022500301,1628374,L. Markkanen,1610612762,UTA,3,PT09M06.00S,shootingFoul2,attemptEquivalent,2,2,
0022500301,1630578,A. Sengun,1610612745,HOU,3,PT07M49.00S,andOne,addOn,1,1,427
0022500301,201142,K. Durant,1610612745,HOU,3,PT04M29.00S,shootingFoul2,attemptEquivalent,2,2,
0022500301,203500,S. Adams,1610612745,HOU,3,PT02M42.00S,bonus,attemptEquivalent,1,2,
0022500301,1628988,A. Holiday,1610612745,HOU,3,PT01M44.00S,bonus,attemptEquivalent,2,2,
0022500301,1629006,J. Okogie,1610612745,HOU,4,PT11M27.00S,shootingFoul2,attemptEquivalent,2,2,
0022500301,1642271,K. Filipowski,1610612762,UTA,4,PT11M13.00S,andOne,addOn,1,1,566
0022500301,1630578,A. Sengun,1610612745,HOU,4,PT09M50.00S,shootingFoul2,attemptEquivalent,2,2,
0022500301,1642383,W. Clayton Jr.,1610612762,UTA,4,PT04M51.00S,shootingFoul2,attemptEquivalent,2,2,
0022500301,1642271,K. Filipowski,1610612762,UTA,4,PT04M25.00S,shootingFoul2,attemptEquivalent,1,2,
0022500301,1641729,B. Sensabaugh,1610612762,UTA,4,PT01M10.00S,shootingFoul2,attemptEquivalent,2,2,
0022500302,1627759,J. Brown,1610612738,BOS,1,PT08M31.00S,shootingFoul2,attemptEquivalent,1,2,
0022500302,1641775,J. Walsh,1610612738,BOS,1,PT07M44.00S,andOne,addOn,1,1,44
0022500302,1629636,D. Garland,1610612739,CLE,1,PT05M52.00S,shootingFoul3,attemptEquivalent,2,3,
0022500302,1627759,J. Brown,1610612738,BOS,1,PT05M33.00S,shootingFoul2,attemptEquivalent,2,2,
0022500302,1630596,E. Mobley,1610612739,CLE,1,PT00M00.90S,shootingFoul2,attemptEquivalent,2,2,
0022500302,1629014,A. Simons,1610612738,BOS,2,PT09M20.00S,andOne,addOn,0,1,188
0022500302,1628418,T. Bryant,1610612739,CLE,2,PT05M25.00S,shootingFoul2,attemptEquivalent,2,2,
0022500302,1627759,J. Brown,1610612738,BOS,2,PT01M05.00S,shootingFoul2,attemptEquivalent,2,2,
0022500302,1641775,J. Walsh,1610612738,BOS,3,PT10M18.00S,andOne,addOn,1,1,342
0022500302,1627759,J. Brown,1610612738,BOS,3,PT06M37.00S,shootingFoul2,attemptEquivalent,2,2,
0022500302,1627759,J. Brown,1610612738,BOS,3,PT05M40.00S,shootingFoul2,attemptEquivalent,2,2,
0022500302,1641775,J. Walsh,1610612738,BOS,3,PT01M34.00S,bonus,attemptEquivalent,1,2,
0022500302,1641775,J. Walsh,1610612738,BOS,4,PT09M15.00S,shootingFoul2,attemptEquivalent,2,2,
0022500302,1629636,D. Garland,1610612739,CLE,4,PT06M37.00S,shootingFoul2,attemptEquivalent,1,2,
0022500302,1627759,J. Brown,1610612738,BOS,4,PT06M17.00S,shootingFoul2,attemptEquivalent,0,2,
0022500302,1627759,J. Brown,1610612738,BOS,4,PT05M37.00S,shootingFoul2,attemptEquivalent,2,2,
0022500302,1630202,P. Pritchard,1610612738,BOS,4,PT01M55.00S,bonus,attemptEquivalent,2,2,
0022500302,1628378,D. Mitchell,1610612739,CLE,4,PT01M31.00S,bonus,attemptEquivalent,1,2,
0022500302,1641772,N. Tomlin,1610612739,CLE,4,PT01M30.00S,shootingFoul2,attemptEquivalent,1,2,
0022500302,1630202,P. Pritchard,1610612738,BOS,4,PT01M24.00S,bonus,attemptEquivalent,2,2,
0022500302,1630202,P. Pritchard,1610612738,BOS,4,PT00M05.90S,bonus,attemptEquivalent,2,2,
0022500302,1627759,J. Brown,1610612738,BOS,4,PT00M00.70S,bonus,attemptEquivalent,1,2,
0022500305,1630166,D. Avdija,1610612757,POR,1,PT09M52.00S,andOne,addOn,0,1,28
0022500305,1631096,C. Holmgren,1610612760,OKC,1,PT09M14.00S,shootingFoul2,attemptEquivalent,1,2,
0022500305,1631321,S. Cissoko,1610612757,POR,1,PT08M11.00S,shootingFoul2,attemptEquivalent,2,2,
0022500305,1631114,J. Williams,1610612760,OKC,1,PT05M21.00S,shootingFoul2,attemptEquivalent,2,2,
0022500305,1631119,J. Williams,1610612760,OKC,1,PT00M17.40S,shootingFoul2,attemptEquivalent,1,2,
0022500305,1642349,A. Mitchell,1610612760,OKC,2,PT10M18.00S,shootingFoul2,attemptEquivalent,2,2,
0022500305,1628983,S. Gilgeous-Alexander,1610612760,OKC,2,PT05M38.00S,andOne,addOn,0,1,253
0022500305,1628983,S. Gilgeous-Alexander,1610612760,OKC,2,PT04M44.00S,awayFromPlay,addOn,0,1,
0022500305,1630166,D. Avdija,1610612757,POR,2,PT04M27.00S,andOne,addOn,1,1,278
0022500305,1630166,D. Avdija,1610612757,POR,2,PT03M50.00S,shootingFoul2,attemptEquivalent,2,2,
0022500305,1628983,S. Gilgeous-Alexander,1610612760,OKC,2,PT02M50.00S,shootingFoul2,attemptEquivalent,2,2,
0022500305,1630166,D. Avdija,1610612757,POR,2,PT02M19.00S,bonus,attemptEquivalent,2,2,
0022500305,1628983,S. Gilgeous-Alexander,1610612760,OKC,2,PT01M19.00S,shootingFoul2,attemptEquivalent,2,2,
0022500305,1630166,D. Avdija,1610612757,POR,2,PT01M06.00S,shootingFoul2,attemptEquivalent,2,2,
0022500305,1641739,T. Camara,1610612757,POR,3,PT11M19.00S,shootingFoul2,attemptEquivalent,2,2,
0022500305,1628983,S. Gilgeous-Alexander,1610612760,OKC,3,PT09M13.00S,shootingFoul2,attemptEquivalent,2,2,
0022500305,1630166,D. Avdija,1610612757,POR,3,PT07M15.00S,shootingFoul2,attemptEquivalent,2,2,
0022500305,1628983,S. Gilgeous-Alexander,1610612760,OKC,3,PT05M17.00S,shootingFoul2,attemptEquivalent,2,2,
0022500305,1631119,J. Williams,1610612760,OKC,3,PT04M42.00S,shootingFoul2,attemptEquivalent,1,2,
0022500305,1629057,R. Williams III,1610612757,POR,3,PT04M26.00S,shootingFoul2,attemptEquivalent,1,2,
0022500305,1631126,C. Love,1610612757,POR,3,PT02M07.00S,bonus,attemptEquivalent,2,2,
0022500305,1630198,I. Joe,1610612760,OKC,3,PT01M53.00S,bonus,attemptEquivalent,2,2,
0022500305,1631101,S. Sharpe,1610612757,POR,3,PT01M43.00S,shootingFoul2,attemptEquivalent,0,2,
0022500305,1630198,I. Joe,1610612760,OKC,3,PT01M02.00S,bonus,attemptEquivalent,2,2,
0022500305,1630166,D. Avdija,1610612757,POR,3,PT00M51.90S,shootingFoul2,attemptEquivalent,2,2,
0022500305,1642349,A. Mitchell,1610612760,OKC,3,PT00M37.30S,shootingFoul2,attemptEquivalent,2,2,
0022500305,1630166,D. Avdija,1610612757,POR,3,PT00M33.90S,shootingFoul2,attemptEquivalent,1,2,
0022500305,1631200,K. Murray,1610612757,POR,4,PT10M08.00S,shootingFoul2,attemptEquivalent,1,2,
0022500305,1641739,T. Camara,1610612757,POR,4,PT08M08.00S,shootingFoul2,attemptEquivalent,2,2,
0022500305,1631096,C. Holmgren,1610612760,OKC,4,PT05M53.00S,shootingFoul2,attemptEquivalent,0,2,
0022500305,1630166,D. Avdija,1610612757,POR,4,PT04M35.00S,bonus,attemptEquivalent,1,2,
0022500305,1630166,D. Avdija,1610612757,POR,4,PT04M04.00S,shootingFoul2,attemptEquivalent,2,2,
0022500305,1630166,D. Avdija,1610612757,POR,4,PT01M15.00S,shootingFoul2,attemptEquivalent,1,2,
0022500305,1630166,D. Avdija,1610612757,POR,4,PT00M24.50S,bonus,attemptEquivalent,2,2,
0022500305,1628983,S. Gilgeous-Alexander,1610612760,OKC,4,PT00M22.10S,bonus,attemptEquivalent,2,2,
0022500305,1642349,A. Mitchell,1610612760,OKC,4,PT00M11.50S,bonus,attemptEquivalent,2,2,
0022500305,1630166,D. Avdija,1610612757,POR,4,PT00M05.30S,andOne,addOn,1,1,752
0022500307,1631165,K. Ellis,1610612758,SAC,1,PT01M58.00S,shootingFoul2,attemptEquivalent,0,2,
0022500307,1628370,M. Monk,1610612758,SAC,2,PT11M28.00S,transitionTake,addOn,1,1,
0022500307,201942,D. DeRozan,1610612758,SAC,2,PT09M49.00S,shootingFoul2,attemptEquivalent,2,2,
0022500307,1628370,M. Monk,1610612758,SAC,2,PT09M22.00S,shootingFoul2,attemptEquivalent,1,2,
0022500307,1630583,S. Aldama,1610612763,MEM,2,PT04M26.00S,shootingFoul3,attemptEquivalent,3,3,
0022500307,1629111,J. Landale,1610612763,MEM,2,PT03M59.00S,bonus,attemptEquivalent,1,2,
0022500307,1631099,K. Murray,1610612758,SAC,2,PT03M02.00S,shootingFoul2,attemptEquivalent,1,2,
0022500307,1628991,J. Jackson Jr.,1610612763,MEM,2,PT02M29.00S,bonus,attemptEquivalent,1,2,
0022500307,1642875,M. Raynaud,1610612758,SAC,2,PT00M59.80S,bonus,attemptEquivalent,2,2,
0022500307,203897,Z. LaVine,1610612758,SAC,2,PT00M47.90S,bonus,attemptEquivalent,1,2,
0022500307,1642377,J. Wells,1610612763,MEM,2,PT00M35.90S,bonus,attemptEquivalent,2,2,
0022500307,1641744,Z. Edey,1610612763,MEM,2,PT00M03.40S,andOne,addOn,0,1,382
0022500307,1628370,M. Monk,1610612758,SAC,3,PT03M45.00S,shootingFoul2,attemptEquivalent,2,2,
0022500307,1631246,V. Williams Jr.,1610612763,MEM,3,PT02M28.00S,shootingFoul2,attemptEquivalent,1,2,
0022500307,1642907,C. Coward,1610612763,MEM,4,PT11M51.00S,shootingFoul2,attemptEquivalent,2,2,
0022500307,1630173,P. Achiuwa,1610612758,SAC,4,PT08M52.00S,shootingFoul2,attemptEquivalent,0,2,
0022500307,201566,R. Westbrook,1610612758,SAC,4,PT07M18.00S,andOne,addOn,1,1,647
0022500307,203484,K. Caldwell-Pope,1610612763,MEM,4,PT05M08.00S,shootingFoul3,attemptEquivalent,3,3,
0022500307,1631099,K. Murray,1610612758,SAC,4,PT01M39.00S,shootingFoul2,attemptEquivalent,1,2,
0022500307,1642875,M. Raynaud,1610612758,SAC,4,PT01M11.00S,shootingFoul2,attemptEquivalent,1,2,
0022500307,1631246,V. Williams Jr.,1610612763,MEM,4,PT00M47.20S,bonus,attemptEquivalent,1,2,
0022500307,1642377,J. Wells,1610612763,MEM,4,PT00M30.70S,bonus,attemptEquivalent,2,2,
0022500310,1627783,P. Siakam,1610612754,IND,1,PT11M29.00S,shootingFoul2,attemptEquivalent,2,2,
0022500310,1629731,D. Wade,1610612739,CLE,1,PT03M14.00S,andOne,addOn,0,1,118
0022500310,1627783,P. Siakam,1610612754,IND,1,PT02M55.00S,shootingFoul2,attemptEquivalent,0,2,
0022500310,1628378,D. Mitchell,1610612739,CLE,1,PT02M08.00S,shootingFoul2,attemptEquivalent,1,2,
0022500310,1630543,I. Jackson,1610612754,IND,2,PT11M47.00S,shootingFoul2,attemptEquivalent,2,2,
0022500310,1642281,J. Tyson,1610612739,CLE,2,PT10M30.00S,andOne,addOn,1,1,190
0022500310,1642281,J. Tyson,1610612739,CLE,2,PT09M38.00S,shootingFoul2,attemptEquivalent,2,2,
0022500310,1629614,A. Nembhard,1610612754,IND,2,PT07M58.00S,shootingFoul2,attemptEquivalent,1,2,
0022500310,1630596,E. Mobley,1610612739,CLE,2,PT07M43.00S,shootingFoul2,attemptEquivalent,1,2,
0022500310,1629726,G. Mathews,1610612754,IND,2,PT06M58.00S,flagrant,addOn,2,3,
0022500310,1641716,J. Walker,1610612754,IND,2,PT06M04.00S,bonus,attemptEquivalent,1,2,
0022500310,1629631,D. Hunter,1610612739,CLE,2,PT05M29.00S,bonus,attemptEquivalent,1,2,
0022500310,1629726,G. Mathews,1610612754,IND,2,PT04M05.00S,shootingFoul2,attemptEquivalent,2,2,
0022500310,1629631,D. Hunter,1610612739,CLE,2,PT00M59.00S,bonus,attemptEquivalent,1,2,
0022500310,1629614,A. Nembhard,1610612754,IND,2,PT00M38.90S,shootingFoul2,attemptEquivalent,2,2,
0022500310,1628378,D. Mitchell,1610612739,CLE,3,PT11M32.00S,shootingFoul2,attemptEquivalent,2,2,
0022500310,1629731,D. Wade,1610612739,CLE,3,PT08M44.00S,shootingFoul2,attemptEquivalent,2,2,
0022500310,1631097,B. Mathurin,1610612754,IND,3,PT07M19.00S,shootingFoul2,attemptEquivalent,1,2,
0022500310,1628378,D. Mitchell,1610612739,CLE,3,PT07M10.00S,andOne,addOn,1,1,435
0022500310,1629631,D. Hunter,1610612739,CLE,3,PT06M46.00S,shootingFoul2,attemptEquivalent,1,2,
0022500310,1631097,B. Mathurin,1610612754,IND,3,PT04M55.00S,shootingFoul2,attemptEquivalent,1,2,
0022500310,1641772,N. Tomlin,1610612739,CLE,3,PT04M38.00S,shootingFoul2,attemptEquivalent,2,2,
0022500310,1630526,J. Robinson-Earl,1610612754,IND,3,PT02M10.00S,andOne,addOn,1,1,522
0022500310,1629614,A. Nembhard,1610612754,IND,3,PT00M35.40S,bonus,attemptEquivalent,2,2,
0022500310,1627783,P. Siakam,1610612754,IND,4,PT10M42.00S,shootingFoul2,attemptEquivalent,2,2,
0022500310,1631097,B. Mathurin,1610612754,IND,4,PT07M14.00S,andOne,addOn,1,1,631
0022500310,1629726,G. Mathews,1610612754,IND,4,PT06M57.00S,shootingFoul2,attemptEquivalent,0,2,
0022500310,1629726,G. Mathews,1610612754,IND,4,PT06M53.00S,shootingFoul2,attemptEquivalent,2,2,
0022500310,1628378,D. Mitchell,1610612739,CLE,4,PT06M44.00S,andOne,addOn,1,1,650
0022500310,1641716,J. Walker,1610612754,IND,4,PT06M00.00S,shootingFoul2,attemptEquivalent,2,2,
0022500310,1642878,T. Proctor,1610612739,CLE,4,PT05M29.00S,shootingFoul2,attemptEquivalent,1,2,
0022500310,1628378,D. Mitchell,1610612739,CLE,4,PT05M06.00S,shootingFoul2,attemptEquivalent,1,2,
0022500310,1630526,J. Robinson-Earl,1610612754,IND,4,PT04M40.00S,shootingFoul2,attemptEquivalent,2,2,
0022500310,1643007,T. Peter,1610612754,IND,4,PT02M46.00S,bonus,attemptEquivalent,1,2,
0022500310,1642878,T. Proctor,1610612739,CLE,4,PT00M35.30S,shootingFoul2,attemptEquivalent,2,2,
0022500311,203468,C. McCollum,1610612764,WAS,1,PT11M40.00S,shootingFoul2,attemptEquivalent,1,2,
0022500311,203468,C. McCollum,1610612764,WAS,1,PT10M05.00S,andOne,addOn,1,1,26
0022500311,203507,G. Antetokounmpo,1610612749,MIL,1,PT08M53.00S,andOne,addOn,1,1,39
0022500311,1629645,K. Porter Jr.,1610612749,MIL,1,PT08M20.00S,shootingFoul2,attemptEquivalent,1,2,
0022500311,1641774,T. Vukcevic,1610612764,WAS,1,PT01M28.00S,shootingFoul2,attemptEquivalent,1,2,
0022500311,1641774,T. Vukcevic,1610612764,WAS,2,PT09M48.00S,shootingFoul2,attemptEquivalent,2,2,
0022500311,1630579,J. Sims,1610612749,MIL,2,PT09M11.00S,shootingFoul2,attemptEquivalent,1,2,
0022500311,1641774,T. Vukcevic,1610612764,WAS,2,PT08M37.00S,flagrant,addOn,2,2,
0022500311,203507,G. Antetokounmpo,1610612749,MIL,2,PT03M39.00S,shootingFoul2,attemptEquivalent,0,2,
0022500311,203507,G. Antetokounmpo,1610612749,MIL,3,PT05M34.00S,shootingFoul2,attemptEquivalent,2,2,
0022500311,203114,K. Middleton,1610612764,WAS,3,PT04M46.00S,shootingFoul2,attemptEquivalent,1,2,
0022500311,1631157,R. Rollins,1610612749,MIL,3,PT01M29.00S,shootingFoul2,attemptEquivalent,1,2,
0022500311,1641774,T. Vukcevic,1610612764,WAS,4,PT11M40.00S,shootingFoul2,attemptEquivalent,2,2,
0022500311,1629018,G. Trent Jr.,1610612749,MIL,4,PT11M28.00S,shootingFoul3,attemptEquivalent,3,3,
0022500311,203507,G. Antetokounmpo,1610612749,MIL,4,PT04M15.00S,shootingFoul2,attemptEquivalent,1,2,
0022500311,203507,G. Antetokounmpo,1610612749,MIL,4,PT03M36.00S,andOne,addOn,1,1,584
0022500311,203114,K. Middleton,1610612764,WAS,4,PT01M21.00S,andOne,addOn,0,1,619
0022500311,203507,G. Antetokounmpo,1610612749,MIL,4,PT00M39.30S,shootingFoul2,attemptEquivalent,1,2,
0022500311,1641731,B. Coulibaly,1610612764,WAS,4,PT00M05.40S,andOne,addOn,0,1,652
0022500316,203994,J. Nurkić,1610612762,UTA,1,PT10M16.00S,shootingFoul2,attemptEquivalent,0,2,
0022500316,1641708,A. Thompson,1610612745,HOU,1,PT08M41.00S,andOne,addOn,1,1,44
0022500316,1630578,A. Sengun,1610612745,HOU,1,PT07M30.00S,andOne,addOn,1,1,59
0022500316,201142,K. Durant,1610612745,HOU,1,PT07M00.00S,andOne,addOn,0,1,68
0022500316,201567,K. Love,1610612762,UTA,1,PT03M47.00S,shootingFoul2,attemptEquivalent,2,2,
0022500316,1630578,A. Sengun,1610612745,HOU,1,PT03M18.00S,andOne,addOn,1,1,129
0022500316,1628374,L. Markkanen,1610612762,UTA,1,PT02M31.00S,shootingFoul2,attemptEquivalent,1,2,
0022500316,1642271,K. Filipowski,1610612762,UTA,1,PT01M20.00S,shootingFoul2,attemptEquivalent,2,2,
0022500316,1641729,B. Sensabaugh,1610612762,UTA,1,PT00M28.90S,bonus,attemptEquivalent,1,2,
0022500316,1628374,L. Markkanen,1610612762,UTA,2,PT11M06.00S,shootingFoul2,attemptEquivalent,2,2,
0022500316,1631095,J. Smith Jr.,1610612745,HOU,2,PT08M36.00S,shootingFoul2,attemptEquivalent,2,2,
0022500316,1642383,W. Clayton Jr.,1610612762,UTA,2,PT08M20.00S,andOne,addOn,1,1,243
0022500316,1641708,A. Thompson,1610612745,HOU,2,PT08M10.00S,shootingFoul2,attemptEquivalent,1,2,
0022500316,1629004,S. Mykhailiuk,1610612762,UTA,2,PT05M51.00S,shootingFoul2,attemptEquivalent,2,2,
0022500316,1630578,A. Sengun,1610612745,HOU,2,PT05M05.00S,andOne,addOn,0,1,299
0022500316,201142,K. Durant,1610612745,HOU,2,PT01M37.00S,bonus,attemptEquivalent,1,2,
0022500316,1641718,K. George,1610612762,UTA,2,PT01M13.00S,shootingFoul2,attemptEquivalent,2,2,
0022500316,1641708,A. Thompson,1610612745,HOU,3,PT06M01.00S,shootingFoul2,attemptEquivalent,2,2,
0022500316,201142,K. Durant,1610612745,HOU,3,PT05M38.00S,shootingFoul2,attemptEquivalent,2,2,
0022500316,1641718,K. George,1610612762,UTA,3,PT04M57.00S,shootingFoul2,attemptEquivalent,2,2,
0022500316,203991,C. Capela,1610612745,HOU,3,PT03M08.00S,shootingFoul2,attemptEquivalent,2,2,
0022500316,1628374,L. Markkanen,1610612762,UTA,3,PT02M24.00S,shootingFoul2,attemptEquivalent,2,2,
0022500316,1630578,A. Sengun,1610612745,HOU,3,PT00M50.90S,andOne,addOn,1,1,525
0022500316,1630578,A. Sengun,1610612745,HOU,3,PT00M25.10S,shootingFoul2,attemptEquivalent,2,2,
0022500316,1630256,J. Tate,1610612745,HOU,3,PT00M01.80S,shootingFoul2,attemptEquivalent,2,2,
0022500316,1631095,J. Smith Jr.,1610612745,HOU,4,PT11M17.00S,shootingFoul2,attemptEquivalent,2,2,
0022500316,1641708,A. Thompson,1610612745,HOU,4,PT09M05.00S,shootingFoul2,attemptEquivalent,1,2,
0022500316,1631095,J. Smith Jr.,1610612745,HOU,4,PT08M02.00S,shootingFoul2,attemptEquivalent,1,2,
0022500316,201142,K. Durant,1610612745,HOU,4,PT07M22.00S,bonus,attemptEquivalent,2,2,
0022500316,1628988,A. Holiday,1610612745,HOU,4,PT04M02.00S,bonus,attemptEquivalent,1,2,
0022500316,1641718,K. George,1610612762,UTA,4,PT03M13.00S,bonus,attemptEquivalent,1,2,
0022500316,203994,J. Nurkić,1610612762,UTA,4,PT03M01.00S,bonus,attemptEquivalent,1,2,
0022500316,201142,K. Durant,1610612745,HOU,4,PT02M53.00S,shootingFoul2,attemptEquivalent,2,2,
0022500316,201142,K. Durant,1610612745,HOU,4,PT02M34.00S,bonus,attemptEquivalent,2,2,
0022500316,203994,J. Nurkić,1610612762,UTA,4,PT01M56.00S,shootingFoul2,attemptEquivalent,1,2,
0022500316,1630578,A. Sengun,1610612745,HOU,4,PT01M48.00S,shootingFoul2,attemptEquivalent,1,2,
0022500316,1628374,L. Markkanen,1610612762,UTA,4,PT01M33.00S,bonus,attemptEquivalent,1,2,
0022500316,1641708,A. Thompson,1610612745,HOU,4,PT01M22.00S,shootingFoul2,attemptEquivalent,2,2,
0022500316,1641718,K. George,1610612762,UTA,4,PT00M37.50S,bonus,attemptEquivalent,2,2,
0022500316,1641718,K. George,1610612762,UTA,4,PT00M31.10S,bonus,attemptEquivalent,2,2,
0022500316,1641718,K. George,1610612762,UTA,4,PT00M18.90S,bonus,attemptEquivalent,1,2,
0022500316,1628374,L. Markkanen,1610612762,UTA,4,PT00M13.20S,bonus,attemptEquivalent,2,2,
0022500318,1630551,J. Champagnie,1610612764,WAS,1,PT07M15.00S,shootingFoul2,attemptEquivalent,2,2,
0022500318,1628963,M. Bagley III,1610612764,WAS,1,PT06M53.00S,shootingFoul2,attemptEquivalent,2,2,
0022500318,1628963,M. Bagley III,1610612764,WAS,1,PT06M34.00S,shootingFoul2,attemptEquivalent,2,2,
0022500318,1631230,D. Barlow,1610612755,PHI,1,PT05M17.00S,shootingFoul2,attemptEquivalent,2,2,
0022500318,1630551,J. Champagnie,1610612764,WAS,1,PT04M35.00S,shootingFoul2,attemptEquivalent,2,2,
0022500318,203083,A. Drummond,1610612755,PHI,2,PT09M59.00S,andOne,addOn,1,1,188
0022500318,1641774,T. Vukcevic,1610612764,WAS,2,PT09M45.00S,andOne,addOn,1,1,194
0022500318,1642860,W. Riley,1610612764,WAS,2,PT08M02.00S,shootingFoul2,attemptEquivalent,1,2,
0022500318,1630178,T. Maxey,1610612755,PHI,2,PT04M58.00S,shootingFoul2,attemptEquivalent,2,2,
0022500318,1642273,K. George,1610612764,WAS,2,PT03M47.00S,shootingFoul2,attemptEquivalent,1,2,
0022500318,1630551,J. Champagnie,1610612764,WAS,2,PT01M45.00S,andOne,addOn,1,1,310
0022500318,1642273,K. George,1610612764,WAS,3,PT09M16.00S,shootingFoul2,attemptEquivalent,2,2,
0022500318,1628963,M. Bagley III,1610612764,WAS,3,PT08M14.00S,shootingFoul2,attemptEquivalent,2,2,
0022500318,1631230,D. Barlow,1610612755,PHI,3,PT07M13.00S,andOne,addOn,1,1,395
0022500318,1641737,A. Bona,1610612755,PHI,3,PT05M53.00S,shootingFoul2,attemptEquivalent,2,2,
0022500318,1630178,T. Maxey,1610612755,PHI,3,PT04M46.00S,andOne,addOn,1,1,441
0022500318,1641774,T. Vukcevic,1610612764,WAS,3,PT02M58.00S,bonus,attemptEquivalent,1,2,
0022500318,1641774,T. Vukcevic,1610612764,WAS,3,PT01M55.00S,shootingFoul2,attemptEquivalent,1,2,
0022500318,1642267,B. Carrington,1610612764,WAS,3,PT00M49.30S,bonus,attemptEquivalent,2,2,
0022500318,1630178,T. Maxey,1610612755,PHI,3,PT00M32.10S,bonus,attemptEquivalent,2,2,
0022500318,1641715,C. Whitmore,1610612764,WAS,4,PT10M48.00S,shootingFoul2,attemptEquivalent,0,2,
0022500318,1641774,T. Vukcevic,1610612764,WAS,4,PT07M51.00S,shootingFoul2,attemptEquivalent,1,2,
0022500318,1631133,J. Walker,1610612755,PHI,4,PT05M59.00S,shootingFoul2,attemptEquivalent,0,2,
0022500318,1631103,M. Branham,1610612764,WAS,4,PT05M18.00S,shootingFoul2,attemptEquivalent,1,2,
0022500318,1631230,D. Barlow,1610612755,PHI,4,PT04M29.00S,shootingFoul2,attemptEquivalent,1,2,
0022500318,1641780,J. Broome,1610612755,PHI,4,PT03M39.00S,shootingFoul2,attemptEquivalent,0,2,
0022500318,1631103,M. Branham,1610612764,WAS,4,PT02M09.00S,shootingFoul2,attemptEquivalent,1,2,
0022500323,1631096,C. Holmgren,1610612760,OKC,1,PT09M29.00S,andOne,addOn,1,1,27
0022500323,1641764,B. Podziemski,1610612744,GSW,1,PT07M57.00S,andOne,addOn,0,1,49
0022500323,1631114,J. Williams,1610612760,OKC,1,PT05M33.00S,shootingFoul2,attemptEquivalent,2,2,
0022500323,1628983,S. Gilgeous-Alexander,1610612760,OKC,1,PT00M49.20S,andOne,addOn,1,1,140
0022500323,1627741,B. Hield,1610612744,GSW,1,PT00M39.50S,shootingFoul3,attemptEquivalent,3,3,
0022500323,1628983,S. Gilgeous-Alexander,1610612760,OKC,1,PT00M23.80S,shootingFoul2,attemptEquivalent,2,2,
0022500323,202710,J. Butler III,1610612744,GSW,2,PT11M02.00S,andOne,addOn,1,1,190
0022500323,1631119,J. Williams,1610612760,OKC,2,PT01M57.00S,shootingFoul2,attemptEquivalent,1,2,
0022500323,1628983,S. Gilgeous-Alexander,1610612760,OKC,2,PT01M16.00S,shootingFoul2,attemptEquivalent,1,2,
0022500323,1628983,S. Gilgeous-Alexander,1610612760,OKC,2,PT00M00.40S,andOne,addOn,0,1,324
0022500323,1641764,B. Podziemski,1610612744,GSW,3,PT09M51.00S,shootingFoul2,attemptEquivalent,2,2,
0022500323,1627780,G. Payton II,1610612744,GSW,3,PT08M56.00S,andOne,addOn,1,1,377
0022500323,1628983,S. Gilgeous-Alexander,1610612760,OKC,3,PT08M39.00S,shootingFoul2,attemptEquivalent,1,2,
0022500323,1641717,C. Wallace,1610612760,OKC,3,PT05M08.00S,shootingFoul2,attemptEquivalent,0,2,
0022500323,1630228,J. Kuminga,1610612744,GSW,3,PT00M12.10S,shootingFoul2,attemptEquivalent,1,2,
0022500323,1628983,S. Gilgeous-Alexander,1610612760,OKC,3,PT00M03.70S,shootingFoul2,attemptEquivalent,2,2,
0022500323,1630598,A. Wiggins,1610612760,OKC,4,PT10M59.00S,shootingFoul2,attemptEquivalent,2,2,
0022500323,1631096,C. Holmgren,1610612760,OKC,4,PT06M35.00S,bonus,attemptEquivalent,2,2,
0022500323,1631114,J. Williams,1610612760,OKC,4,PT00M54.00S,bonus,attemptEquivalent,2,2,
0022500324,1642270,D. Clingan,1610612757,POR,1,PT11M08.00S,shootingFoul2,attemptEquivalent,1,2,
0022500324,1630166,D. Avdija,1610612757,POR,1,PT09M59.00S,shootingFoul2,attemptEquivalent,2,2,
0022500324,1641739,T. Camara,1610612757,POR,1,PT07M32.00S,andOne,addOn,1,1,54
0022500324,1630166,D. Avdija,1610612757,POR,1,PT07M09.00S,andOne,addOn,1,1,64
0022500324,1629636,D. Garland,1610612739,CLE,1,PT07M01.00S,shootingFoul2,attemptEquivalent,1,2,
0022500324,1630596,E. Mobley,1610612739,CLE,1,PT06M19.00S,shootingFoul2,attemptEquivalent,2,2,
0022500324,1641739,T. Camara,1610612757,POR,1,PT05M10.00S,shootingFoul2,attemptEquivalent,1,2,
0022500324,1631101,S. Sharpe,1610612757,POR,1,PT02M53.00S,andOne,addOn,0,1,129
0022500324,1642905,H. Yang,1610612757,POR,1,PT01M52.00S,bonus,attemptEquivalent,2,2,
0022500324,1631321,S. Cissoko,1610612757,POR,2,PT11M32.00S,shootingFoul2,attemptEquivalent,2,2,
0022500324,1630166,D. Avdija,1610612757,POR,2,PT08M23.00S,shootingFoul2,attemptEquivalent,2,2,
0022500324,1631126,C. Love,1610612757,POR,2,PT04M32.00S,shootingFoul2,attemptEquivalent,2,2,
0022500324,1631101,S. Sharpe,1610612757,POR,2,PT03M33.00S,shootingFoul2,attemptEquivalent,1,2,
0022500324,1629631,D. Hunter,1610612739,CLE,2,PT02M16.00S,shootingFoul2,attemptEquivalent,2,2,
0022500324,1630166,D. Avdija,1610612757,POR,2,PT01M22.00S,bonus,attemptEquivalent,2,2,
0022500324,1630166,D. Avdija,1610612757,POR,2,PT00M03.40S,shootingFoul3,attemptEquivalent,3,3,
0022500324,1628378,D. Mitchell,1610612739,CLE,3,PT10M57.00S,shootingFoul2,attemptEquivalent,2,2,
0022500324,1641739,T. Camara,1610612757,POR,3,PT09M29.00S,shootingFoul2,attemptEquivalent,2,2,
0022500324,1630596,E. Mobley,1610612739,CLE,3,PT05M23.00S,shootingFoul2,attemptEquivalent,2,2,
0022500324,1641772,N. Tomlin,1610612739,CLE,3,PT04M49.00S,shootingFoul2,attemptEquivalent,2,2,
0022500324,1628418,T. Bryant,1610612739,CLE,3,PT03M47.00S,bonus,attemptEquivalent,1,2,
0022500324,1628378,D. Mitchell,1610612739,CLE,3,PT03M18.00S,bonus,attemptEquivalent,2,2,
0022500324,203924,J. Grant,1610612757,POR,3,PT01M17.00S,andOne,addOn,1,1,531
0022500324,203924,J. Grant,1610612757,POR,3,PT00M23.60S,bonus,attemptEquivalent,2,2,
0022500324,1628378,D. Mitchell,1610612739,CLE,4,PT11M12.00S,shootingFoul2,attemptEquivalent,2,2,
0022500324,1642281,J. Tyson,1610612739,CLE,4,PT09M05.00S,shootingFoul2,attemptEquivalent,1,2,
0022500324,1630166,D. Avdija,1610612757,POR,4,PT08M42.00S,shootingFoul2,attemptEquivalent,2,2,
0022500324,1628418,T. Bryant,1610612739,CLE,4,PT06M03.00S,shootingFoul2,attemptEquivalent,2,2,
0022500324,1631101,S. Sharpe,1610612757,POR,4,PT03M20.00S,shootingFoul2,attemptEquivalent,2,2,
0022500324,1629631,D. Hunter,1610612739,CLE,4,PT03M09.00S,bonus,attemptEquivalent,2,2,
0022500324,1630166,D. Avdija,1610612757,POR,4,PT01M40.00S,shootingFoul2,attemptEquivalent,2,2,
0022500324,1630166,D. Avdija,1610612757,POR,4,PT00M56.30S,bonus,attemptEquivalent,2,2,
0022500330,1631095,J. Smith Jr.,1610612745,HOU,1,PT07M28.00S,shootingFoul2,attemptEquivalent,1,2,
0022500330,1629234,D. Eubanks,1610612758,SAC,2,PT11M42.00S,andOne,addOn,0,1,174
0022500330,1630578,A. Sengun,1610612745,HOU,2,PT10M28.00S,shootingFoul2,attemptEquivalent,2,2,
0022500330,1641708,A. Thompson,1610612745,HOU,2,PT03M49.00S,shootingFoul2,attemptEquivalent,2,2,
0022500330,1630578,A. Sengun,1610612745,HOU,3,PT11M41.00S,shootingFoul2,attemptEquivalent,2,2,
0022500330,1641708,A. Thompson,1610612745,HOU,3,PT11M17.00S,shootingFoul2,attemptEquivalent,2,2,
0022500330,201566,R. Westbrook,1610612758,SAC,3,PT06M08.00S,shootingFoul2,attemptEquivalent,0,2,
0022500330,1630173,P. Achiuwa,1610612758,SAC,3,PT05M34.00S,shootingFoul2,attemptEquivalent,1,2,
0022500330,201142,K. Durant,1610612745,HOU,3,PT02M55.00S,andOne,addOn,1,1,459
0022500330,203500,S. Adams,1610612745,HOU,3,PT02M26.00S,shootingFoul2,attemptEquivalent,1,2,
0022500330,201142,K. Durant,1610612745,HOU,3,PT01M24.00S,bonus,attemptEquivalent,2,2,
0022500330,1631095,J. Smith Jr.,1610612745,HOU,3,PT00M04.00S,shootingFoul2,attemptEquivalent,2,2,
0022500330,1630173,P. Achiuwa,1610612758,SAC,4,PT10M41.00S,shootingFoul2,attemptEquivalent,1,2,
0022500330,1631095,J. Smith Jr.,1610612745,HOU,4,PT08M31.00S,shootingFoul2,attemptEquivalent,1,2,
0022500330,1630578,A. Sengun,1610612745,HOU,4,PT07M32.00S,shootingFoul3,attemptEquivalent,2,3,
0022500330,201142,K. Durant,1610612745,HOU,4,PT05M06.00S,shootingFoul2,attemptEquivalent,2,2,
0022500330,1642875,M. Raynaud,1610612758,SAC,4,PT04M02.00S,shootingFoul2,attemptEquivalent,2,2,
0022500330,1642875,M. Raynaud,1610612758,SAC,4,PT02M14.00S,andOne,addOn,1,1,634
0022500334,203468,C. McCollum,1610612764,WAS,1,PT06M59.00S,shootingFoul3,attemptEquivalent,3,3,
0022500334,1630202,P. Pritchard,1610612738,BOS,1,PT00M51.70S,awayFromPlay,addOn,1,1,
0022500334,1642860,W. Riley,1610612764,WAS,2,PT11M43.00S,shootingFoul2,attemptEquivalent,2,2,
0022500334,1641774,T. Vukcevic,1610612764,WAS,2,PT10M39.00S,shootingFoul2,attemptEquivalent,2,2,
0022500334,1641775,J. Walsh,1610612738,BOS,2,PT10M12.00S,andOne,addOn,1,1,183
0022500334,1641775,J. Walsh,1610612738,BOS,2,PT09M02.00S,shootingFoul2,attemptEquivalent,1,2,
0022500334,1628963,M. Bagley III,1610612764,WAS,2,PT07M40.00S,shootingFoul2,attemptEquivalent,1,2,
0022500334,203468,C. McCollum,1610612764,WAS,2,PT03M56.00S,shootingFoul2,attemptEquivalent,2,2,
0022500334,1630551,J. Champagnie,1610612764,WAS,2,PT03M45.00S,andOne,addOn,1,1,277
0022500334,1629674,N. Queta,1610612738,BOS,3,PT10M14.00S,shootingFoul2,attemptEquivalent,2,2,
0022500334,1629674,N. Queta,1610612738,BOS,3,PT09M04.00S,shootingFoul2,attemptEquivalent,1,2,
0022500334,203114,K. Middleton,1610612764,WAS,3,PT08M54.00S,andOne,addOn,1,1,375
0022500334,1628401,D. White,1610612738,BOS,3,PT07M47.00S,andOne,addOn,1,1,387
0022500334,1641775,J. Walsh,1610612738,BOS,3,PT06M52.00S,shootingFoul3,attemptEquivalent,3,3,
0022500334,1631169,J. Minott,1610612738,BOS,3,PT05M29.00S,bonus,attemptEquivalent,1,2,
0022500334,1641774,T. Vukcevic,1610612764,WAS,3,PT05M14.00S,shootingFoul2,attemptEquivalent,2,2,
0022500334,1629014,A. Simons,1610612738,BOS,3,PT04M39.00S,bonus,attemptEquivalent,2,2,
0022500334,1630551,J. Champagnie,1610612764,WAS,3,PT03M41.00S,shootingFoul2,attemptEquivalent,2,2,
0022500334,1629014,A. Simons,1610612738,BOS,3,PT02M10.00S,shootingFoul2,attemptEquivalent,2,2,
0022500334,1642267,B. Carrington,1610612764,WAS,3,PT00M38.80S,shootingFoul2,attemptEquivalent,1,2,
0022500334,1628963,M. Bagley III,1610612764,WAS,4,PT10M31.00S,shootingFoul2,attemptEquivalent,0,2,
0022500334,1630568,L. Garza,1610612738,BOS,4,PT06M34.00S,andOne,addOn,1,1,589
0022500334,1642273,K. George,1610612764,WAS,4,PT04M48.00S,shootingFoul2,attemptEquivalent,2,2,
0022500334,1630568,L. Garza,1610612738,BOS,4,PT03M59.00S,shootingFoul2,attemptEquivalent,2,2,
0022500334,1631103,M. Branham,1610612764,WAS,4,PT03M24.00S,shootingFoul2,attemptEquivalent,2,2,
0022500335,1641718,K. George,1610612762,UTA,1,PT09M37.00S,shootingFoul2,attemptEquivalent,2,2,
0022500335,1641730,N. Clowney,1610612751,BKN,1,PT07M16.00S,shootingFoul2,attemptEquivalent,1,2,
0022500335,1641718,K. George,1610612762,UTA,1,PT06M58.00S,shootingFoul2,attemptEquivalent,2,2,
0022500335,1630533,Z. Williams,1610612751,BKN,1,PT02M46.00S,shootingFoul3,attemptEquivalent,2,3,
0022500335,1642879,B. Saraf,1610612751,BKN,1,PT01M09.00S,andOne,addOn,1,1,134
0022500335,1630533,Z. Williams,1610612751,BKN,2,PT06M04.00S,shootingFoul3,attemptEquivalent,1,3,
0022500335,1641730,N. Clowney,1610612751,BKN,2,PT03M14.00S,bonus,attemptEquivalent,2,2,
0022500335,1629611,T. Mann,1610612751,BKN,2,PT03M00.00S,shootingFoul2,attemptEquivalent,1,2,
0022500335,1641718,K. George,1610612762,UTA,2,PT00M55.90S,shootingFoul2,attemptEquivalent,2,2,
0022500335,1642874,D. Wolf,1610612751,BKN,2,PT00M04.00S,shootingFoul2,attemptEquivalent,2,2,
0022500335,1629611,T. Mann,1610612751,BKN,3,PT11M31.00S,shootingFoul2,attemptEquivalent,2,2,
0022500335,1628374,L. Markkanen,1610612762,UTA,3,PT10M31.00S,andOne,addOn,1,1,342
0022500335,1641718,K. George,1610612762,UTA,3,PT09M53.00S,shootingFoul2,attemptEquivalent,2,2,
0022500335,1641730,N. Clowney,1610612751,BKN,3,PT09M30.00S,awayFromPlay,addOn,1,1,
0022500335,1641730,N. Clowney,1610612751,BKN,3,PT08M47.00S,shootingFoul2,attemptEquivalent,2,2,
0022500335,1630533,Z. Williams,1610612751,BKN,3,PT08M10.00S,shootingFoul3,attemptEquivalent,3,3,
0022500335,1641718,K. George,1610612762,UTA,3,PT07M55.00S,andOne,addOn,1,1,390
0022500335,1642271,K. Filipowski,1610612762,UTA,3,PT07M37.00S,andOne,addOn,1,1,397
0022500335,1628374,L. Markkanen,1610612762,UTA,3,PT06M35.00S,andOne,addOn,1,1,415
0022500335,1641730,N. Clowney,1610612751,BKN,3,PT05M43.00S,shootingFoul2,attemptEquivalent,2,2,
0022500335,1641730,N. Clowney,1610612751,BKN,3,PT03M49.00S,bonus,attemptEquivalent,1,2,
0022500335,1630549,D. Sharpe,1610612751,BKN,3,PT03M01.00S,bonus,attemptEquivalent,1,2,
0022500335,1628374,L. Markkanen,1610612762,UTA,3,PT02M04.00S,bonus,attemptEquivalent,2,2,
0022500335,1642268,I. Collier,1610612762,UTA,3,PT01M59.00S,bonus,attemptEquivalent,1,2,
0022500335,1642879,B. Saraf,1610612751,BKN,3,PT01M38.00S,shootingFoul2,attemptEquivalent,2,2,
0022500335,1641730,N. Clowney,1610612751,BKN,3,PT00M55.10S,andOne,addOn,1,1,504
0022500335,203937,K. Anderson,1610612762,UTA,3,PT00M10.70S,shootingFoul2,attemptEquivalent,2,2,
0022500335,1630592,J. Wilson,1610612751,BKN,4,PT10M46.00S,shootingFoul2,attemptEquivalent,1,2,
0022500335,1642383,W. Clayton Jr.,1610612762,UTA,4,PT08M28.00S,shootingFoul2,attemptEquivalent,2,2,
0022500335,1630549,D. Sharpe,1610612751,BKN,4,PT07M12.00S,shootingFoul2,attemptEquivalent,1,2,
0022500335,1641729,B. Sensabaugh,1610612762,UTA,4,PT04M46.00S,shootingFoul3,attemptEquivalent,2,3,
0022500335,1642874,D. Wolf,1610612751,BKN,4,PT03M23.00S,shootingFoul2,attemptEquivalent,2,2,
0022500335,1628374,L. Markkanen,1610612762,UTA,4,PT01M31.00S,shootingFoul2,attemptEquivalent,2,2,
0022500335,1642383,W. Clayton Jr.,1610612762,UTA,4,PT01M06.00S,bonus,attemptEquivalent,2,2,
0022500341,1630170,D. Vassell,1610612759,SAS,1,PT10M10.00S,andOne,addOn,1,1,27
0022500341,1641772,N. Tomlin,1610612739,CLE,1,PT08M52.00S,shootingFoul2,attemptEquivalent,1,2,
0022500341,1628368,D. Fox,1610612759,SAS,1,PT07M52.00S,shootingFoul2,attemptEquivalent,2,2,
0022500341,1629640,K. Johnson,1610612759,SAS,1,PT04M17.00S,bonus,attemptEquivalent,1,2,
0022500341,1629640,K. Johnson,1610612759,SAS,1,PT03M19.00S,shootingFoul2,attemptEquivalent,2,2,
0022500341,1628378,D. Mitchell,1610612739,CLE,1,PT03M05.00S,shootingFoul3,attemptEquivalent,2,3,
0022500341,1628418,T. Bryant,1610612739,CLE,1,PT02M35.00S,shootingFoul2,attemptEquivalent,2,2,
0022500341,1642844,D. Harper,1610612759,SAS,1,PT00M37.50S,shootingFoul2,attemptEquivalent,1,2,
0022500341,1630596,E. Mobley,1610612739,CLE,2,PT09M22.00S,shootingFoul2,attemptEquivalent,1,2,
0022500341,1641772,N. Tomlin,1610612739,CLE,2,PT03M56.00S,shootingFoul2,attemptEquivalent,1,2,
0022500341,1630170,D. Vassell,1610612759,SAS,2,PT02M50.00S,shootingFoul3,attemptEquivalent,3,3,
0022500341,1628368,D. Fox,1610612759,SAS,2,PT02M15.00S,andOne,addOn,0,1,344
0022500341,1628378,D. Mitchell,1610612739,CLE,2,PT00M21.90S,shootingFoul2,attemptEquivalent,2,2,
0022500341,1628368,D. Fox,1610612759,SAS,3,PT11M24.00S,shootingFoul2,attemptEquivalent,2,2,
0022500341,1628368,D. Fox,1610612759,SAS,3,PT09M36.00S,andOne,addOn,1,1,404
0022500341,1628378,D. Mitchell,1610612739,CLE,3,PT07M59.00S,shootingFoul2,attemptEquivalent,2,2,
0022500341,1642281,J. Tyson,1610612739,CLE,3,PT06M04.00S,andOne,addOn,0,1,444
0022500341,1629640,K. Johnson,1610612759,SAS,3,PT03M58.00S,shootingFoul2,attemptEquivalent,1,2,
0022500341,1628418,T. Bryant,1610612739,CLE,3,PT03M48.00S,shootingFoul2,attemptEquivalent,2,2,
0022500341,1641854,C. Porter Jr.,1610612739,CLE,3,PT01M37.00S,shootingFoul2,attemptEquivalent,1,2,
0022500341,1629731,D. Wade,1610612739,CLE,3,PT00M52.80S,flagrant,addOn,2,2,
0022500341,1630596,E. Mobley,1610612739,CLE,4,PT10M52.00S,shootingFoul2,attemptEquivalent,2,2,
0022500341,1630170,D. Vassell,1610612759,SAS,4,PT09M36.00S,shootingFoul2,attemptEquivalent,1,2,
0022500341,1628378,D. Mitchell,1610612739,CLE,4,PT04M05.00S,shootingFoul2,attemptEquivalent,1,2,
0022500341,1628378,D. Mitchell,1610612739,CLE,4,PT02M26.00S,shootingFoul2,attemptEquivalent,2,2,
0022500341,1642357,D. Jones Garcia,1610612759,SAS,4,PT01M14.00S,andOne,addOn,1,1,714
0022500341,1642844,D. Harper,1610612759,SAS,4,PT00M55.20S,shootingFoul2,attemptEquivalent,0,2,
0022500341,203482,K. Olynyk,1610612759,SAS,4,PT00M30.50S,bonus,attemptEquivalent,1,2,
0022500343,203994,J. Nurkić,1610612762,UTA,1,PT10M04.00S,shootingFoul2,attemptEquivalent,0,2,
0022500343,1626157,K. Towns,1610612752,NYK,1,PT08M15.00S,shootingFoul2,attemptEquivalent,2,2,
0022500343,1641718,K. George,1610612762,UTA,1,PT05M27.00S,andOne,addOn,1,1,82
0022500343,203903,J. Clarkson,1610612752,NYK,1,PT04M14.00S,andOne,addOn,0,1,96
0022500343,1628973,J. Brunson,1610612752,NYK,1,PT03M43.00S,shootingFoul2,attemptEquivalent,2,2,
0022500343,1628973,J. Brunson,1610612752,NYK,1,PT02M36.00S,shootingFoul3,attemptEquivalent,3,3,
0022500343,1642271,K. Filipowski,1610612762,UTA,1,PT01M25.00S,shootingFoul2,attemptEquivalent,1,2,
0022500343,1628384,O. Anunoby,1610612752,NYK,1,PT01M01.00S,andOne,addOn,1,1,155
0022500343,1642846,A. Bailey,1610612762,UTA,2,PT09M42.00S,shootingFoul3,attemptEquivalent,1,3,
0022500343,1628374,L. Markkanen,1610612762,UTA,2,PT09M06.00S,shootingFoul2,attemptEquivalent,2,2,
0022500343,203903,J. Clarkson,1610612752,NYK,2,PT07M14.00S,andOne,addOn,1,1,240
0022500343,1642271,K. Filipowski,1610612762,UTA,2,PT05M05.00S,shootingFoul2,attemptEquivalent,2,2,
0022500343,201567,K. Love,1610612762,UTA,2,PT04M42.00S,bonus,attemptEquivalent,1,2,
0022500343,1630540,M. McBride,1610612752,NYK,2,PT04M06.00S,andOne,addOn,1,1,288
0022500343,1641718,K. George,1610612762,UTA,2,PT02M37.00S,shootingFoul2,attemptEquivalent,2,2,
0022500343,1641718,K. George,1610612762,UTA,2,PT01M23.00S,shootingFoul2,attemptEquivalent,2,2,
0022500343,1628374,L. Markkanen,1610612762,UTA,3,PT11M16.00S,shootingFoul2,attemptEquivalent,2,2,
0022500343,1628384,O. Anunoby,1610612752,NYK,3,PT09M55.00S,andOne,addOn,1,1,386
0022500343,1641718,K. George,1610612762,UTA,3,PT09M49.00S,shootingFoul2,attemptEquivalent,2,2,
0022500343,1628404,J. Hart,1610612752,NYK,3,PT07M52.00S,shootingFoul2,attemptEquivalent,2,2,
0022500343,1628374,L. Markkanen,1610612762,UTA,3,PT06M56.00S,shootingFoul2,attemptEquivalent,2,2,
0022500343,1626157,K. Towns,1610612752,NYK,3,PT06M43.00S,shootingFoul2,attemptEquivalent,2,2,
0022500343,1628973,J. Brunson,1610612752,NYK,3,PT05M55.00S,shootingFoul2,attemptEquivalent,2,2,
0022500343,203903,J. Clarkson,1610612752,NYK,3,PT02M08.00S,bonus,attemptEquivalent,1,2,
0022500343,1628973,J. Brunson,1610612752,NYK,3,PT01M00.00S,bonus,attemptEquivalent,2,2,
0022500343,203937,K. Anderson,1610612762,UTA,4,PT09M41.00S,shootingFoul2,attemptEquivalent,1,2,
0022500343,203903,J. Clarkson,1610612752,NYK,4,PT09M07.00S,shootingFoul2,attemptEquivalent,2,2,
0022500343,1628384,O. Anunoby,1610612752,NYK,4,PT08M48.00S,shootingFoul2,attemptEquivalent,1,2,
0022500343,203937,K. Anderson,1610612762,UTA,4,PT05M04.00S,shootingFoul2,attemptEquivalent,2,2,
0022500343,1642268,I. Collier,1610612762,UTA,4,PT04M28.00S,andOne,addOn,1,1,626
0022500343,1642268,I. Collier,1610612762,UTA,4,PT02M47.00S,shootingFoul2,attemptEquivalent,2,2,
0022500343,1642271,K. Filipowski,1610612762,UTA,4,PT01M41.00S,bonus,attemptEquivalent,2,2,
0022500343,1642268,I. Collier,1610612762,UTA,4,PT01M06.00S,shootingFoul2,attemptEquivalent,1,2,
0022500349,1631096,C. Holmgren,1610612760,OKC,1,PT10M12.00S,shootingFoul2,attemptEquivalent,2,2,
0022500349,1631114,J. Williams,1610612760,OKC,1,PT05M29.00S,shootingFoul2,attemptEquivalent,2,2,
0022500349,1642843,C. Flagg,1610612742,DAL,1,PT03M31.00S,shootingFoul2,attemptEquivalent,2,2,
0022500349,1628983,S. Gilgeous-Alexander,1610612760,OKC,1,PT02M11.00S,shootingFoul2,attemptEquivalent,2,2,
0022500349,203939,D. Powell,1610612742,DAL,1,PT01M53.00S,shootingFoul2,attemptEquivalent,0,2,
0022500349,1631114,J. Williams,1610612760,OKC,2,PT08M57.00S,shootingFoul2,attemptEquivalent,2,2,
0022500349,1629026,K. Williams,1610612760,OKC,2,PT08M03.00S,shootingFoul2,attemptEquivalent,2,2,
0022500349,1631172,O. Dieng,1610612760,OKC,2,PT07M06.00S,shootingFoul2,attemptEquivalent,2,2,
0022500349,1642843,C. Flagg,1610612742,DAL,2,PT05M20.00S,shootingFoul2,attemptEquivalent,2,2,
0022500349,1628983,S. Gilgeous-Alexander,1610612760,OKC,2,PT04M00.00S,shootingFoul2,attemptEquivalent,1,2,
0022500349,203939,D. Powell,1610612742,DAL,2,PT03M46.00S,bonus,attemptEquivalent,1,2,
0022500349,1630230,N. Marshall,1610612742,DAL,2,PT02M29.00S,bonus,attemptEquivalent,1,2,
0022500349,1628983,S. Gilgeous-Alexander,1610612760,OKC,2,PT02M21.00S,shootingFoul2,attemptEquivalent,2,2,
0022500349,1628983,S. Gilgeous-Alexander,1610612760,OKC,2,PT02M04.00S,shootingFoul2,attemptEquivalent,2,2,
0022500349,1642843,C. Flagg,1610612742,DAL,2,PT01M42.00S,shootingFoul2,attemptEquivalent,2,2,
0022500349,1631119,J. Williams,1610612760,OKC,2,PT01M16.00S,bonus,attemptEquivalent,1,2,
0022500349,203076,A. Davis,1610612742,DAL,2,PT00M29.70S,bonus,attemptEquivalent,0,2,
0022500349,1628983,S. Gilgeous-Alexander,1610612760,OKC,3,PT10M48.00S,shootingFoul2,attemptEquivalent,2,2,
0022500349,1630702,J. Hardy,1610612742,DAL,3,PT05M46.00S,shootingFoul2,attemptEquivalent,2,2,
0022500349,1630230,N. Marshall,1610612742,DAL,3,PT03M57.00S,shootingFoul2,attemptEquivalent,1,2,
0022500349,1628983,S. Gilgeous-Alexander,1610612760,OKC,3,PT00M35.20S,shootingFoul2,attemptEquivalent,2,2,
0022500349,1642349,A. Mitchell,1610612760,OKC,3,PT00M15.70S,shootingFoul2,attemptEquivalent,2,2,
0022500349,1642959,C. Youngblood,1610612760,OKC,4,PT07M13.00S,andOne,addOn,1,1,572
0022500349,1642964,B. Barnhizer,1610612760,OKC,4,PT04M29.00S,andOne,addOn,1,1,604
0022500349,1630314,B. Williams,1610612742,DAL,4,PT01M43.00S,bonus,attemptEquivalent,2,2,
0022500351,203468,C. McCollum,1610612764,WAS,1,PT11M41.00S,andOne,addOn,1,1,7
0022500351,1642258,Z. Risacher,1610612737,ATL,1,PT09M44.00S,andOne,addOn,1,1,30
0022500351,1630168,O. Okongwu,1610612737,ATL,1,PT07M43.00S,andOne,addOn,1,1,56
0022500351,203468,C. McCollum,1610612764,WAS,1,PT07M05.00S,shootingFoul2,attemptEquivalent,1,2,
0022500351,1630700,D. Daniels,1610612737,ATL,1,PT04M20.00S,shootingFoul2,attemptEquivalent,2,2,
0022500351,1630551,J. Champagnie,1610612764,WAS,1,PT04M06.00S,shootingFoul2,attemptEquivalent,1,2,
0022500351,1641774,T. Vukcevic,1610612764,WAS,1,PT00M34.70S,andOne,addOn,1,1,162
0022500351,1642364,J. Watkins,1610612764,WAS,2,PT10M49.00S,shootingFoul2,attemptEquivalent,2,2,
0022500351,1642267,B. Carrington,1610612764,WAS,2,PT03M02.00S,shootingFoul3,attemptEquivalent,3,3,
0022500351,1630552,J. Johnson,1610612737,ATL,3,PT07M20.00S,shootingFoul2,attemptEquivalent,2,2,
0022500351,1630551,J. Champagnie,1610612764,WAS,3,PT06M37.00S,andOne,addOn,1,1,412
0022500351,1641774,T. Vukcevic,1610612764,WAS,3,PT00M45.20S,shootingFoul2,attemptEquivalent,2,2,
0022500351,1642860,W. Riley,1610612764,WAS,4,PT11M46.00S,shootingFoul2,attemptEquivalent,2,2,
0022500351,1631103,M. Branham,1610612764,WAS,4,PT11M29.00S,shootingFoul2,attemptEquivalent,2,2,
0022500351,1630552,J. Johnson,1610612737,ATL,4,PT08M13.00S,shootingFoul2,attemptEquivalent,2,2,
0022500351,1630552,J. Johnson,1610612737,ATL,4,PT05M01.00S,shootingFoul2,attemptEquivalent,2,2,
0022500351,1630552,J. Johnson,1610612737,ATL,4,PT01M56.00S,andOne,addOn,1,1,641
0022500351,1630700,D. Daniels,1610612737,ATL,4,PT01M30.00S,shootingFoul2,attemptEquivalent,2,2,
0022500352,1629631,D. Hunter,1610612739,CLE,1,PT07M24.00S,andOne,addOn,0,1,51
0022500352,1629636,D. Garland,1610612739,CLE,1,PT06M55.00S,shootingFoul2,attemptEquivalent,2,2,
0022500352,1630541,M. Moody,1610612744,GSW,1,PT04M51.00S,shootingFoul2,attemptEquivalent,2,2,
0022500352,1628418,T. Bryant,1610612739,CLE,1,PT01M49.00S,shootingFoul2,attemptEquivalent,2,2,
0022500352,1630611,G. Santos,1610612744,GSW,2,PT06M08.00S,shootingFoul2,attemptEquivalent,1,2,
0022500352,1630611,G. Santos,1610612744,GSW,2,PT04M44.00S,shootingFoul2,attemptEquivalent,2,2,
0022500352,1629636,D. Garland,1610612739,CLE,2,PT03M56.00S,andOne,addOn,1,1,305
0022500352,1630228,J. Kuminga,1610612744,GSW,3,PT07M54.00S,shootingFoul2,attemptEquivalent,2,2,
0022500352,1630596,E. Mobley,1610612739,CLE,3,PT07M45.00S,shootingFoul2,attemptEquivalent,2,2,
0022500352,1631218,T. Jackson-Davis,1610612744,GSW,3,PT07M30.00S,shootingFoul2,attemptEquivalent,2,2,
0022500352,1642954,W. Richard,1610612744,GSW,3,PT06M10.00S,bonus,attemptEquivalent,2,2,
0022500352,1630541,M. Moody,1610612744,GSW,3,PT04M19.00S,andOne,addOn,0,1,476
0022500352,1630541,M. Moody,1610612744,GSW,3,PT01M55.00S,shootingFoul2,attemptEquivalent,2,2,
0022500352,1630611,G. Santos,1610612744,GSW,4,PT09M07.00S,shootingFoul2,attemptEquivalent,2,2,
0022500352,1629631,D. Hunter,1610612739,CLE,4,PT02M18.00S,shootingFoul2,attemptEquivalent,2,2,
0022500352,1629636,D. Garland,1610612739,CLE,4,PT00M20.90S,bonus,attemptEquivalent,1,2,
0022500352,1630611,G. Santos,1610612744,GSW,4,PT00M11.30S,bonus,attemptEquivalent,1,2,
0022500352,1630311,P. Spencer,1610612744,GSW,4,PT00M04.10S,bonus,attemptEquivalent,2,2,
0022500354,1642276,K. Ware,1610612748,MIA,1,PT11M41.00S,shootingFoul2,attemptEquivalent,1,2,
0022500354,1630696,D. Smith,1610612748,MIA,1,PT09M37.00S,shootingFoul2,attemptEquivalent,2,2,
0022500354,203897,Z. LaVine,1610612758,SAC,1,PT05M46.00S,shootingFoul2,attemptEquivalent,2,2,
0022500354,203897,Z. LaVine,1610612758,SAC,1,PT04M09.00S,shootingFoul3,attemptEquivalent,3,3,
0022500354,1631170,J. Jaquez Jr.,1610612748,MIA,1,PT03M29.00S,shootingFoul2,attemptEquivalent,1,2,
0022500354,1630173,P. Achiuwa,1610612758,SAC,1,PT00M38.20S,shootingFoul2,attemptEquivalent,1,2,
0022500354,1631107,N. Jović,1610612748,MIA,2,PT11M30.00S,shootingFoul2,attemptEquivalent,1,2,
0022500354,1626181,N. Powell,1610612748,MIA,2,PT08M25.00S,shootingFoul3,attemptEquivalent,3,3,
0022500354,1626181,N. Powell,1610612748,MIA,2,PT07M29.00S,andOne,addOn,1,1,239
0022500354,1626181,N. Powell,1610612748,MIA,2,PT02M48.00S,shootingFoul2,attemptEquivalent,1,2,
0022500354,1631099,K. Murray,1610612758,SAC,2,PT00M57.00S,shootingFoul2,attemptEquivalent,1,2,
0022500354,1631099,K. Murray,1610612758,SAC,3,PT11M47.00S,shootingFoul2,attemptEquivalent,1,2,
0022500354,1631170,J. Jaquez Jr.,1610612748,MIA,3,PT09M24.00S,shootingFoul2,attemptEquivalent,1,2,
0022500354,1628389,B. Adebayo,1610612748,MIA,3,PT06M17.00S,shootingFoul2,attemptEquivalent,1,2,
0022500354,1631170,J. Jaquez Jr.,1610612748,MIA,3,PT01M13.00S,shootingFoul2,attemptEquivalent,2,2,
0022500354,1642352,K. Johnson,1610612748,MIA,4,PT10M26.00S,shootingFoul2,attemptEquivalent,0,2,
0022500354,1628370,M. Monk,1610612758,SAC,4,PT09M42.00S,shootingFoul2,attemptEquivalent,1,2,
0022500354,1631170,J. Jaquez Jr.,1610612748,MIA,4,PT08M47.00S,shootingFoul2,attemptEquivalent,1,2,
0022500354,1631323,S. Fontecchio,1610612748,MIA,4,PT07M28.00S,andOne,addOn,0,1,541
0022500354,201942,D. DeRozan,1610612758,SAC,4,PT07M12.00S,andOne,addOn,0,1,548
0022500354,1631107,N. Jović,1610612748,MIA,4,PT07M00.00S,andOne,addOn,1,1,555
0022500354,203897,Z. LaVine,1610612758,SAC,4,PT06M38.00S,shootingFoul2,attemptEquivalent,2,2,
0022500354,203897,Z. LaVine,1610612758,SAC,4,PT05M07.00S,shootingFoul2,attemptEquivalent,1,2,
0022500354,203897,Z. LaVine,1610612758,SAC,4,PT02M49.00S,shootingFoul2,attemptEquivalent,2,2,
0022500354,201566,R. Westbrook,1610612758,SAC,4,PT02M16.00S,andOne,addOn,1,1,616
0022500354,1631170,J. Jaquez Jr.,1610612748,MIA,4,PT02M09.00S,shootingFoul2,attemptEquivalent,1,2,
0022500354,1631170,J. Jaquez Jr.,1610612748,MIA,4,PT01M36.00S,bonus,attemptEquivalent,2,2,
0022500354,1642352,K. Johnson,1610612748,MIA,4,PT00M28.00S,bonus,attemptEquivalent,1,2,
0022500363,203994,J. Nurkić,1610612762,UTA,1,PT11M17.00S,shootingFoul2,attemptEquivalent,1,2,
0022500363,1631096,C. Holmgren,1610612760,OKC,2,PT06M23.00S,andOne,addOn,0,1,218
0022500363,1641707,T. Hendricks,1610612762,UTA,2,PT04M20.00S,shootingFoul2,attemptEquivalent,2,2,
0022500363,1629026,K. Williams,1610612760,OKC,2,PT04M08.00S,andOne,addOn,0,1,260
0022500363,1630598,A. Wiggins,1610612760,OKC,2,PT03M32.00S,shootingFoul2,attemptEquivalent,2,2,
0022500363,1631096,C. Holmgren,1610612760,OKC,3,PT08M17.00S,bonus,attemptEquivalent,0,2,
0022500363,1631119,J. Williams,1610612760,OKC,3,PT07M13.00S,bonus,attemptEquivalent,0,2,
0022500363,1641718,K. George,1610612762,UTA,3,PT05M10.00S,shootingFoul2,attemptEquivalent,2,2,
0022500363,1642349,A. Mitchell,1610612760,OKC,3,PT04M07.00S,bonus,attemptEquivalent,2,2,
0022500363,1629026,K. Williams,1610612760,OKC,3,PT03M19.00S,andOne,addOn,1,1,461
0022500363,1642383,W. Clayton Jr.,1610612762,UTA,3,PT00M11.30S,shootingFoul2,attemptEquivalent,1,2,
0022500363,1642383,W. Clayton Jr.,1610612762,UTA,4,PT08M17.00S,andOne,addOn,1,1,549
0022500363,1629026,K. Williams,1610612760,OKC,4,PT06M23.00S,shootingFoul2,attemptEquivalent,0,2,
0022500363,1642382,B. Carlson,1610612760,OKC,4,PT05M43.00S,shootingFoul2,attemptEquivalent,0,2,
0022500363,1641707,T. Hendricks,1610612762,UTA,4,PT04M43.00S,shootingFoul2,attemptEquivalent,1,2,
0022500363,1642964,B. Barnhizer,1610612760,OKC,4,PT03M50.00S,andOne,addOn,1,1,611
0022500363,1641707,T. Hendricks,1610612762,UTA,4,PT01M26.00S,andOne,addOn,1,1,633
0022500364,1630643,J. Huff,1610612754,IND,1,PT11M13.00S,shootingFoul2,attemptEquivalent,2,2,
0022500364,1629614,A. Nembhard,1610612754,IND,1,PT09M18.00S,shootingFoul2,attemptEquivalent,1,2,
0022500364,1631097,B. Mathurin,1610612754,IND,1,PT09M11.00S,shootingFoul2,attemptEquivalent,2,2,
0022500364,1629234,D. Eubanks,1610612758,SAC,1,PT04M54.00S,shootingFoul2,attemptEquivalent,1,2,
0022500364,1629726,G. Mathews,1610612754,IND,1,PT04M46.00S,flagrant,addOn,1,1,
0022500364,1631097,B. Mathurin,1610612754,IND,1,PT03M57.00S,shootingFoul2,attemptEquivalent,2,2,
0022500364,1629234,D. Eubanks,1610612758,SAC,1,PT03M05.00S,shootingFoul2,attemptEquivalent,2,2,
0022500364,1627783,P. Siakam,1610612754,IND,1,PT01M00.00S,shootingFoul2,attemptEquivalent,2,2,
0022500364,1641716,J. Walker,1610612754,IND,1,PT00M33.60S,shootingFoul2,attemptEquivalent,2,2,
0022500364,1630173,P. Achiuwa,1610612758,SAC,1,PT00M12.90S,shootingFoul2,attemptEquivalent,0,2,
0022500364,201942,D. DeRozan,1610612758,SAC,2,PT10M55.00S,shootingFoul2,attemptEquivalent,1,2,
0022500364,201566,R. Westbrook,1610612758,SAC,2,PT06M07.00S,shootingFoul2,attemptEquivalent,1,2,
0022500364,201566,R. Westbrook,1610612758,SAC,2,PT05M41.00S,flagrant,addOn,1,2,
0022500364,203897,Z. LaVine,1610612758,SAC,2,PT05M25.00S,bonus,attemptEquivalent,2,2,
0022500364,1631097,B. Mathurin,1610612754,IND,2,PT04M50.00S,andOne,addOn,1,1,303
0022500364,1629614,A. Nembhard,1610612754,IND,2,PT02M38.00S,shootingFoul2,attemptEquivalent,2,2,
0022500364,1629614,A. Nembhard,1610612754,IND,2,PT01M27.00S,shootingFoul2,attemptEquivalent,1,2,
0022500364,1631097,B. Mathurin,1610612754,IND,2,PT00M31.60S,bonus,attemptEquivalent,2,2,
0022500364,1642875,M. Raynaud,1610612758,SAC,3,PT10M33.00S,shootingFoul2,attemptEquivalent,1,2,
0022500364,1630643,J. Huff,1610612754,IND,3,PT09M46.00S,shootingFoul2,attemptEquivalent,2,2,
0022500364,1642875,M. Raynaud,1610612758,SAC,3,PT07M01.00S,shootingFoul2,attemptEquivalent,2,2,
0022500364,1631099,K. Murray,1610612758,SAC,3,PT03M36.00S,andOne,addOn,1,1,471
0022500364,201942,D. DeRozan,1610612758,SAC,3,PT01M24.00S,shootingFoul2,attemptEquivalent,2,2,
0022500364,1630173,P. Achiuwa,1610612758,SAC,3,PT00M47.00S,andOne,addOn,1,1,525
0022500364,1641716,J. Walker,1610612754,IND,4,PT11M24.00S,shootingFoul2,attemptEquivalent,2,2,
0022500364,1630643,J. Huff,1610612754,IND,4,PT00M26.70S,bonus,attemptEquivalent,2,2,
0022500364,1629614,A. Nembhard,1610612754,IND,4,PT00M16.50S,bonus,attemptEquivalent,2,2,
0022500367,1630581,J. Giddey,1610612741,CHI,1,PT09M29.00S,shootingFoul2,attemptEquivalent,2,2,
0022500367,1628378,D. Mitchell,1610612739,CLE,1,PT08M52.00S,andOne,addOn,1,1,38
0022500367,1628378,D. Mitchell,1610612739,CLE,1,PT01M24.00S,bonus,attemptEquivalent,2,2,
0022500367,1630200,T. Jones,1610612741,CHI,2,PT11M26.00S,shootingFoul2,attemptEquivalent,1,2,
0022500367,1629632,C. White,1610612741,CHI,2,PT09M39.00S,shootingFoul2,attemptEquivalent,1,2,
0022500367,1642281,J. Tyson,1610612739,CLE,2,PT07M00.00S,shootingFoul2,attemptEquivalent,1,2,
0022500367,1628378,D. Mitchell,1610612739,CLE,2,PT04M17.00S,andOne,addOn,1,1,271
0022500367,1628380,Z. Collins,1610612741,CHI,2,PT01M24.00S,andOne,addOn,0,1,313
0022500367,1629632,C. White,1610612741,CHI,2,PT00M58.50S,andOne,addOn,1,1,321
0022500367,1629631,D. Hunter,1610612739,CLE,2,PT00M40.10S,bonus,attemptEquivalent,2,2,
0022500367,1641824,M. Buzelis,1610612741,CHI,3,PT06M53.00S,shootingFoul2,attemptEquivalent,1,2,
0022500367,1641824,M. Buzelis,1610612741,CHI,3,PT06M29.00S,shootingFoul2,attemptEquivalent,2,2,
0022500367,1642281,J. Tyson,1610612739,CLE,3,PT06M04.00S,shootingFoul2,attemptEquivalent,2,2,
0022500367,1628380,Z. Collins,1610612741,CHI,3,PT05M27.00S,shootingFoul2,attemptEquivalent,1,2,
0022500367,1628378,D. Mitchell,1610612739,CLE,3,PT03M32.00S,shootingFoul2,attemptEquivalent,2,2,
0022500367,1628418,T. Bryant,1610612739,CLE,3,PT02M20.00S,shootingFoul2,attemptEquivalent,2,2,
0022500367,1629632,C. White,1610612741,CHI,3,PT00M39.80S,bonus,attemptEquivalent,2,2,
0022500367,1641772,N. Tomlin,1610612739,CLE,4,PT06M51.00S,shootingFoul2,attemptEquivalent,1,2,
0022500367,1629632,C. White,1610612741,CHI,4,PT04M59.00S,shootingFoul2,attemptEquivalent,2,2,
0022500367,1641772,N. Tomlin,1610612739,CLE,4,PT01M04.00S,bonus,attemptEquivalent,1,2,
0022500369,1628983,S. Gilgeous-Alexander,1610612760,OKC,1,PT09M55.00S,shootingFoul2,attemptEquivalent,1,2,
0022500369,1631096,C. Holmgren,1610612760,OKC,1,PT07M27.00S,andOne,addOn,1,1,56
0022500369,1628983,S. Gilgeous-Alexander,1610612760,OKC,1,PT02M48.00S,andOne,addOn,0,1,120
0022500369,1642349,A. Mitchell,1610612760,OKC,1,PT02M03.00S,andOne,addOn,1,1,135
0022500369,1627826,I. Zubac,1610612746,LAC,1,PT01M13.00S,shootingFoul2,attemptEquivalent,1,2,
0022500369,1627826,I. Zubac,1610612746,LAC,2,PT11M47.00S,shootingFoul2,attemptEquivalent,2,2,
0022500369,1631114,J. Williams,1610612760,OKC,2,PT07M00.00S,shootingFoul2,attemptEquivalent,2,2,
0022500369,1627739,K. Dunn,1610612746,LAC,2,PT04M54.00S,shootingFoul2,attemptEquivalent,1,2,
0022500369,1628381,J. Collins,1610612746,LAC,2,PT02M32.00S,bonus,attemptEquivalent,2,2,
0022500369,1641717,C. Wallace,1610612760,OKC,2,PT00M13.20S,shootingFoul2,attemptEquivalent,2,2,
0022500369,1627826,I. Zubac,1610612746,LAC,3,PT10M09.00S,shootingFoul2,attemptEquivalent,2,2,
0022500369,1628983,S. Gilgeous-Alexander,1610612760,OKC,3,PT09M27.00S,shootingFoul3,attemptEquivalent,3,3,
0022500369,1628381,J. Collins,1610612746,LAC,3,PT08M50.00S,shootingFoul2,attemptEquivalent,2,2,
0022500369,1631096,C. Holmgren,1610612760,OKC,3,PT08M42.00S,shootingFoul2,attemptEquivalent,2,2,
0022500369,202695,K. Leonard,1610612746,LAC,3,PT00M32.70S,shootingFoul2,attemptEquivalent,2,2,
0022500369,1641757,J. Miller,1610612746,LAC,3,PT00M10.40S,bonus,attemptEquivalent,1,2,
0022500369,202695,K. Leonard,1610612746,LAC,3,PT00M00.40S,bonus,attemptEquivalent,2,2,
0022500369,1628381,J. Collins,1610612746,LAC,4,PT04M43.00S,shootingFoul2,attemptEquivalent,1,2,
0022500369,201572,B. Lopez,1610612746,LAC,4,PT02M21.00S,shootingFoul2,attemptEquivalent,1,2,
0022500369,1630598,A. Wiggins,1610612760,OKC,4,PT01M13.00S,shootingFoul2,attemptEquivalent,1,2,
0022500370,203084,H. Barnes,1610612759,SAS,1,PT08M22.00S,shootingFoul2,attemptEquivalent,2,2,
0022500370,1630551,J. Champagnie,1610612764,WAS,1,PT06M13.00S,shootingFoul2,attemptEquivalent,1,2,
0022500370,1642848,T. Johnson,1610612764,WAS,1,PT05M22.00S,shootingFoul2,attemptEquivalent,2,2,
0022500370,1628963,M. Bagley III,1610612764,WAS,1,PT02M31.00S,shootingFoul2,attemptEquivalent,1,2,
0022500370,1642264,S. Castle,1610612759,SAS,1,PT01M51.00S,shootingFoul2,attemptEquivalent,1,2,
0022500370,1642844,D. Harper,1610612759,SAS,1,PT00M54.70S,andOne,addOn,1,1,154
0022500370,1642844,D. Harper,1610612759,SAS,2,PT06M57.00S,shootingFoul2,attemptEquivalent,2,2,
0022500370,1642273,K. George,1610612764,WAS,2,PT04M13.00S,shootingFoul2,attemptEquivalent,1,2,
0022500370,1628368,D. Fox,1610612759,SAS,2,PT00M16.40S,shootingFoul2,attemptEquivalent,1,2,
0022500370,1641731,B. Coulibaly,1610612764,WAS,3,PT10M23.00S,shootingFoul2,attemptEquivalent,1,2,
0022500370,1630170,D. Vassell,1610612759,SAS,3,PT08M57.00S,andOne,addOn,1,1,368
0022500370,1628963,M. Bagley III,1610612764,WAS,3,PT04M31.00S,shootingFoul2,attemptEquivalent,1,2,
0022500370,1628368,D. Fox,1610612759,SAS,3,PT01M26.00S,shootingFoul2,attemptEquivalent,2,2,
0022500370,1628436,L. Kornet,1610612759,SAS,3,PT00M49.00S,shootingFoul2,attemptEquivalent,2,2,
0022500370,1641705,V. Wembanyama,1610612759,SAS,4,PT10M59.00S,shootingFoul2,attemptEquivalent,2,2,
0022500370,1642264,S. Castle,1610612759,SAS,4,PT04M54.00S,shootingFoul2,attemptEquivalent,1,2,
0022500370,1641774,T. Vukcevic,1610612764,WAS,4,PT01M29.00S,shootingFoul2,attemptEquivalent,2,2,
0022500370,1629162,J. McLaughlin,1610612759,SAS,4,PT01M21.00S,bonus,attemptEquivalent,1,2,
0022500379,203994,J. Nurkić,1610612762,UTA,1,PT10M40.00S,shootingFoul2,attemptEquivalent,1,2,
0022500379,1629004,S. Mykhailiuk,1610612762,UTA,1,PT08M47.00S,shootingFoul2,attemptEquivalent,2,2,
0022500379,1629637,J. Hayes,1610612747,LAL,1,PT06M47.00S,shootingFoul2,attemptEquivalent,2,2,
0022500379,1642268,I. Collier,1610612762,UTA,1,PT04M48.00S,shootingFoul2,attemptEquivalent,1,2,
0022500379,1629029,L. Dončić,1610612747,LAL,1,PT04M32.00S,shootingFoul2,attemptEquivalent,1,2,
0022500379,1629029,L. Dončić,1610612747,LAL,1,PT03M58.00S,shootingFoul2,attemptEquivalent,2,2,
0022500379,1641707,T. Hendricks,1610612762,UTA,1,PT03M01.00S,shootingFoul2,attemptEquivalent,1,2,
0022500379,1629029,L. Dončić,1610612747,LAL,1,PT02M44.00S,shootingFoul3,attemptEquivalent,3,3,
0022500379,1641707,T. Hendricks,1610612762,UTA,1,PT01M51.00S,andOne,addOn,1,1,140
0022500379,1629029,L. Dončić,1610612747,LAL,1,PT01M00.00S,shootingFoul2,attemptEquivalent,1,2,
0022500379,1642268,I. Collier,1610612762,UTA,1,PT00M48.50S,bonus,attemptEquivalent,1,2,
0022500379,2544,L. James,1610612747,LAL,1,PT00M03.20S,shootingFoul2,attemptEquivalent,1,2,
0022500379,1642846,A. Bailey,1610612762,UTA,2,PT10M09.00S,shootingFoul2,attemptEquivalent,0,2,
0022500379,1641729,B. Sensabaugh,1610612762,UTA,2,PT09M47.00S,shootingFoul2,attemptEquivalent,2,2,
0022500379,1642383,W. Clayton Jr.,1610612762,UTA,2,PT08M34.00S,andOne,addOn,1,1,240
0022500379,2544,L. James,1610612747,LAL,2,PT08M21.00S,andOne,addOn,1,1,248
0022500379,203994,J. Nurkić,1610612762,UTA,2,PT07M30.00S,shootingFoul2,attemptEquivalent,1,2,
0022500379,203994,J. Nurkić,1610612762,UTA,2,PT04M53.00S,andOne,addOn,0,1,284
0022500379,203994,J. Nurkić,1610612762,UTA,2,PT04M05.00S,bonus,attemptEquivalent,0,2,
0022500379,203994,J. Nurkić,1610612762,UTA,2,PT03M29.00S,bonus,attemptEquivalent,1,2,
0022500379,1641718,K. George,1610612762,UTA,2,PT01M28.00S,shootingFoul2,attemptEquivalent,2,2,
0022500379,2544,L. James,1610612747,LAL,2,PT01M07.00S,shootingFoul2,attemptEquivalent,2,2,
0022500379,1641718,K. George,1610612762,UTA,2,PT00M46.00S,andOne,addOn,1,1,366
0022500379,1642268,I. Collier,1610612762,UTA,2,PT00M08.00S,andOne,addOn,1,1,375
0022500379,1629029,L. Dončić,1610612747,LAL,2,PT00M03.30S,andOne,addOn,1,1,379
0022500379,203994,J. Nurkić,1610612762,UTA,3,PT10M00.00S,shootingFoul2,attemptEquivalent,1,2,
0022500379,2544,L. James,1610612747,LAL,3,PT07M12.00S,shootingFoul2,attemptEquivalent,2,2,
0022500379,201567,K. Love,1610612762,UTA,3,PT04M35.00S,shootingFoul3,attemptEquivalent,2,3,
0022500379,1629029,L. Dončić,1610612747,LAL,3,PT04M16.00S,shootingFoul2,attemptEquivalent,2,2,
0022500379,1642268,I. Collier,1610612762,UTA,3,PT01M20.00S,shootingFoul2,attemptEquivalent,2,2,
0022500379,1629029,L. Dončić,1610612747,LAL,3,PT01M12.00S,andOne,addOn,1,1,540
0022500379,1628467,M. Kleber,1610612747,LAL,4,PT10M32.00S,shootingFoul2,attemptEquivalent,2,2,
0022500379,1628467,M. Kleber,1610612747,LAL,4,PT10M07.00S,shootingFoul2,attemptEquivalent,1,2,
0022500379,2544,L. James,1610612747,LAL,4,PT08M22.00S,shootingFoul2,attemptEquivalent,2,2,
0022500379,1641718,K. George,1610612762,UTA,4,PT08M04.00S,shootingFoul2,attemptEquivalent,2,2,
0022500379,1629029,L. Dončić,1610612747,LAL,4,PT06M26.00S,andOne,addOn,1,1,653
0022500379,1642846,A. Bailey,1610612762,UTA,4,PT04M03.00S,shootingFoul2,attemptEquivalent,1,2,
0022500379,1629637,J. Hayes,1610612747,LAL,4,PT03M51.00S,shootingFoul2,attemptEquivalent,0,2,
0022500379,1641718,K. George,1610612762,UTA,4,PT02M02.00S,andOne,addOn,1,1,714
0022500379,1642846,A. Bailey,1610612762,UTA,4,PT00M42.00S,shootingFoul2,attemptEquivalent,1,2,
0022500379,2544,L. James,1610612747,LAL,4,PT00M41.00S,bonus,attemptEquivalent,2,2,
0022500379,1641718,K. George,1610612762,UTA,4,PT00M37.10S,shootingFoul3,attemptEquivalent,2,3,
0022500379,1631222,J. LaRavia,1610612747,LAL,4,PT00M29.40S,bonus,attemptEquivalent,2,2,
0022500379,1629029,L. Dončić,1610612747,LAL,4,PT00M20.40S,bonus,attemptEquivalent,1,2,
0022500379,2544,L. James,1610612747,LAL,4,PT00M11.40S,bonus,attemptEquivalent,2,2,
0022500380,1642270,D. Clingan,1610612757,POR,1,PT08M50.00S,shootingFoul2,attemptEquivalent,1,2,
0022500380,1642875,M. Raynaud,1610612758,SAC,1,PT06M44.00S,andOne,addOn,1,1,61
0022500380,1642928,D. Cardwell,1610612758,SAC,1,PT00M12.20S,shootingFoul2,attemptEquivalent,2,2,
0022500380,203471,D. Schröder,1610612758,SAC,2,PT09M20.00S,shootingFoul2,attemptEquivalent,2,2,
0022500380,1642270,D. Clingan,1610612757,POR,2,PT07M46.00S,andOne,addOn,1,1,220
0022500380,1642875,M. Raynaud,1610612758,SAC,2,PT06M57.00S,shootingFoul2,attemptEquivalent,2,2,
0022500380,203924,J. Grant,1610612757,POR,2,PT02M40.00S,andOne,addOn,1,1,305
0022500380,1642270,D. Clingan,1610612757,POR,2,PT02M12.00S,bonus,attemptEquivalent,0,2,
0022500380,1642875,M. Raynaud,1610612758,SAC,2,PT01M58.00S,shootingFoul2,attemptEquivalent,2,2,
0022500380,1630166,D. Avdija,1610612757,POR,3,PT11M15.00S,shootingFoul2,attemptEquivalent,1,2,
0022500380,1630166,D. Avdija,1610612757,POR,3,PT07M57.00S,andOne,addOn,1,1,402
0022500380,1642363,N. Clifford,1610612758,SAC,3,PT02M59.00S,shootingFoul2,attemptEquivalent,2,2,
0022500380,203924,J. Grant,1610612757,POR,3,PT02M05.00S,shootingFoul2,attemptEquivalent,2,2,
0022500380,1642928,D. Cardwell,1610612758,SAC,3,PT01M08.00S,shootingFoul2,attemptEquivalent,0,2,
0022500380,1630166,D. Avdija,1610612757,POR,4,PT10M29.00S,shootingFoul2,attemptEquivalent,2,2,
0022500380,1642270,D. Clingan,1610612757,POR,4,PT07M29.00S,shootingFoul2,attemptEquivalent,1,2,
0022500380,1641739,T. Camara,1610612757,POR,4,PT06M41.00S,flagrant,addOn,2,2,
0022500380,1642875,M. Raynaud,1610612758,SAC,4,PT05M00.00S,flagrant,addOn,2,2,
0022500380,1642875,M. Raynaud,1610612758,SAC,4,PT03M50.00S,bonus,attemptEquivalent,1,2,
0022500380,1631165,K. Ellis,1610612758,SAC,4,PT01M53.00S,shootingFoul3,attemptEquivalent,3,3,
0022500380,201566,R. Westbrook,1610612758,SAC,4,PT01M26.00S,shootingFoul2,attemptEquivalent,2,2,
0022500380,201942,D. DeRozan,1610612758,SAC,4,PT00M31.80S,shootingFoul2,attemptEquivalent,2,2,
0022500380,1631101,S. Sharpe,1610612757,POR,4,PT00M28.00S,bonus,attemptEquivalent,0,2,
0022500380,201566,R. Westbrook,1610612758,SAC,4,PT00M15.00S,bonus,attemptEquivalent,2,2,
0022500380,1630166,D. Avdija,1610612757,POR,4,PT00M13.90S,bonus,attemptEquivalent,1,2,
0022500380,1642270,D. Clingan,1610612757,POR,4,PT00M12.40S,bonus,attemptEquivalent,1,2,
0022500380,201942,D. DeRozan,1610612758,SAC,5,PT03M42.00S,shootingFoul2,attemptEquivalent,2,2,
0022500380,1631200,K. Murray,1610612757,POR,5,PT02M53.00S,andOne,addOn,1,1,779
0022500380,201942,D. DeRozan,1610612758,SAC,5,PT02M22.00S,andOne,addOn,1,1,787
0022500380,201942,D. DeRozan,1610612758,SAC,5,PT01M51.00S,shootingFoul2,attemptEquivalent,2,2,
0022500380,1630166,D. Avdija,1610612757,POR,5,PT01M04.00S,shootingFoul2,attemptEquivalent,2,2,
0022500380,1642270,D. Clingan,1610612757,POR,5,PT00M33.20S,shootingFoul2,attemptEquivalent,1,2,
0022500380,201942,D. DeRozan,1610612758,SAC,5,PT00M17.40S,bonus,attemptEquivalent,2,2,
0022500380,1642270,D. Clingan,1610612757,POR,5,PT00M16.80S,bonus,attemptEquivalent,0,2,
0022500380,1630166,D. Avdija,1610612757,POR,5,PT00M01.50S,shootingFoul2,attemptEquivalent,2,2,
0022500385,1631114,J. Williams,1610612760,OKC,1,PT11M03.00S,shootingFoul2,attemptEquivalent,1,2,
0022500385,203944,J. Randle,1610612750,MIN,1,PT07M54.00S,shootingFoul2,attemptEquivalent,2,2,
0022500385,1631096,C. Holmgren,1610612760,OKC,1,PT02M51.00S,shootingFoul2,attemptEquivalent,2,2,
0022500385,203944,J. Randle,1610612750,MIN,1,PT02M36.00S,shootingFoul2,attemptEquivalent,1,2,
0022500385,203944,J. Randle,1610612750,MIN,1,PT00M26.30S,shootingFoul2,attemptEquivalent,1,2,
0022500385,203497,R. Gobert,1610612750,MIN,2,PT10M15.00S,shootingFoul2,attemptEquivalent,2,2,
0022500385,1642349,A. Mitchell,1610612760,OKC,2,PT08M45.00S,shootingFoul2,attemptEquivalent,2,2,
0022500385,1629675,N. Reid,1610612750,MIN,2,PT08M20.00S,shootingFoul2,attemptEquivalent,0,2,
0022500385,203497,R. Gobert,1610612750,MIN,2,PT07M37.00S,shootingFoul2,attemptEquivalent,0,2,
0022500385,1630162,A. Edwards,1610612750,MIN,2,PT06M53.00S,shootingFoul2,attemptEquivalent,1,2,
0022500385,1629652,L. Dort,1610612760,OKC,2,PT05M45.00S,shootingFoul2,attemptEquivalent,2,2,
0022500385,1642349,A. Mitchell,1610612760,OKC,2,PT04M47.00S,flagrant,addOn,2,2,
0022500385,203944,J. Randle,1610612750,MIN,2,PT04M39.00S,bonus,attemptEquivalent,1,2,
0022500385,1629675,N. Reid,1610612750,MIN,2,PT04M22.00S,bonus,attemptEquivalent,2,2,
0022500385,203497,R. Gobert,1610612750,MIN,2,PT02M32.00S,awayFromPlay,addOn,0,1,
0022500385,1628983,S. Gilgeous-Alexander,1610612760,OKC,3,PT09M40.00S,clearPath,addOn,2,2,
0022500385,1628978,D. DiVincenzo,1610612750,MIN,3,PT08M11.00S,andOne,addOn,0,1,401
0022500385,1630162,A. Edwards,1610612750,MIN,3,PT08M06.00S,shootingFoul2,attemptEquivalent,2,2,
0022500385,1630183,J. McDaniels,1610612750,MIN,3,PT07M05.00S,shootingFoul2,attemptEquivalent,2,2,
0022500385,203944,J. Randle,1610612750,MIN,3,PT05M54.00S,shootingFoul2,attemptEquivalent,2,2,
0022500385,1630538,B. Hyland,1610612750,MIN,3,PT04M08.00S,bonus,attemptEquivalent,1,2,
0022500385,1627936,A. Caruso,1610612760,OKC,3,PT03M41.00S,shootingFoul2,attemptEquivalent,2,2,
0022500385,1629675,N. Reid,1610612750,MIN,3,PT02M53.00S,bonus,attemptEquivalent,2,2,
0022500385,1641717,C. Wallace,1610612760,OKC,3,PT02M11.00S,bonus,attemptEquivalent,2,2,
0022500385,1630545,T. Shannon Jr.,1610612750,MIN,3,PT01M03.00S,shootingFoul2,attemptEquivalent,2,2,
0022500385,203497,R. Gobert,1610612750,MIN,3,PT00M39.00S,shootingFoul2,attemptEquivalent,1,2,
0022500385,1628983,S. Gilgeous-Alexander,1610612760,OKC,3,PT00M05.00S,bonus,attemptEquivalent,2,2,
0022500385,1630162,A. Edwards,1610612750,MIN,4,PT09M58.00S,shootingFoul2,attemptEquivalent,2,2,
0022500385,1631114,J. Williams,1610612760,OKC,4,PT09M45.00S,shootingFoul2,attemptEquivalent,2,2,
0022500385,1631096,C. Holmgren,1610612760,OKC,4,PT09M06.00S,shootingFoul2,attemptEquivalent,2,2,
0022500385,1629675,N. Reid,1610612750,MIN,4,PT08M08.00S,andOne,addOn,1,1,610
0022500385,1628978,D. DiVincenzo,1610612750,MIN,4,PT05M08.00S,bonus,attemptEquivalent,1,2,
0022500385,1628392,I. Hartenstein,1610612760,OKC,4,PT04M08.00S,bonus,attemptEquivalent,1,2,
0022500385,1628983,S. Gilgeous-Alexander,1610612760,OKC,4,PT02M53.00S,bonus,attemptEquivalent,2,2,
0022500385,203944,J. Randle,1610612750,MIN,4,PT02M11.00S,bonus,attemptEquivalent,2,2,
0022500385,1631096,C. Holmgren,1610612760,OKC,4,PT01M09.00S,bonus,attemptEquivalent,2,2,
0022500385,203944,J. Randle,1610612750,MIN,4,PT00M53.10S,bonus,attemptEquivalent,1,2,
0022500385,203944,J. Randle,1610612750,MIN,4,PT00M11.90S,bonus,attemptEquivalent,2,2,
0022500385,1630183,J. McDaniels,1610612750,MIN,4,PT00M01.10S,bonus,attemptEquivalent,2,2,
0022500391,1628991,J. Jackson Jr.,1610612763,MEM,1,PT08M08.00S,andOne,addOn,1,1,45
0022500391,1628991,J. Jackson Jr.,1610612763,MEM,1,PT04M20.00S,shootingFoul2,attemptEquivalent,2,2,
0022500391,1642860,W. Riley,1610612764,WAS,1,PT00M06.30S,shootingFoul2,attemptEquivalent,1,2,
0022500391,1630583,S. Aldama,1610612763,MEM,1,PT00M00.90S,andOne,addOn,1,1,171
0022500391,203484,K. Caldwell-Pope,1610612763,MEM,2,PT09M43.00S,shootingFoul2,attemptEquivalent,2,2,
0022500391,203468,C. McCollum,1610612764,WAS,2,PT08M29.00S,andOne,addOn,1,1,223
0022500391,1630551,J. Champagnie,1610612764,WAS,2,PT06M52.00S,shootingFoul2,attemptEquivalent,1,2,
0022500391,1630551,J. Champagnie,1610612764,WAS,2,PT06M33.00S,shootingFoul2,attemptEquivalent,0,2,
0022500391,1629111,J. Landale,1610612763,MEM,2,PT06M22.00S,shootingFoul2,attemptEquivalent,1,2,
0022500391,1642285,C. Spencer,1610612763,MEM,2,PT04M33.00S,transitionTake,addOn,1,1,
0022500391,203468,C. McCollum,1610612764,WAS,2,PT04M15.00S,shootingFoul2,attemptEquivalent,1,2,
0022500391,203114,K. Middleton,1610612764,WAS,2,PT02M31.00S,bonus,attemptEquivalent,1,2,
0022500391,1630583,S. Aldama,1610612763,MEM,2,PT01M09.00S,andOne,addOn,1,1,340
0022500391,1642267,B. Carrington,1610612764,WAS,3,PT11M18.00S,shootingFoul2,attemptEquivalent,1,2,
0022500391,1628991,J. Jackson Jr.,1610612763,MEM,3,PT10M05.00S,shootingFoul2,attemptEquivalent,1,2,
0022500391,203114,K. Middleton,1610612764,WAS,3,PT07M24.00S,shootingFoul2,attemptEquivalent,2,2,
0022500391,1642273,K. George,1610612764,WAS,3,PT04M01.00S,andOne,addOn,1,1,462
0022500391,1642273,K. George,1610612764,WAS,3,PT03M12.00S,andOne,addOn,1,1,474
0022500391,1641765,O. Prosper,1610612763,MEM,3,PT02M59.00S,andOne,addOn,1,1,478
0022500391,203468,C. McCollum,1610612764,WAS,3,PT00M46.50S,bonus,attemptEquivalent,2,2,
0022500391,1630583,S. Aldama,1610612763,MEM,4,PT10M28.00S,andOne,addOn,0,1,576
0022500391,203484,K. Caldwell-Pope,1610612763,MEM,4,PT07M25.00S,shootingFoul2,attemptEquivalent,2,2,
0022500391,1642907,C. Coward,1610612763,MEM,4,PT04M07.00S,shootingFoul2,attemptEquivalent,1,2,
0022500391,1628991,J. Jackson Jr.,1610612763,MEM,4,PT03M11.00S,shootingFoul2,attemptEquivalent,1,2,
0022500391,1642273,K. George,1610612764,WAS,4,PT00M31.70S,shootingFoul3,attemptEquivalent,3,3,
0022500391,1642907,C. Coward,1610612763,MEM,4,PT00M19.70S,shootingFoul2,attemptEquivalent,1,2,
0022500391,1642267,B. Carrington,1610612764,WAS,4,PT00M15.60S,bonus,attemptEquivalent,2,2,
0022500391,1642267,B. Carrington,1610612764,WAS,4,PT00M08.00S,bonus,attemptEquivalent,2,2,
0022500393,1631094,P. Banchero,1610612753,ORL,1,PT09M49.00S,shootingFoul2,attemptEquivalent,2,2,
0022500393,1641718,K. George,1610612762,UTA,1,PT08M51.00S,awayFromPlay,addOn,1,1,
0022500393,1641710,A. Black,1610612753,ORL,1,PT05M31.00S,shootingFoul2,attemptEquivalent,2,2,
0022500393,1641707,T. Hendricks,1610612762,UTA,1,PT05M13.00S,andOne,addOn,1,1,100
0022500393,1641718,K. George,1610612762,UTA,1,PT04M49.00S,shootingFoul2,attemptEquivalent,2,2,
0022500393,1641710,A. Black,1610612753,ORL,1,PT01M46.00S,shootingFoul2,attemptEquivalent,2,2,
0022500393,1641729,B. Sensabaugh,1610612762,UTA,1,PT00M15.30S,shootingFoul2,attemptEquivalent,2,2,
0022500393,1629048,G. Bitadze,1610612753,ORL,2,PT11M20.00S,shootingFoul2,attemptEquivalent,1,2,
0022500393,1641729,B. Sensabaugh,1610612762,UTA,2,PT09M53.00S,shootingFoul2,attemptEquivalent,2,2,
0022500393,1631094,P. Banchero,1610612753,ORL,2,PT06M28.00S,shootingFoul2,attemptEquivalent,1,2,
0022500393,1642271,K. Filipowski,1610612762,UTA,2,PT05M01.00S,bonus,attemptEquivalent,1,2,
0022500393,1641718,K. George,1610612762,UTA,2,PT04M17.00S,shootingFoul2,attemptEquivalent,1,2,
0022500393,1631094,P. Banchero,1610612753,ORL,2,PT00M17.30S,shootingFoul2,attemptEquivalent,2,2,
0022500393,1641710,A. Black,1610612753,ORL,3,PT11M22.00S,shootingFoul2,attemptEquivalent,2,2,
0022500393,1642271,K. Filipowski,1610612762,UTA,3,PT08M46.00S,shootingFoul2,attemptEquivalent,1,2,
0022500393,1631094,P. Banchero,1610612753,ORL,3,PT06M10.00S,shootingFoul2,attemptEquivalent,1,2,
0022500393,1631094,P. Banchero,1610612753,ORL,3,PT04M54.00S,bonus,attemptEquivalent,1,2,
0022500393,1631094,P. Banchero,1610612753,ORL,3,PT04M14.00S,andOne,addOn,0,1,484
0022500393,1642268,I. Collier,1610612762,UTA,3,PT02M30.00S,shootingFoul2,attemptEquivalent,2,2,
0022500393,1642383,W. Clayton Jr.,1610612762,UTA,3,PT00M54.70S,bonus,attemptEquivalent,1,2,
0022500393,1641729,B. Sensabaugh,1610612762,UTA,4,PT11M46.00S,shootingFoul2,attemptEquivalent,2,2,
0022500393,1630217,D. Bane,1610612753,ORL,4,PT09M31.00S,shootingFoul2,attemptEquivalent,2,2,
0022500393,1628371,J. Isaac,1610612753,ORL,4,PT08M36.00S,shootingFoul2,attemptEquivalent,1,2,
0022500393,1642268,I. Collier,1610612762,UTA,4,PT07M46.00S,shootingFoul2,attemptEquivalent,1,2,
0022500393,1630217,D. Bane,1610612753,ORL,4,PT03M49.00S,bonus,attemptEquivalent,1,2,
0022500393,1631094,P. Banchero,1610612753,ORL,4,PT02M44.00S,shootingFoul2,attemptEquivalent,2,2,
0022500393,1642268,I. Collier,1610612762,UTA,4,PT02M29.00S,shootingFoul2,attemptEquivalent,2,2,
0022500393,1628976,W. Carter Jr.,1610612753,ORL,4,PT02M07.00S,shootingFoul2,attemptEquivalent,1,2,
0022500393,1641718,K. George,1610612762,UTA,4,PT01M45.00S,shootingFoul2,attemptEquivalent,2,2,
0022500393,1641718,K. George,1610612762,UTA,4,PT00M46.50S,bonus,attemptEquivalent,2,2,
0022500393,201567,K. Love,1610612762,UTA,5,PT01M22.00S,andOne,addOn,0,1,769
0022500393,1631094,P. Banchero,1610612753,ORL,5,PT01M07.00S,shootingFoul2,attemptEquivalent,1,2,
0022500393,1641710,A. Black,1610612753,ORL,5,PT00M14.10S,bonus,attemptEquivalent,1,2,
0022500393,1641718,K. George,1610612762,UTA,5,PT00M04.10S,andOne,addOn,1,1,799
0022500394,1630173,P. Achiuwa,1610612758,SAC,1,PT09M53.00S,shootingFoul2,attemptEquivalent,2,2,
0022500394,1630166,D. Avdija,1610612757,POR,1,PT04M45.00S,shootingFoul2,attemptEquivalent,1,2,
0022500394,1642928,D. Cardwell,1610612758,SAC,1,PT03M44.00S,shootingFoul2,attemptEquivalent,0,2,
0022500394,1631321,S. Cissoko,1610612757,POR,1,PT02M35.00S,shootingFoul2,attemptEquivalent,1,2,
0022500394,1631101,S. Sharpe,1610612757,POR,1,PT01M21.00S,shootingFoul2,attemptEquivalent,1,2,
0022500394,1631200,K. Murray,1610612757,POR,1,PT00M26.60S,shootingFoul2,attemptEquivalent,2,2,
0022500394,1630166,D. Avdija,1610612757,POR,2,PT08M52.00S,andOne,addOn,1,1,200
0022500394,201566,R. Westbrook,1610612758,SAC,2,PT07M03.00S,shootingFoul2,attemptEquivalent,1,2,
0022500394,1642270,D. Clingan,1610612757,POR,2,PT05M28.00S,shootingFoul2,attemptEquivalent,1,2,
0022500394,203471,D. Schröder,1610612758,SAC,2,PT03M50.00S,shootingFoul2,attemptEquivalent,2,2,
0022500394,1630166,D. Avdija,1610612757,POR,2,PT02M30.00S,shootingFoul2,attemptEquivalent,2,2,
0022500394,1641739,T. Camara,1610612757,POR,2,PT02M12.00S,shootingFoul2,attemptEquivalent,1,2,
0022500394,1631099,K. Murray,1610612758,SAC,3,PT11M26.00S,andOne,addOn,1,1,350
0022500394,1630166,D. Avdija,1610612757,POR,3,PT08M41.00S,shootingFoul2,attemptEquivalent,2,2,
0022500394,201942,D. DeRozan,1610612758,SAC,3,PT07M00.00S,shootingFoul2,attemptEquivalent,1,2,
0022500394,201566,R. Westbrook,1610612758,SAC,3,PT06M25.00S,shootingFoul2,attemptEquivalent,1,2,
0022500394,201942,D. DeRozan,1610612758,SAC,3,PT06M05.00S,bonus,attemptEquivalent,2,2,
0022500394,203471,D. Schröder,1610612758,SAC,3,PT05M12.00S,bonus,attemptEquivalent,2,2,
0022500394,1630166,D. Avdija,1610612757,POR,3,PT03M03.00S,shootingFoul2,attemptEquivalent,2,2,
0022500394,203471,D. Schröder,1610612758,SAC,3,PT01M10.00S,bonus,attemptEquivalent,2,2,
0022500394,1642928,D. Cardwell,1610612758,SAC,3,PT00M47.20S,shootingFoul2,attemptEquivalent,1,2,
0022500394,203471,D. Schröder,1610612758,SAC,3,PT00M11.20S,andOne,addOn,0,1,505
0022500394,201566,R. Westbrook,1610612758,SAC,4,PT09M16.00S,shootingFoul2,attemptEquivalent,1,2,
0022500394,1642875,M. Raynaud,1610612758,SAC,4,PT06M39.00S,shootingFoul2,attemptEquivalent,1,2,
0022500394,1642875,M. Raynaud,1610612758,SAC,4,PT03M56.00S,shootingFoul2,attemptEquivalent,2,2,
0022500394,1642270,D. Clingan,1610612757,POR,4,PT02M29.00S,andOne,addOn,0,1,661
0022500394,1631200,K. Murray,1610612757,POR,4,PT01M24.00S,shootingFoul2,attemptEquivalent,0,2,
0022500394,1642928,D. Cardwell,1610612758,SAC,4,PT00M18.20S,shootingFoul2,attemptEquivalent,1,2,
0022500394,1629057,R. Williams III,1610612757,POR,4,PT00M16.50S,bonus,attemptEquivalent,2,2,
0022500399,1642267,B. Carrington,1610612764,WAS,1,PT11M06.00S,shootingFoul3,attemptEquivalent,1,3,
0022500399,1642264,S. Castle,1610612759,SAS,1,PT10M36.00S,shootingFoul2,attemptEquivalent,1,2,
0022500399,1641774,T. Vukcevic,1610612764,WAS,1,PT03M09.00S,shootingFoul2,attemptEquivalent,0,2,
0022500399,1641705,V. Wembanyama,1610612759,SAS,1,PT02M02.00S,bonus,attemptEquivalent,1,2,
0022500399,1642860,W. Riley,1610612764,WAS,1,PT01M53.00S,shootingFoul2,attemptEquivalent,2,2,
0022500399,1642848,T. Johnson,1610612764,WAS,1,PT01M24.00S,bonus,attemptEquivalent,2,2,
0022500399,1642364,J. Watkins,1610612764,WAS,1,PT00M12.70S,flagrant,addOn,2,2,
0022500399,1642264,S. Castle,1610612759,SAS,2,PT10M57.00S,andOne,addOn,0,1,202
0022500399,1642264,S. Castle,1610612759,SAS,2,PT10M31.00S,shootingFoul2,attemptEquivalent,2,2,
0022500399,1642264,S. Castle,1610612759,SAS,2,PT09M52.00S,shootingFoul2,attemptEquivalent,2,2,
0022500399,1629640,K. Johnson,1610612759,SAS,2,PT06M16.00S,shootingFoul2,attemptEquivalent,2,2,
0022500399,1642844,D. Harper,1610612759,SAS,2,PT04M09.00S,shootingFoul2,attemptEquivalent,1,2,
0022500399,1641705,V. Wembanyama,1610612759,SAS,2,PT03M11.00S,andOne,addOn,1,1,341
0022500399,1630551,J. Champagnie,1610612764,WAS,2,PT02M10.00S,shootingFoul2,attemptEquivalent,1,2,
0022500399,1628368,D. Fox,1610612759,SAS,3,PT10M44.00S,andOne,addOn,0,1,411
0022500399,1642267,B. Carrington,1610612764,WAS,3,PT10M04.00S,shootingFoul2,attemptEquivalent,2,2,
0022500399,1628436,L. Kornet,1610612759,SAS,3,PT09M48.00S,shootingFoul2,attemptEquivalent,2,2,
0022500399,1642273,K. George,1610612764,WAS,3,PT08M20.00S,andOne,addOn,0,1,444
0022500399,1642273,K. George,1610612764,WAS,3,PT08M08.00S,shootingFoul2,attemptEquivalent,2,2,
0022500399,203084,H. Barnes,1610612759,SAS,3,PT05M33.00S,shootingFoul2,attemptEquivalent,2,2,
0022500399,1642264,S. Castle,1610612759,SAS,3,PT04M00.00S,shootingFoul2,attemptEquivalent,1,2,
0022500399,1642848,T. Johnson,1610612764,WAS,3,PT01M00.00S,shootingFoul2,attemptEquivalent,2,2,
0022500399,1642264,S. Castle,1610612759,SAS,4,PT10M40.00S,shootingFoul2,attemptEquivalent,2,2,
0022500399,1642264,S. Castle,1610612759,SAS,4,PT09M45.00S,shootingFoul2,attemptEquivalent,1,2,
0022500399,1642364,J. Watkins,1610612764,WAS,4,PT09M23.00S,shootingFoul2,attemptEquivalent,2,2,
0022500399,1628436,L. Kornet,1610612759,SAS,4,PT07M38.00S,shootingFoul2,attemptEquivalent,2,2,
0022500399,203468,C. McCollum,1610612764,WAS,4,PT03M20.00S,shootingFoul2,attemptEquivalent,2,2,
0022500399,1630170,D. Vassell,1610612759,SAS,4,PT01M23.00S,bonus,attemptEquivalent,2,2,
0022500399,1628368,D. Fox,1610612759,SAS,4,PT01M06.00S,shootingFoul2,attemptEquivalent,2,2,
0022500401,1631099,K. Murray,1610612758,SAC,1,PT09M52.00S,shootingFoul2,attemptEquivalent,2,2,
0022500401,201942,D. DeRozan,1610612758,SAC,1,PT06M10.00S,shootingFoul2,attemptEquivalent,2,2,
0022500401,201142,K. Durant,1610612745,HOU,1,PT03M53.00S,shootingFoul2,attemptEquivalent,2,2,
0022500401,1631099,K. Murray,1610612758,SAC,1,PT02M47.00S,shootingFoul3,attemptEquivalent,3,3,
0022500401,1631106,T. Eason,1610612745,HOU,1,PT02M04.00S,shootingFoul2,attemptEquivalent,1,2,
0022500401,1630173,P. Achiuwa,1610612758,SAC,2,PT08M49.00S,shootingFoul2,attemptEquivalent,1,2,
0022500401,1630578,A. Sengun,1610612745,HOU,2,PT07M58.00S,andOne,addOn,0,1,214
0022500401,1641708,A. Thompson,1610612745,HOU,2,PT05M09.00S,shootingFoul2,attemptEquivalent,2,2,
0022500401,201942,D. DeRozan,1610612758,SAC,2,PT04M59.00S,shootingFoul2,attemptEquivalent,2,2,
0022500401,1630578,A. Sengun,1610612745,HOU,2,PT01M37.00S,shootingFoul2,attemptEquivalent,2,2,
0022500401,201566,R. Westbrook,1610612758,SAC,2,PT00M55.90S,shootingFoul2,attemptEquivalent,0,2,
0022500401,1642263,R. Sheppard,1610612745,HOU,2,PT00M00.90S,shootingFoul3,attemptEquivalent,3,3,
0022500401,201142,K. Durant,1610612745,HOU,3,PT11M45.00S,shootingFoul2,attemptEquivalent,1,2,
0022500401,1630173,P. Achiuwa,1610612758,SAC,3,PT11M09.00S,shootingFoul2,attemptEquivalent,1,2,
0022500401,1630173,P. Achiuwa,1610612758,SAC,3,PT10M29.00S,shootingFoul2,attemptEquivalent,1,2,
0022500401,201942,D. DeRozan,1610612758,SAC,3,PT09M23.00S,andOne,addOn,0,1,385
0022500401,1630173,P. Achiuwa,1610612758,SAC,3,PT08M33.00S,shootingFoul2,attemptEquivalent,0,2,
0022500401,203471,D. Schröder,1610612758,SAC,3,PT03M02.00S,shootingFoul2,attemptEquivalent,1,2,
0022500401,203471,D. Schröder,1610612758,SAC,3,PT02M20.00S,shootingFoul2,attemptEquivalent,2,2,
0022500401,1628370,M. Monk,1610612758,SAC,3,PT02M03.00S,shootingFoul2,attemptEquivalent,0,2,
0022500401,1642363,N. Clifford,1610612758,SAC,4,PT11M24.00S,shootingFoul2,attemptEquivalent,2,2,
0022500401,203471,D. Schröder,1610612758,SAC,4,PT10M13.00S,shootingFoul2,attemptEquivalent,2,2,
0022500401,1630578,A. Sengun,1610612745,HOU,4,PT07M18.00S,shootingFoul2,attemptEquivalent,1,2,
0022500401,1630578,A. Sengun,1610612745,HOU,4,PT04M35.00S,andOne,addOn,1,1,625
0022500401,201142,K. Durant,1610612745,HOU,4,PT02M16.00S,bonus,attemptEquivalent,2,2,
0022500401,1641708,A. Thompson,1610612745,HOU,5,PT04M04.00S,shootingFoul2,attemptEquivalent,1,2,
0022500401,201942,D. DeRozan,1610612758,SAC,5,PT03M44.00S,shootingFoul2,attemptEquivalent,2,2,
0022500401,201942,D. DeRozan,1610612758,SAC,5,PT02M00.00S,shootingFoul2,attemptEquivalent,2,2,
0022500401,203471,D. Schröder,1610612758,SAC,5,PT00M55.10S,shootingFoul2,attemptEquivalent,2,2,
0022500401,1631095,J. Smith Jr.,1610612745,HOU,5,PT00M10.40S,shootingFoul3,attemptEquivalent,2,3,
0022500402,1628386,J. Allen,1610612739,CLE,1,PT11M20.00S,shootingFoul2,attemptEquivalent,2,2,
0022500402,203486,M. Plumlee,1610612766,CHA,1,PT10M08.00S,andOne,addOn,1,1,22
0022500402,1629636,D. Garland,1610612739,CLE,1,PT10M01.00S,shootingFoul2,attemptEquivalent,2,2,
0022500402,1628970,M. Bridges,1610612766,CHA,1,PT09M45.00S,shootingFoul2,attemptEquivalent,1,2,
0022500402,1628378,D. Mitchell,1610612739,CLE,1,PT07M53.00S,shootingFoul2,attemptEquivalent,2,2,
0022500402,1642883,S. James,1610612766,CHA,1,PT05M02.00S,shootingFoul2,attemptEquivalent,1,2,
0022500402,1630182,J. Green,1610612766,CHA,1,PT01M45.00S,shootingFoul2,attemptEquivalent,1,2,
0022500402,1629631,D. Hunter,1610612739,CLE,1,PT01M37.00S,bonus,attemptEquivalent,2,2,
0022500402,1631217,M. Diabaté,1610612766,CHA,2,PT03M29.00S,awayFromPlay,addOn,1,1,
0022500402,1630163,L. Ball,1610612766,CHA,2,PT00M07.50S,andOne,addOn,1,1,343
0022500402,1628378,D. Mitchell,1610612739,CLE,3,PT11M39.00S,andOne,addOn,1,1,376
0022500402,1631217,M. Diabaté,1610612766,CHA,3,PT09M55.00S,awayFromPlay,addOn,0,1,
0022500402,1641706,B. Miller,1610612766,CHA,3,PT09M31.00S,andOne,addOn,1,1,426
0022500402,1642851,K. Knueppel,1610612766,CHA,3,PT07M27.00S,shootingFoul2,attemptEquivalent,2,2,
0022500402,1642883,S. James,1610612766,CHA,3,PT05M59.00S,shootingFoul2,attemptEquivalent,2,2,
0022500402,1641706,B. Miller,1610612766,CHA,3,PT04M57.00S,bonus,attemptEquivalent,1,2,
0022500402,1629631,D. Hunter,1610612739,CLE,3,PT03M12.00S,flagrant,addOn,2,2,
0022500402,1628378,D. Mitchell,1610612739,CLE,4,PT11M47.00S,andOne,addOn,1,1,575
0022500402,1629631,D. Hunter,1610612739,CLE,4,PT11M13.00S,andOne,addOn,1,1,583
0022500402,1628970,M. Bridges,1610612766,CHA,4,PT10M32.00S,shootingFoul2,attemptEquivalent,1,2,
0022500402,1628970,M. Bridges,1610612766,CHA,4,PT08M52.00S,andOne,addOn,1,1,618
0022500402,1628386,J. Allen,1610612739,CLE,4,PT08M39.00S,shootingFoul2,attemptEquivalent,2,2,
0022500402,1628970,M. Bridges,1610612766,CHA,4,PT06M36.00S,shootingFoul2,attemptEquivalent,2,2,
0022500402,1629731,D. Wade,1610612739,CLE,4,PT05M55.00S,shootingFoul2,attemptEquivalent,2,2,
0022500402,1629636,D. Garland,1610612739,CLE,4,PT02M55.00S,bonus,attemptEquivalent,2,2,
0022500402,1642862,L. McNeeley,1610612766,CHA,4,PT00M10.30S,shootingFoul2,attemptEquivalent,2,2,
0022500405,1627750,J. Murray,1610612743,DEN,1,PT04M42.00S,shootingFoul2,attemptEquivalent,1,2,
0022500405,1628374,L. Markkanen,1610612762,UTA,1,PT03M28.00S,andOne,addOn,1,1,119
0022500405,203994,J. Nurkić,1610612762,UTA,2,PT09M47.00S,shootingFoul2,attemptEquivalent,1,2,
0022500405,1642846,A. Bailey,1610612762,UTA,2,PT05M33.00S,shootingFoul2,attemptEquivalent,1,2,
0022500405,203994,J. Nurkić,1610612762,UTA,2,PT04M39.00S,shootingFoul2,attemptEquivalent,1,2,
0022500405,1641718,K. George,1610612762,UTA,2,PT02M52.00S,shootingFoul2,attemptEquivalent,2,2,
0022500405,1631212,P. Watson,1610612743,DEN,2,PT01M12.00S,shootingFoul2,attemptEquivalent,2,2,
0022500405,1628374,L. Markkanen,1610612762,UTA,2,PT01M06.00S,bonus,attemptEquivalent,2,2,
0022500405,203999,N. Jokić,1610612743,DEN,2,PT00M00.30S,shootingFoul2,attemptEquivalent,1,2,
0022500405,203994,J. Nurkić,1610612762,UTA,3,PT10M37.00S,andOne,addOn,1,1,344
0022500405,1627750,J. Murray,1610612743,DEN,3,PT10M08.00S,shootingFoul2,attemptEquivalent,2,2,
0022500405,1642461,S. Jones,1610612743,DEN,3,PT09M05.00S,shootingFoul2,attemptEquivalent,0,2,
0022500405,203999,N. Jokić,1610612743,DEN,3,PT08M00.00S,bonus,attemptEquivalent,2,2,
0022500405,1642461,S. Jones,1610612743,DEN,3,PT05M37.00S,shootingFoul2,attemptEquivalent,1,2,
0022500405,1631212,P. Watson,1610612743,DEN,3,PT05M00.00S,shootingFoul2,attemptEquivalent,1,2,
0022500405,1628374,L. Markkanen,1610612762,UTA,3,PT04M08.00S,shootingFoul2,attemptEquivalent,2,2,
0022500405,1627750,J. Murray,1610612743,DEN,3,PT03M32.00S,shootingFoul2,attemptEquivalent,2,2,
0022500405,1641729,B. Sensabaugh,1610612762,UTA,3,PT00M25.70S,andOne,addOn,1,1,496
0022500405,1641729,B. Sensabaugh,1610612762,UTA,4,PT10M43.00S,shootingFoul2,attemptEquivalent,2,2,
0022500405,1641718,K. George,1610612762,UTA,4,PT08M41.00S,shootingFoul2,attemptEquivalent,2,2,
0022500405,203501,T. Hardaway Jr.,1610612743,DEN,4,PT08M32.00S,shootingFoul3,attemptEquivalent,3,3,
0022500405,1629661,C. Johnson,1610612743,DEN,4,PT08M18.00S,shootingFoul2,attemptEquivalent,2,2,
0022500405,202685,J. Valančiūnas,1610612743,DEN,4,PT03M09.00S,bonus,attemptEquivalent,2,2,
0022500406,1628991,J. Jackson Jr.,1610612763,MEM,1,PT07M37.00S,shootingFoul2,attemptEquivalent,1,2,
0022500406,1642377,J. Wells,1610612763,MEM,1,PT05M26.00S,shootingFoul2,attemptEquivalent,2,2,
0022500406,203484,K. Caldwell-Pope,1610612763,MEM,1,PT04M12.00S,shootingFoul2,attemptEquivalent,1,2,
0022500406,1628983,S. Gilgeous-Alexander,1610612760,OKC,1,PT01M23.00S,shootingFoul2,attemptEquivalent,2,2,
0022500406,1630198,I. Joe,1610612760,OKC,1,PT00M44.70S,bonus,attemptEquivalent,2,2,
0022500406,1642349,A. Mitchell,1610612760,OKC,1,PT00M35.70S,bonus,attemptEquivalent,1,2,
0022500406,1628991,J. Jackson Jr.,1610612763,MEM,1,PT00M22.20S,shootingFoul3,attemptEquivalent,2,3,
0022500406,1631114,J. Williams,1610612760,OKC,2,PT10M30.00S,shootingFoul2,attemptEquivalent,2,2,
0022500406,1628983,S. Gilgeous-Alexander,1610612760,OKC,2,PT04M37.00S,shootingFoul2,attemptEquivalent,2,2,
0022500406,1631114,J. Williams,1610612760,OKC,2,PT01M24.00S,shootingFoul2,attemptEquivalent,1,2,
0022500406,1628991,J. Jackson Jr.,1610612763,MEM,3,PT10M53.00S,shootingFoul2,attemptEquivalent,2,2,
0022500406,1629111,J. Landale,1610612763,MEM,3,PT07M25.00S,shootingFoul2,attemptEquivalent,1,2,
0022500406,1628983,S. Gilgeous-Alexander,1610612760,OKC,3,PT05M44.00S,shootingFoul2,attemptEquivalent,2,2,
0022500406,1642907,C. Coward,1610612763,MEM,4,PT09M56.00S,shootingFoul2,attemptEquivalent,0,2,
0022500406,1642907,C. Coward,1610612763,MEM,4,PT08M55.00S,shootingFoul2,attemptEquivalent,2,2,
0022500406,1642907,C. Coward,1610612763,MEM,4,PT08M36.00S,shootingFoul2,attemptEquivalent,2,2,
0022500406,1628991,J. Jackson Jr.,1610612763,MEM,4,PT07M57.00S,awayFromPlay,addOn,1,1,
0022500406,1642285,C. Spencer,1610612763,MEM,4,PT06M29.00S,shootingFoul3,attemptEquivalent,3,3,
0022500409,1641731,B. Coulibaly,1610612764,WAS,1,PT09M51.00S,shootingFoul2,attemptEquivalent,1,2,
0022500409,1642851,K. Knueppel,1610612766,CHA,1,PT08M45.00S,shootingFoul2,attemptEquivalent,0,2,
0022500409,1630163,L. Ball,1610612766,CHA,1,PT07M05.00S,flagrant,addOn,1,2,
0022500409,203468,C. McCollum,1610612764,WAS,1,PT06M43.00S,andOne,addOn,1,1,83
0022500409,1642259,A. Sarr,1610612764,WAS,1,PT05M33.00S,shootingFoul2,attemptEquivalent,1,2,
0022500409,1628963,M. Bagley III,1610612764,WAS,1,PT04M09.00S,bonus,attemptEquivalent,2,2,
0022500409,1642883,S. James,1610612766,CHA,1,PT03M04.00S,shootingFoul2,attemptEquivalent,2,2,
0022500409,1628963,M. Bagley III,1610612764,WAS,1,PT00M53.80S,andOne,addOn,1,1,181
0022500409,1630163,L. Ball,1610612766,CHA,2,PT10M12.00S,shootingFoul2,attemptEquivalent,2,2,
0022500409,1628963,M. Bagley III,1610612764,WAS,2,PT09M29.00S,shootingFoul2,attemptEquivalent,1,2,
0022500409,1629012,C. Sexton,1610612766,CHA,2,PT08M07.00S,shootingFoul2,attemptEquivalent,2,2,
0022500409,1642883,S. James,1610612766,CHA,2,PT05M59.00S,shootingFoul2,attemptEquivalent,2,2,
0022500409,203468,C. McCollum,1610612764,WAS,2,PT03M21.00S,shootingFoul2,attemptEquivalent,1,2,
0022500409,1642259,A. Sarr,1610612764,WAS,2,PT02M12.00S,shootingFoul2,attemptEquivalent,2,2,
0022500409,1642883,S. James,1610612766,CHA,2,PT00M59.40S,bonus,attemptEquivalent,2,2,
0022500409,1642275,T. Salaün,1610612766,CHA,2,PT00M31.10S,andOne,addOn,1,1,375
0022500409,1630163,L. Ball,1610612766,CHA,3,PT10M09.00S,shootingFoul2,attemptEquivalent,2,2,
0022500409,203114,K. Middleton,1610612764,WAS,3,PT05M56.00S,shootingFoul2,attemptEquivalent,2,2,
0022500409,1630557,C. Kispert,1610612764,WAS,3,PT03M01.00S,shootingFoul2,attemptEquivalent,2,2,
0022500409,1629012,C. Sexton,1610612766,CHA,3,PT02M44.00S,shootingFoul2,attemptEquivalent,2,2,
0022500409,1642275,T. Salaün,1610612766,CHA,3,PT01M07.00S,shootingFoul2,attemptEquivalent,1,2,
0022500409,1628963,M. Bagley III,1610612764,WAS,3,PT00M54.10S,andOne,addOn,1,1,524
0022500409,1629012,C. Sexton,1610612766,CHA,3,PT00M20.70S,shootingFoul2,attemptEquivalent,2,2,
0022500409,1628970,M. Bridges,1610612766,CHA,4,PT07M15.00S,shootingFoul2,attemptEquivalent,1,2,
0022500409,203114,K. Middleton,1610612764,WAS,4,PT06M27.00S,shootingFoul3,attemptEquivalent,3,3,
0022500409,1642883,S. James,1610612766,CHA,4,PT00M44.80S,shootingFoul2,attemptEquivalent,2,2,
0022500412,1642852,D. Queen,1610612740,NOP,1,PT00M49.20S,shootingFoul2,attemptEquivalent,2,2,
0022500412,1641854,C. Porter Jr.,1610612739,CLE,2,PT11M13.00S,shootingFoul2,attemptEquivalent,2,2,
0022500412,1631121,B. McGowens,1610612740,NOP,2,PT10M15.00S,shootingFoul2,attemptEquivalent,1,2,
0022500412,1628418,T. Bryant,1610612739,CLE,2,PT09M28.00S,andOne,addOn,1,1,197
0022500412,1629627,Z. Williamson,1610612740,NOP,2,PT09M20.00S,andOne,addOn,1,1,201
0022500412,1642847,J. Fears,1610612740,NOP,2,PT09M07.00S,shootingFoul2,attemptEquivalent,2,2,
0022500412,1642274,Y. Missi,1610612740,NOP,2,PT06M09.00S,andOne,addOn,1,1,255
0022500412,1642847,J. Fears,1610612740,NOP,2,PT04M50.00S,shootingFoul2,attemptEquivalent,2,2,
0022500412,1629627,Z. Williamson,1610612740,NOP,2,PT03M27.00S,andOne,addOn,1,1,302
0022500412,1628378,D. Mitchell,1610612739,CLE,2,PT03M04.00S,andOne,addOn,0,1,314
0022500412,1642847,J. Fears,1610612740,NOP,3,PT07M51.00S,andOne,addOn,0,1,392
0022500412,1628386,J. Allen,1610612739,CLE,3,PT06M06.00S,shootingFoul2,attemptEquivalent,1,2,
0022500412,1629627,Z. Williamson,1610612740,NOP,3,PT04M27.00S,shootingFoul2,attemptEquivalent,2,2,
0022500412,1629627,Z. Williamson,1610612740,NOP,3,PT04M02.00S,andOne,addOn,1,1,458
0022500412,1629627,Z. Williamson,1610612740,NOP,3,PT02M27.00S,bonus,attemptEquivalent,1,2,
0022500412,1642852,D. Queen,1610612740,NOP,3,PT00M38.40S,shootingFoul2,attemptEquivalent,2,2,
0022500412,1628378,D. Mitchell,1610612739,CLE,4,PT10M26.00S,shootingFoul3,attemptEquivalent,3,3,
0022500412,1629627,Z. Williamson,1610612740,NOP,4,PT08M44.00S,shootingFoul2,attemptEquivalent,2,2,
0022500412,1642852,D. Queen,1610612740,NOP,4,PT07M47.00S,shootingFoul2,attemptEquivalent,1,2,
0022500412,1630241,S. Merrill,1610612739,CLE,4,PT04M37.00S,shootingFoul2,attemptEquivalent,2,2,
0022500412,1641722,J. Hawkins,1610612740,NOP,4,PT01M05.00S,shootingFoul2,attemptEquivalent,2,2,
0022500417,1628983,S. Gilgeous-Alexander,1610612760,OKC,1,PT10M24.00S,andOne,addOn,1,1,23
0022500417,1628368,D. Fox,1610612759,SAS,1,PT09M23.00S,shootingFoul2,attemptEquivalent,0,2,
0022500417,1630198,I. Joe,1610612760,OKC,2,PT06M43.00S,shootingFoul2,attemptEquivalent,2,2,
0022500417,1642264,S. Castle,1610612759,SAS,2,PT05M31.00S,shootingFoul2,attemptEquivalent,2,2,
0022500417,1641705,V. Wembanyama,1610612759,SAS,2,PT03M36.00S,shootingFoul2,attemptEquivalent,1,2,
0022500417,203084,H. Barnes,1610612759,SAS,2,PT02M40.00S,shootingFoul2,attemptEquivalent,2,2,
0022500417,1628983,S. Gilgeous-Alexander,1610612760,OKC,2,PT01M40.00S,shootingFoul2,attemptEquivalent,1,2,
0022500417,1628368,D. Fox,1610612759,SAS,2,PT00M19.20S,shootingFoul2,attemptEquivalent,0,2,
0022500417,1642264,S. Castle,1610612759,SAS,3,PT10M22.00S,shootingFoul2,attemptEquivalent,2,2,
0022500417,203084,H. Barnes,1610612759,SAS,3,PT08M27.00S,shootingFoul2,attemptEquivalent,2,2,
0022500417,1630170,D. Vassell,1610612759,SAS,3,PT07M49.00S,shootingFoul2,attemptEquivalent,2,2,
0022500417,1642264,S. Castle,1610612759,SAS,4,PT10M42.00S,shootingFoul2,attemptEquivalent,2,2,
0022500417,203084,H. Barnes,1610612759,SAS,4,PT09M41.00S,shootingFoul2,attemptEquivalent,2,2,
0022500417,1628983,S. Gilgeous-Alexander,1610612760,OKC,4,PT06M46.00S,shootingFoul2,attemptEquivalent,2,2,
0022500417,1628436,L. Kornet,1610612759,SAS,4,PT04M15.00S,bonus,attemptEquivalent,2,2,
0022500417,203482,K. Olynyk,1610612759,SAS,4,PT01M23.00S,shootingFoul2,attemptEquivalent,1,2,
0022500419,1641718,K. George,1610612762,UTA,1,PT05M04.00S,shootingFoul2,attemptEquivalent,1,2,
0022500419,1629111,J. Landale,1610612763,MEM,1,PT04M45.00S,shootingFoul2,attemptEquivalent,0,2,
0022500419,1629111,J. Landale,1610612763,MEM,1,PT04M42.00S,shootingFoul2,attemptEquivalent,1,2,
0022500419,203484,K. Caldwell-Pope,1610612763,MEM,1,PT03M15.00S,shootingFoul2,attemptEquivalent,2,2,
0022500419,1641718,K. George,1610612762,UTA,1,PT03M04.00S,shootingFoul2,attemptEquivalent,2,2,
0022500419,1641707,T. Hendricks,1610612762,UTA,1,PT02M36.00S,andOne,addOn,1,1,136
0022500419,1641765,O. Prosper,1610612763,MEM,1,PT01M11.00S,shootingFoul2,attemptEquivalent,2,2,
0022500419,1641707,T. Hendricks,1610612762,UTA,1,PT00M44.10S,bonus,attemptEquivalent,2,2,
0022500419,1642271,K. Filipowski,1610612762,UTA,2,PT08M35.00S,shootingFoul2,attemptEquivalent,0,2,
0022500419,1629111,J. Landale,1610612763,MEM,2,PT08M17.00S,andOne,addOn,1,1,240
0022500419,1641713,G. Jackson,1610612763,MEM,2,PT07M55.00S,shootingFoul2,attemptEquivalent,2,2,
0022500419,1642383,W. Clayton Jr.,1610612762,UTA,2,PT07M36.00S,shootingFoul2,attemptEquivalent,2,2,
0022500419,1642271,K. Filipowski,1610612762,UTA,2,PT06M26.00S,shootingFoul2,attemptEquivalent,1,2,
0022500419,1642383,W. Clayton Jr.,1610612762,UTA,2,PT05M58.00S,shootingFoul2,attemptEquivalent,2,2,
0022500419,1642271,K. Filipowski,1610612762,UTA,2,PT03M15.00S,bonus,attemptEquivalent,2,2,
0022500419,1641718,K. George,1610612762,UTA,2,PT01M25.00S,andOne,addOn,1,1,343
0022500419,1629004,S. Mykhailiuk,1610612762,UTA,2,PT01M01.00S,shootingFoul2,attemptEquivalent,2,2,
0022500419,1629004,S. Mykhailiuk,1610612762,UTA,3,PT07M26.00S,shootingFoul2,attemptEquivalent,2,2,
0022500419,1642377,J. Wells,1610612763,MEM,3,PT05M59.00S,shootingFoul2,attemptEquivalent,2,2,
0022500419,1641718,K. George,1610612762,UTA,3,PT04M03.00S,shootingFoul2,attemptEquivalent,2,2,
0022500419,1630583,S. Aldama,1610612763,MEM,3,PT02M01.00S,shootingFoul2,attemptEquivalent,1,2,
0022500419,1630583,S. Aldama,1610612763,MEM,3,PT01M06.00S,shootingFoul2,attemptEquivalent,2,2,
0022500419,1642268,I. Collier,1610612762,UTA,4,PT10M27.00S,andOne,addOn,1,1,559
0022500419,203484,K. Caldwell-Pope,1610612763,MEM,4,PT09M06.00S,shootingFoul2,attemptEquivalent,2,2,
0022500419,1641707,T. Hendricks,1610612762,UTA,4,PT08M49.00S,shootingFoul2,attemptEquivalent,2,2,
0022500419,1629111,J. Landale,1610612763,MEM,4,PT08M06.00S,andOne,addOn,1,1,600
0022500419,1629111,J. Landale,1610612763,MEM,4,PT06M17.00S,bonus,attemptEquivalent,1,2,
0022500419,1642383,W. Clayton Jr.,1610612762,UTA,4,PT06M09.00S,shootingFoul2,attemptEquivalent,2,2,
0022500419,1642383,W. Clayton Jr.,1610612762,UTA,4,PT03M58.00S,shootingFoul2,attemptEquivalent,2,2,
0022500419,1628991,J. Jackson Jr.,1610612763,MEM,4,PT03M45.00S,bonus,attemptEquivalent,1,2,
0022500419,1641718,K. George,1610612762,UTA,4,PT03M40.00S,shootingFoul2,attemptEquivalent,2,2,
0022500419,1630583,S. Aldama,1610612763,MEM,4,PT01M47.00S,flagrant,addOn,1,3,
0022500419,1642271,K. Filipowski,1610612762,UTA,4,PT01M29.00S,shootingFoul2,attemptEquivalent,2,2,
0022500419,1642285,C. Spencer,1610612763,MEM,4,PT00M21.40S,bonus,attemptEquivalent,1,2,
0022500421,201942,D. DeRozan,1610612758,SAC,1,PT06M24.00S,shootingFoul2,attemptEquivalent,2,2,
0022500421,1642928,D. Cardwell,1610612758,SAC,1,PT05M14.00S,shootingFoul2,attemptEquivalent,2,2,
0022500421,1630191,I. Stewart,1610612765,DET,1,PT03M56.00S,andOne,addOn,1,1,112
0022500421,1642928,D. Cardwell,1610612758,SAC,1,PT00M26.20S,bonus,attemptEquivalent,2,2,
0022500421,201942,D. DeRozan,1610612758,SAC,2,PT11M00.00S,shootingFoul2,attemptEquivalent,2,2,
0022500421,203471,D. Schröder,1610612758,SAC,2,PT09M24.00S,shootingFoul2,attemptEquivalent,2,2,
0022500421,1630191,I. Stewart,1610612765,DET,2,PT08M22.00S,andOne,addOn,1,1,210
0022500421,201942,D. DeRozan,1610612758,SAC,2,PT07M58.00S,shootingFoul2,attemptEquivalent,2,2,
0022500421,201942,D. DeRozan,1610612758,SAC,2,PT06M39.00S,andOne,addOn,1,1,249
0022500421,1641709,A. Thompson,1610612765,DET,2,PT03M49.00S,bonus,attemptEquivalent,2,2,
0022500421,1641709,A. Thompson,1610612765,DET,2,PT01M33.00S,shootingFoul2,attemptEquivalent,1,2,
0022500421,201566,R. Westbrook,1610612758,SAC,2,PT01M23.00S,shootingFoul2,attemptEquivalent,1,2,
0022500421,201566,R. Westbrook,1610612758,SAC,2,PT00M43.90S,andOne,addOn,1,1,340
0022500421,1631105,J. Duren,1610612765,DET,2,PT00M24.00S,bonus,attemptEquivalent,1,2,
0022500421,1642363,N. Clifford,1610612758,SAC,3,PT06M25.00S,shootingFoul2,attemptEquivalent,2,2,
0022500421,201942,D. DeRozan,1610612758,SAC,3,PT06M05.00S,shootingFoul2,attemptEquivalent,1,2,
0022500421,1631105,J. Duren,1610612765,DET,3,PT05M14.00S,shootingFoul2,attemptEquivalent,2,2,
0022500421,1642928,D. Cardwell,1610612758,SAC,3,PT02M23.00S,awayFromPlay,addOn,1,1,
0022500421,203471,D. Schröder,1610612758,SAC,3,PT01M45.00S,shootingFoul2,attemptEquivalent,2,2,
0022500421,202699,T. Harris,1610612765,DET,3,PT01M05.00S,andOne,addOn,1,1,515
0022500421,203471,D. Schröder,1610612758,SAC,3,PT00M45.90S,bonus,attemptEquivalent,2,2,
0022500421,1628370,M. Monk,1610612758,SAC,3,PT00M15.90S,shootingFoul2,attemptEquivalent,1,2,
0022500421,1630595,C. Cunningham,1610612765,DET,4,PT11M47.00S,andOne,addOn,1,1,570
0022500421,1641709,A. Thompson,1610612765,DET,4,PT07M10.00S,shootingFoul2,attemptEquivalent,2,2,
0022500421,201566,R. Westbrook,1610612758,SAC,4,PT06M58.00S,shootingFoul2,attemptEquivalent,2,2,
0022500421,1641709,A. Thompson,1610612765,DET,4,PT05M20.00S,shootingFoul2,attemptEquivalent,0,2,
0022500421,201942,D. DeRozan,1610612758,SAC,4,PT05M09.00S,shootingFoul2,attemptEquivalent,1,2,
0022500421,201942,D. DeRozan,1610612758,SAC,4,PT03M10.00S,andOne,addOn,1,1,702
0022500421,1629750,J. Green,1610612765,DET,4,PT02M13.00S,bonus,attemptEquivalent,2,2,
0022500421,201566,R. Westbrook,1610612758,SAC,4,PT00M58.30S,bonus,attemptEquivalent,1,2,
0022500421,1641709,A. Thompson,1610612765,DET,4,PT00M53.70S,bonus,attemptEquivalent,2,2,
0022500421,1631105,J. Duren,1610612765,DET,4,PT00M46.20S,bonus,attemptEquivalent,0,2,
0022500421,1630595,C. Cunningham,1610612765,DET,4,PT00M33.20S,bonus,attemptEquivalent,1,2,
0022500421,1630595,C. Cunningham,1610612765,DET,4,PT00M25.30S,bonus,attemptEquivalent,2,2,
0022500425,1627742,B. Ingram,1610612761,TOR,1,PT09M00.00S,shootingFoul2,attemptEquivalent,2,2,
0022500425,1630193,I. Quickley,1610612761,TOR,1,PT05M50.00S,shootingFoul2,attemptEquivalent,2,2,
0022500425,1642860,W. Riley,1610612764,WAS,1,PT00M50.90S,shootingFoul2,attemptEquivalent,2,2,
0022500425,1642273,K. George,1610612764,WAS,2,PT08M37.00S,shootingFoul2,attemptEquivalent,1,2,
0022500425,1627742,B. Ingram,1610612761,TOR,2,PT07M25.00S,andOne,addOn,0,1,212
0022500425,1627742,B. Ingram,1610612761,TOR,2,PT06M04.00S,shootingFoul2,attemptEquivalent,1,2,
0022500425,203468,C. McCollum,1610612764,WAS,2,PT02M04.00S,andOne,addOn,1,1,287
0022500425,203468,C. McCollum,1610612764,WAS,2,PT00M18.90S,andOne,addOn,1,1,306
0022500425,1630193,I. Quickley,1610612761,TOR,3,PT11M01.00S,shootingFoul2,attemptEquivalent,2,2,
0022500425,1627742,B. Ingram,1610612761,TOR,3,PT10M36.00S,shootingFoul2,attemptEquivalent,2,2,
0022500425,1641731,B. Coulibaly,1610612764,WAS,3,PT08M16.00S,shootingFoul2,attemptEquivalent,2,2,
0022500425,1641731,B. Coulibaly,1610612764,WAS,3,PT06M07.00S,shootingFoul2,attemptEquivalent,1,2,
0022500425,1630193,I. Quickley,1610612761,TOR,3,PT05M23.00S,transitionTake,addOn,1,1,
0022500425,1627742,B. Ingram,1610612761,TOR,3,PT03M17.00S,shootingFoul2,attemptEquivalent,2,2,
0022500425,1630567,S. Barnes,1610612761,TOR,3,PT02M20.00S,bonus,attemptEquivalent,2,2,
0022500425,1642848,T. Johnson,1610612764,WAS,3,PT00M59.60S,bonus,attemptEquivalent,2,2,
0022500425,1642266,J. Walter,1610612761,TOR,3,PT00M48.60S,shootingFoul2,attemptEquivalent,2,2,
0022500425,1642266,J. Walter,1610612761,TOR,3,PT00M18.30S,andOne,addOn,1,1,495
0022500425,1642267,B. Carrington,1610612764,WAS,3,PT00M00.70S,shootingFoul2,attemptEquivalent,1,2,
0022500425,1642848,T. Johnson,1610612764,WAS,4,PT11M22.00S,shootingFoul2,attemptEquivalent,2,2,
0022500425,1630193,I. Quickley,1610612761,TOR,4,PT09M13.00S,shootingFoul2,attemptEquivalent,2,2,
0022500425,1627742,B. Ingram,1610612761,TOR,4,PT05M37.00S,andOne,addOn,1,1,595
0022500425,1641731,B. Coulibaly,1610612764,WAS,4,PT05M00.00S,andOne,addOn,1,1,608
0022500425,1630193,I. Quickley,1610612761,TOR,4,PT04M52.00S,shootingFoul2,attemptEquivalent,2,2,
0022500425,1630639,A. Lawson,1610612761,TOR,4,PT03M12.00S,bonus,attemptEquivalent,2,2,
0022500430,1641709,A. Thompson,1610612765,DET,1,PT11M28.00S,shootingFoul2,attemptEquivalent,1,2,
0022500430,1628374,L. Markkanen,1610612762,UTA,1,PT10M04.00S,andOne,addOn,1,1,25
0022500430,1628374,L. Markkanen,1610612762,UTA,1,PT09M15.00S,shootingFoul2,attemptEquivalent,2,2,
0022500430,1628374,L. Markkanen,1610612762,UTA,1,PT05M43.00S,shootingFoul2,attemptEquivalent,2,2,
0022500430,1641709,A. Thompson,1610612765,DET,2,PT09M28.00S,shootingFoul2,attemptEquivalent,1,2,
0022500430,203994,J. Nurkić,1610612762,UTA,2,PT01M39.00S,andOne,addOn,1,1,328
0022500430,1630595,C. Cunningham,1610612765,DET,2,PT00M34.30S,andOne,addOn,0,1,345
0022500430,1641729,B. Sensabaugh,1610612762,UTA,3,PT08M20.00S,shootingFoul2,attemptEquivalent,2,2,
0022500430,203994,J. Nurkić,1610612762,UTA,3,PT08M09.00S,bonus,attemptEquivalent,2,2,
0022500430,1630595,C. Cunningham,1610612765,DET,3,PT07M53.00S,shootingFoul2,attemptEquivalent,1,2,
0022500430,1628374,L. Markkanen,1610612762,UTA,3,PT07M35.00S,shootingFoul3,attemptEquivalent,3,3,
0022500430,1631093,J. Ivey,1610612765,DET,3,PT06M33.00S,shootingFoul2,attemptEquivalent,0,2,
0022500430,1628374,L. Markkanen,1610612762,UTA,3,PT06M13.00S,shootingFoul2,attemptEquivalent,2,2,
0022500430,1641718,K. George,1610612762,UTA,3,PT04M00.00S,bonus,attemptEquivalent,2,2,
0022500430,1641729,B. Sensabaugh,1610612762,UTA,3,PT03M06.00S,bonus,attemptEquivalent,1,2,
0022500430,201567,K. Love,1610612762,UTA,3,PT02M34.00S,shootingFoul3,attemptEquivalent,3,3,
0022500430,202699,T. Harris,1610612765,DET,3,PT01M21.00S,shootingFoul2,attemptEquivalent,2,2,
0022500430,201567,K. Love,1610612762,UTA,3,PT00M29.20S,bonus,attemptEquivalent,2,2,
0022500430,202699,T. Harris,1610612765,DET,4,PT11M30.00S,andOne,addOn,1,1,592
0022500430,1641842,R. Holland II,1610612765,DET,4,PT10M53.00S,shootingFoul2,attemptEquivalent,1,2,
0022500430,1630595,C. Cunningham,1610612765,DET,4,PT09M50.00S,shootingFoul2,attemptEquivalent,2,2,
0022500430,1642268,I. Collier,1610612762,UTA,4,PT08M24.00S,shootingFoul2,attemptEquivalent,2,2,
0022500430,1631105,J. Duren,1610612765,DET,4,PT06M25.00S,andOne,addOn,1,1,652
0022500430,1630595,C. Cunningham,1610612765,DET,4,PT03M53.00S,shootingFoul2,attemptEquivalent,1,2,
0022500430,1641842,R. Holland II,1610612765,DET,4,PT03M23.00S,shootingFoul2,attemptEquivalent,2,2,
0022500430,1630595,C. Cunningham,1610612765,DET,4,PT00M18.10S,shootingFoul2,attemptEquivalent,2,2,
0022500432,1630173,P. Achiuwa,1610612758,SAC,1,PT06M27.00S,shootingFoul2,attemptEquivalent,1,2,
0022500432,1630230,N. Marshall,1610612742,DAL,2,PT05M57.00S,shootingFoul2,attemptEquivalent,2,2,
0022500432,1630230,N. Marshall,1610612742,DAL,2,PT02M05.00S,shootingFoul2,attemptEquivalent,0,2,
0022500432,1642843,C. Flagg,1610612742,DAL,2,PT00M51.40S,shootingFoul2,attemptEquivalent,2,2,
0022500432,1629023,P. Washington,1610612742,DAL,2,PT00M24.40S,andOne,addOn,1,1,317
0022500432,1642843,C. Flagg,1610612742,DAL,3,PT10M38.00S,shootingFoul2,attemptEquivalent,2,2,
0022500432,1631108,M. Christie,1610612742,DAL,3,PT07M16.00S,shootingFoul2,attemptEquivalent,1,2,
0022500432,1629023,P. Washington,1610612742,DAL,4,PT11M06.00S,shootingFoul2,attemptEquivalent,2,2,
0022500432,203471,D. Schröder,1610612758,SAC,4,PT07M47.00S,andOne,addOn,1,1,545
0022500432,1629655,D. Gafford,1610612742,DAL,4,PT07M32.00S,andOne,addOn,1,1,550
0022500432,1642363,N. Clifford,1610612758,SAC,4,PT06M33.00S,shootingFoul2,attemptEquivalent,1,2,
0022500432,1642843,C. Flagg,1610612742,DAL,4,PT05M26.00S,shootingFoul2,attemptEquivalent,2,2,
0022500432,203939,D. Powell,1610612742,DAL,4,PT04M01.00S,shootingFoul2,attemptEquivalent,0,2,
0022500432,201942,D. DeRozan,1610612758,SAC,4,PT03M01.00S,andOne,addOn,1,1,627
0022500432,203939,D. Powell,1610612742,DAL,4,PT00M11.40S,shootingFoul2,attemptEquivalent,1,2,
0022500432,201942,D. DeRozan,1610612758,SAC,4,PT00M09.00S,bonus,attemptEquivalent,2,2,
0022500438,203500,S. Adams,1610612745,HOU,1,PT11M09.00S,shootingFoul2,attemptEquivalent,2,2,
0022500438,203500,S. Adams,1610612745,HOU,1,PT09M01.00S,shootingFoul2,attemptEquivalent,0,2,
0022500438,201142,K. Durant,1610612745,HOU,1,PT08M38.00S,shootingFoul2,attemptEquivalent,1,2,
0022500438,203500,S. Adams,1610612745,HOU,1,PT05M36.00S,shootingFoul2,attemptEquivalent,1,2,
0022500438,201142,K. Durant,1610612745,HOU,1,PT04M36.00S,shootingFoul2,attemptEquivalent,2,2,
0022500438,1628366,L. Ball,1610612739,CLE,1,PT02M16.00S,shootingFoul2,attemptEquivalent,2,2,
0022500438,1642263,R. Sheppard,1610612745,HOU,1,PT01M44.00S,bonus,attemptEquivalent,2,2,
0022500438,1642281,J. Tyson,1610612739,CLE,2,PT09M05.00S,andOne,addOn,0,1,213
0022500438,201142,K. Durant,1610612745,HOU,2,PT01M18.00S,shootingFoul2,attemptEquivalent,2,2,
0022500438,1628378,D. Mitchell,1610612739,CLE,3,PT11M37.00S,andOne,addOn,0,1,332
0022500438,1631106,T. Eason,1610612745,HOU,3,PT09M50.00S,shootingFoul2,attemptEquivalent,1,2,
0022500438,1629631,D. Hunter,1610612739,CLE,3,PT01M14.00S,shootingFoul2,attemptEquivalent,2,2,
0022500438,1642263,R. Sheppard,1610612745,HOU,4,PT09M53.00S,shootingFoul2,attemptEquivalent,2,2,
0022500438,1630241,S. Merrill,1610612739,CLE,4,PT09M12.00S,andOne,addOn,0,1,544
0022500438,1642281,J. Tyson,1610612739,CLE,4,PT06M54.00S,andOne,addOn,1,1,584
0022500438,1642281,J. Tyson,1610612739,CLE,4,PT05M07.00S,awayFromPlay,addOn,1,1,
0022500438,1628418,T. Bryant,1610612739,CLE,4,PT03M39.00S,shootingFoul2,attemptEquivalent,1,2,
0022500438,1631120,J. Davison,1610612745,HOU,4,PT02M04.00S,shootingFoul2,attemptEquivalent,1,2,
0022500440,1642264,S. Castle,1610612759,SAS,1,PT08M46.00S,andOne,addOn,1,1,32
0022500440,1642271,K. Filipowski,1610612762,UTA,1,PT04M50.00S,shootingFoul2,attemptEquivalent,2,2,
0022500440,1628436,L. Kornet,1610612759,SAS,1,PT04M39.00S,bonus,attemptEquivalent,2,2,
0022500440,203994,J. Nurkić,1610612762,UTA,2,PT08M24.00S,shootingFoul2,attemptEquivalent,2,2,
0022500440,1642262,C. Williams,1610612762,UTA,2,PT07M08.00S,andOne,addOn,0,1,224
0022500440,1642383,W. Clayton Jr.,1610612762,UTA,2,PT03M02.00S,andOne,addOn,1,1,282
0022500440,1641718,K. George,1610612762,UTA,2,PT02M42.00S,bonus,attemptEquivalent,2,2,
0022500440,1642383,W. Clayton Jr.,1610612762,UTA,2,PT01M15.00S,bonus,attemptEquivalent,2,2,
0022500440,1629640,K. Johnson,1610612759,SAS,2,PT00M01.20S,andOne,addOn,0,1,333
0022500440,1641718,K. George,1610612762,UTA,3,PT11M37.00S,shootingFoul3,attemptEquivalent,3,3,
0022500440,1641705,V. Wembanyama,1610612759,SAS,3,PT10M22.00S,shootingFoul2,attemptEquivalent,2,2,
0022500440,1630170,D. Vassell,1610612759,SAS,3,PT08M56.00S,shootingFoul2,attemptEquivalent,1,2,
0022500440,1641705,V. Wembanyama,1610612759,SAS,3,PT08M20.00S,shootingFoul2,attemptEquivalent,2,2,
0022500440,1628436,L. Kornet,1610612759,SAS,3,PT06M02.00S,bonus,attemptEquivalent,1,2,
0022500440,1642844,D. Harper,1610612759,SAS,3,PT05M17.00S,andOne,addOn,1,1,438
0022500440,1629640,K. Johnson,1610612759,SAS,3,PT03M00.00S,bonus,attemptEquivalent,2,2,
0022500440,1642268,I. Collier,1610612762,UTA,3,PT01M03.00S,andOne,addOn,0,1,504
0022500440,1641705,V. Wembanyama,1610612759,SAS,3,PT00M18.00S,andOne,addOn,1,1,518
0022500440,1641705,V. Wembanyama,1610612759,SAS,4,PT09M46.00S,shootingFoul2,attemptEquivalent,2,2,
0022500440,1641705,V. Wembanyama,1610612759,SAS,4,PT08M49.00S,andOne,addOn,1,1,568
0022500440,1641718,K. George,1610612762,UTA,4,PT07M33.00S,shootingFoul2,attemptEquivalent,2,2,
0022500440,1642264,S. Castle,1610612759,SAS,4,PT05M13.00S,shootingFoul2,attemptEquivalent,2,2,
0022500440,1641718,K. George,1610612762,UTA,4,PT02M00.00S,shootingFoul2,attemptEquivalent,2,2,
0022500440,1641718,K. George,1610612762,UTA,4,PT01M44.00S,bonus,attemptEquivalent,1,2,
0022500440,1641718,K. George,1610612762,UTA,4,PT01M32.00S,shootingFoul2,attemptEquivalent,1,2,
0022500440,1628374,L. Markkanen,1610612762,UTA,4,PT01M13.00S,bonus,attemptEquivalent,2,2,
0022500440,203994,J. Nurkić,1610612762,UTA,4,PT00M41.00S,shootingFoul2,attemptEquivalent,0,2,
0022500442,1630178,T. Maxey,1610612755,PHI,1,PT09M32.00S,shootingFoul2,attemptEquivalent,2,2,
0022500442,1628392,I. Hartenstein,1610612760,OKC,1,PT08M50.00S,andOne,addOn,1,1,30
0022500442,1628983,S. Gilgeous-Alexander,1610612760,OKC,1,PT04M34.00S,shootingFoul2,attemptEquivalent,2,2,
0022500442,1641737,A. Bona,1610612755,PHI,1,PT03M55.00S,shootingFoul2,attemptEquivalent,2,2,
0022500442,1631114,J. Williams,1610612760,OKC,2,PT11M41.00S,shootingFoul2,attemptEquivalent,2,2,
0022500442,1631114,J. Williams,1610612760,OKC,2,PT10M38.00S,shootingFoul2,attemptEquivalent,2,2,
0022500442,1630598,A. Wiggins,1610612760,OKC,2,PT10M17.00S,shootingFoul2,attemptEquivalent,1,2,
0022500442,1641737,A. Bona,1610612755,PHI,2,PT08M41.00S,shootingFoul2,attemptEquivalent,2,2,
0022500442,1631096,C. Holmgren,1610612760,OKC,2,PT06M40.00S,bonus,attemptEquivalent,1,2,
0022500442,1630178,T. Maxey,1610612755,PHI,2,PT03M41.00S,shootingFoul2,attemptEquivalent,2,2,
0022500442,1631114,J. Williams,1610612760,OKC,2,PT01M28.00S,shootingFoul2,attemptEquivalent,1,2,
0022500442,1630178,T. Maxey,1610612755,PHI,2,PT00M56.90S,shootingFoul2,attemptEquivalent,1,2,
0022500442,1628983,S. Gilgeous-Alexander,1610612760,OKC,3,PT09M18.00S,shootingFoul2,attemptEquivalent,2,2,
0022500442,1631114,J. Williams,1610612760,OKC,3,PT08M40.00S,andOne,addOn,1,1,363
0022500442,1628983,S. Gilgeous-Alexander,1610612760,OKC,3,PT01M53.00S,shootingFoul2,attemptEquivalent,2,2,
0022500442,1642845,V. Edgecombe,1610612755,PHI,3,PT01M22.00S,shootingFoul2,attemptEquivalent,1,2,
0022500442,1642845,V. Edgecombe,1610612755,PHI,3,PT01M01.00S,shootingFoul2,attemptEquivalent,1,2,
0022500442,1628983,S. Gilgeous-Alexander,1610612760,OKC,3,PT00M00.80S,shootingFoul3,attemptEquivalent,1,3,
0022500442,1631096,C. Holmgren,1610612760,OKC,4,PT11M21.00S,shootingFoul2,attemptEquivalent,2,2,
0022500442,1642349,A. Mitchell,1610612760,OKC,4,PT09M40.00S,shootingFoul2,attemptEquivalent,1,2,
0022500442,1641737,A. Bona,1610612755,PHI,4,PT07M05.00S,shootingFoul2,attemptEquivalent,1,2,
0022500442,1629656,Q. Grimes,1610612755,PHI,4,PT02M23.00S,bonus,attemptEquivalent,2,2,
0022500442,1629656,Q. Grimes,1610612755,PHI,4,PT01M09.00S,shootingFoul2,attemptEquivalent,2,2,
0022500443,1628991,J. Jackson Jr.,1610612763,MEM,1,PT10M14.00S,shootingFoul2,attemptEquivalent,2,2,
0022500443,1642267,B. Carrington,1610612764,WAS,1,PT00M20.80S,shootingFoul3,attemptEquivalent,2,3,
0022500443,1642907,C. Coward,1610612763,MEM,2,PT08M55.00S,shootingFoul2,attemptEquivalent,2,2,
0022500443,1641731,B. Coulibaly,1610612764,WAS,2,PT05M25.00S,andOne,addOn,1,1,292
0022500443,203468,C. McCollum,1610612764,WAS,2,PT04M19.00S,shootingFoul3,attemptEquivalent,3,3,
0022500443,1630583,S. Aldama,1610612763,MEM,2,PT01M24.00S,shootingFoul2,attemptEquivalent,2,2,
0022500443,203114,K. Middleton,1610612764,WAS,2,PT01M13.00S,shootingFoul3,attemptEquivalent,3,3,
0022500443,1629630,J. Morant,1610612763,MEM,2,PT00M31.10S,bonus,attemptEquivalent,2,2,
0022500443,1642907,C. Coward,1610612763,MEM,3,PT10M27.00S,andOne,addOn,1,1,405
0022500443,1628991,J. Jackson Jr.,1610612763,MEM,3,PT09M33.00S,shootingFoul2,attemptEquivalent,2,2,
0022500443,1642848,T. Johnson,1610612764,WAS,3,PT09M06.00S,shootingFoul2,attemptEquivalent,2,2,
0022500443,1641731,B. Coulibaly,1610612764,WAS,3,PT07M32.00S,andOne,addOn,1,1,460
0022500443,1642259,A. Sarr,1610612764,WAS,3,PT07M02.00S,andOne,addOn,1,1,473
0022500443,1642377,J. Wells,1610612763,MEM,3,PT04M25.00S,andOne,addOn,1,1,510
0022500443,1641713,G. Jackson,1610612763,MEM,3,PT03M23.00S,andOne,addOn,1,1,525
0022500443,1631103,M. Branham,1610612764,WAS,3,PT01M34.00S,shootingFoul2,attemptEquivalent,2,2,
0022500443,1628963,M. Bagley III,1610612764,WAS,3,PT01M07.00S,shootingFoul2,attemptEquivalent,2,2,
0022500443,1630551,J. Champagnie,1610612764,WAS,3,PT00M02.50S,shootingFoul2,attemptEquivalent,2,2,
0022500443,1628991,J. Jackson Jr.,1610612763,MEM,4,PT11M20.00S,shootingFoul2,attemptEquivalent,1,2,
0022500443,1630583,S. Aldama,1610612763,MEM,4,PT06M11.00S,shootingFoul2,attemptEquivalent,1,2,
0022500443,1628991,J. Jackson Jr.,1610612763,MEM,4,PT04M56.00S,andOne,addOn,0,1,687
0022500443,1628991,J. Jackson Jr.,1610612763,MEM,4,PT04M28.00S,shootingFoul2,attemptEquivalent,2,2,
0022500443,203468,C. McCollum,1610612764,WAS,4,PT02M35.00S,shootingFoul2,attemptEquivalent,2,2,
0022500443,1642377,J. Wells,1610612763,MEM,4,PT01M30.00S,awayFromPlay,addOn,0,1,
0022500443,203114,K. Middleton,1610612764,WAS,4,PT00M04.70S,bonus,attemptEquivalent,2,2,
0022500446,201942,D. DeRozan,1610612758,SAC,1,PT09M33.00S,shootingFoul2,attemptEquivalent,2,2,
0022500446,1629028,D. Ayton,1610612747,LAL,1,PT06M03.00S,shootingFoul2,attemptEquivalent,1,2,
0022500446,1629029,L. Dončić,1610612747,LAL,1,PT05M36.00S,shootingFoul2,attemptEquivalent,2,2,
0022500446,1629029,L. Dončić,1610612747,LAL,1,PT03M03.00S,shootingFoul2,attemptEquivalent,2,2,
0022500446,1631222,J. LaRavia,1610612747,LAL,1,PT02M17.00S,andOne,addOn,1,1,135
0022500446,1630173,P. Achiuwa,1610612758,SAC,1,PT02M02.00S,shootingFoul2,attemptEquivalent,1,2,
0022500446,203471,D. Schröder,1610612758,SAC,1,PT01M31.00S,bonus,attemptEquivalent,2,2,
0022500446,203471,D. Schröder,1610612758,SAC,2,PT09M45.00S,shootingFoul2,attemptEquivalent,1,2,
0022500446,1631222,J. LaRavia,1610612747,LAL,2,PT09M35.00S,andOne,addOn,1,1,184
0022500446,1642875,M. Raynaud,1610612758,SAC,2,PT07M50.00S,andOne,addOn,0,1,214
0022500446,1629029,L. Dončić,1610612747,LAL,2,PT05M59.00S,andOne,addOn,1,1,239
0022500446,1628467,M. Kleber,1610612747,LAL,2,PT03M31.00S,shootingFoul2,attemptEquivalent,2,2,
0022500446,1629029,L. Dončić,1610612747,LAL,2,PT03M00.00S,andOne,addOn,1,1,272
0022500446,1629029,L. Dončić,1610612747,LAL,2,PT00M56.00S,bonus,attemptEquivalent,1,2,
0022500446,201942,D. DeRozan,1610612758,SAC,3,PT10M16.00S,shootingFoul2,attemptEquivalent,2,2,
0022500446,1642928,D. Cardwell,1610612758,SAC,3,PT06M03.00S,shootingFoul2,attemptEquivalent,1,2,
0022500446,1642363,N. Clifford,1610612758,SAC,3,PT00M34.20S,shootingFoul2,attemptEquivalent,1,2,
0022500446,1631222,J. LaRavia,1610612747,LAL,4,PT11M07.00S,andOne,addOn,1,1,512
0022500446,203471,D. Schröder,1610612758,SAC,4,PT08M39.00S,shootingFoul2,attemptEquivalent,2,2,
0022500446,2544,L. James,1610612747,LAL,4,PT08M29.00S,andOne,addOn,1,1,545
0022500446,1631222,J. LaRavia,1610612747,LAL,4,PT04M36.00S,bonus,attemptEquivalent,2,2,
0022500446,1642928,D. Cardwell,1610612758,SAC,4,PT03M11.00S,andOne,addOn,0,1,628
0022500448,1626164,D. Booker,1610612756,PHX,1,PT11M24.00S,shootingFoul2,attemptEquivalent,1,2,
0022500448,1641731,B. Coulibaly,1610612764,WAS,1,PT08M57.00S,shootingFoul2,attemptEquivalent,2,2,
0022500448,1631123,J. Bouyea,1610612756,PHX,1,PT00M29.00S,shootingFoul2,attemptEquivalent,2,2,
0022500448,1628963,M. Bagley III,1610612764,WAS,2,PT09M44.00S,shootingFoul2,attemptEquivalent,2,2,
0022500448,1628415,D. Brooks,1610612756,PHX,2,PT05M40.00S,andOne,addOn,1,1,255
0022500448,1642345,O. Ighodaro,1610612756,PHX,2,PT03M24.00S,shootingFoul2,attemptEquivalent,2,2,
0022500448,1626164,D. Booker,1610612756,PHX,2,PT00M26.80S,transitionTake,addOn,1,1,
0022500448,203468,C. McCollum,1610612764,WAS,3,PT05M31.00S,shootingFoul2,attemptEquivalent,2,2,
0022500448,203468,C. McCollum,1610612764,WAS,3,PT04M56.00S,andOne,addOn,1,1,413
0022500448,203468,C. McCollum,1610612764,WAS,3,PT04M39.00S,bonus,attemptEquivalent,2,2,
0022500448,1628415,D. Brooks,1610612756,PHX,3,PT03M38.00S,shootingFoul2,attemptEquivalent,2,2,
0022500448,1626164,D. Booker,1610612756,PHX,3,PT03M14.00S,shootingFoul2,attemptEquivalent,2,2,
0022500448,1626164,D. Booker,1610612756,PHX,3,PT02M46.00S,shootingFoul2,attemptEquivalent,1,2,
0022500448,1630551,J. Champagnie,1610612764,WAS,3,PT01M16.00S,shootingFoul2,attemptEquivalent,0,2,
0022500448,1628963,M. Bagley III,1610612764,WAS,4,PT10M40.00S,shootingFoul2,attemptEquivalent,1,2,
0022500448,1630551,J. Champagnie,1610612764,WAS,4,PT09M14.00S,shootingFoul2,attemptEquivalent,2,2,
0022500448,1628415,D. Brooks,1610612756,PHX,4,PT08M20.00S,shootingFoul2,attemptEquivalent,2,2,
0022500448,1641731,B. Coulibaly,1610612764,WAS,4,PT04M06.00S,shootingFoul2,attemptEquivalent,2,2,
0022500448,1628415,D. Brooks,1610612756,PHX,4,PT01M45.00S,shootingFoul2,attemptEquivalent,2,2,
0022500448,1641731,B. Coulibaly,1610612764,WAS,4,PT01M38.00S,shootingFoul2,attemptEquivalent,1,2,
0022500455,1631096,C. Holmgren,1610612760,OKC,1,PT08M35.00S,shootingFoul2,attemptEquivalent,2,2,
0022500455,1629638,N. Alexander-Walker,1610612737,ATL,1,PT07M14.00S,andOne,addOn,1,1,68
0022500455,1631114,J. Williams,1610612760,OKC,1,PT06M22.00S,shootingFoul2,attemptEquivalent,1,2,
0022500455,1631243,M. Gueye,1610612737,ATL,1,PT05M27.00S,shootingFoul2,attemptEquivalent,0,2,
0022500455,1628983,S. Gilgeous-Alexander,1610612760,OKC,1,PT05M12.00S,shootingFoul2,attemptEquivalent,2,2,
0022500455,1642382,B. Carlson,1610612760,OKC,1,PT04M45.00S,bonus,attemptEquivalent,2,2,
0022500455,1630168,O. Okongwu,1610612737,ATL,1,PT02M08.00S,shootingFoul2,attemptEquivalent,2,2,
0022500455,1628983,S. Gilgeous-Alexander,1610612760,OKC,1,PT00M03.40S,andOne,addOn,1,1,184
0022500455,1631114,J. Williams,1610612760,OKC,2,PT11M24.00S,andOne,addOn,1,1,205
0022500455,1630168,O. Okongwu,1610612737,ATL,2,PT08M58.00S,shootingFoul2,attemptEquivalent,2,2,
0022500455,1630168,O. Okongwu,1610612737,ATL,2,PT07M39.00S,shootingFoul2,attemptEquivalent,2,2,
0022500455,1631114,J. Williams,1610612760,OKC,2,PT06M10.00S,shootingFoul2,attemptEquivalent,2,2,
0022500455,1630700,D. Daniels,1610612737,ATL,2,PT01M01.00S,andOne,addOn,1,1,349
0022500455,1630168,O. Okongwu,1610612737,ATL,3,PT11M42.00S,shootingFoul2,attemptEquivalent,1,2,
0022500455,1629652,L. Dort,1610612760,OKC,3,PT10M52.00S,andOne,addOn,1,1,385
0022500455,1628983,S. Gilgeous-Alexander,1610612760,OKC,3,PT05M10.00S,shootingFoul2,attemptEquivalent,2,2,
0022500455,1642349,A. Mitchell,1610612760,OKC,3,PT02M05.00S,shootingFoul2,attemptEquivalent,2,2,
0022500455,1628379,L. Kennard,1610612737,ATL,3,PT01M12.00S,andOne,addOn,1,1,511
0022500455,1628983,S. Gilgeous-Alexander,1610612760,OKC,3,PT00M34.40S,shootingFoul2,attemptEquivalent,2,2,
0022500455,1631096,C. Holmgren,1610612760,OKC,4,PT08M11.00S,shootingFoul2,attemptEquivalent,2,2,
0022500455,1642854,A. Newell,1610612737,ATL,4,PT06M35.00S,shootingFoul2,attemptEquivalent,1,2,
0022500455,1642349,A. Mitchell,1610612760,OKC,4,PT05M14.00S,shootingFoul2,attemptEquivalent,2,2,
0022500455,1629638,N. Alexander-Walker,1610612737,ATL,4,PT02M49.00S,shootingFoul2,attemptEquivalent,1,2,
0022500456,1642264,S. Castle,1610612759,SAS,1,PT06M23.00S,shootingFoul2,attemptEquivalent,2,2,
0022500456,1629631,D. Hunter,1610612739,CLE,1,PT03M34.00S,andOne,addOn,1,1,100
0022500456,1642844,D. Harper,1610612759,SAS,1,PT03M04.00S,shootingFoul2,attemptEquivalent,0,2,
0022500456,1641705,V. Wembanyama,1610612759,SAS,1,PT01M44.00S,shootingFoul2,attemptEquivalent,2,2,
0022500456,1641705,V. Wembanyama,1610612759,SAS,2,PT11M03.00S,shootingFoul2,attemptEquivalent,2,2,
0022500456,1628368,D. Fox,1610612759,SAS,2,PT10M25.00S,shootingFoul2,attemptEquivalent,2,2,
0022500456,1628386,J. Allen,1610612739,CLE,2,PT07M52.00S,andOne,addOn,0,1,217
0022500456,1629640,K. Johnson,1610612759,SAS,2,PT06M28.00S,shootingFoul2,attemptEquivalent,2,2,
0022500456,1641854,C. Porter Jr.,1610612739,CLE,2,PT05M15.00S,shootingFoul2,attemptEquivalent,2,2,
0022500456,1642264,S. Castle,1610612759,SAS,2,PT05M08.00S,bonus,attemptEquivalent,1,2,
0022500456,1629640,K. Johnson,1610612759,SAS,2,PT04M16.00S,shootingFoul2,attemptEquivalent,2,2,
0022500456,1642264,S. Castle,1610612759,SAS,2,PT03M22.00S,shootingFoul2,attemptEquivalent,2,2,
0022500456,1628436,L. Kornet,1610612759,SAS,2,PT02M59.00S,bonus,attemptEquivalent,2,2,
0022500456,1628436,L. Kornet,1610612759,SAS,2,PT02M03.00S,bonus,attemptEquivalent,2,2,
0022500456,1628378,D. Mitchell,1610612739,CLE,2,PT00M29.70S,shootingFoul2,attemptEquivalent,2,2,
0022500456,1628386,J. Allen,1610612739,CLE,3,PT08M56.00S,shootingFoul2,attemptEquivalent,1,2,
0022500456,1641705,V. Wembanyama,1610612759,SAS,3,PT07M52.00S,shootingFoul2,attemptEquivalent,2,2,
0022500456,1629636,D. Garland,1610612739,CLE,3,PT05M46.00S,shootingFoul2,attemptEquivalent,2,2,
0022500456,1630577,J. Champagnie,1610612759,SAS,3,PT04M36.00S,bonus,attemptEquivalent,2,2,
0022500456,1628386,J. Allen,1610612739,CLE,3,PT03M29.00S,shootingFoul2,attemptEquivalent,2,2,
0022500456,1628368,D. Fox,1610612759,SAS,3,PT02M32.00S,bonus,attemptEquivalent,2,2,
0022500456,1641705,V. Wembanyama,1610612759,SAS,3,PT02M02.00S,bonus,attemptEquivalent,2,2,
0022500456,1641705,V. Wembanyama,1610612759,SAS,3,PT00M57.80S,shootingFoul2,attemptEquivalent,1,2,
0022500456,1628368,D. Fox,1610612759,SAS,3,PT00M28.60S,shootingFoul2,attemptEquivalent,1,2,
0022500456,1630596,E. Mobley,1610612739,CLE,3,PT00M00.70S,shootingFoul2,attemptEquivalent,2,2,
0022500456,1628386,J. Allen,1610612739,CLE,4,PT09M22.00S,shootingFoul2,attemptEquivalent,2,2,
0022500456,1641705,V. Wembanyama,1610612759,SAS,4,PT03M13.00S,shootingFoul2,attemptEquivalent,1,2,
0022500456,1630241,S. Merrill,1610612739,CLE,4,PT01M04.00S,bonus,attemptEquivalent,2,2,
0022500456,1629636,D. Garland,1610612739,CLE,4,PT00M40.10S,bonus,attemptEquivalent,2,2,
0022500459,1628374,L. Markkanen,1610612762,UTA,1,PT11M10.00S,shootingFoul2,attemptEquivalent,2,2,
0022500459,1641718,K. George,1610612762,UTA,1,PT03M22.00S,shootingFoul2,attemptEquivalent,1,2,
0022500459,1627759,J. Brown,1610612738,BOS,1,PT01M49.00S,shootingFoul2,attemptEquivalent,1,2,
0022500459,1630568,L. Garza,1610612738,BOS,1,PT00M43.80S,andOne,addOn,1,1,144
0022500459,1629014,A. Simons,1610612738,BOS,2,PT08M20.00S,shootingFoul2,attemptEquivalent,2,2,
0022500459,1628401,D. White,1610612738,BOS,2,PT06M44.00S,andOne,addOn,1,1,235
0022500459,1641775,J. Walsh,1610612738,BOS,2,PT04M34.00S,shootingFoul2,attemptEquivalent,1,2,
0022500459,1641718,K. George,1610612762,UTA,2,PT02M29.00S,shootingFoul2,attemptEquivalent,2,2,
0022500459,1627759,J. Brown,1610612738,BOS,2,PT00M26.60S,shootingFoul2,attemptEquivalent,2,2,
0022500459,203994,J. Nurkić,1610612762,UTA,3,PT10M19.00S,shootingFoul2,attemptEquivalent,2,2,
0022500459,1628401,D. White,1610612738,BOS,3,PT10M06.00S,shootingFoul2,attemptEquivalent,2,2,
0022500459,1628374,L. Markkanen,1610612762,UTA,3,PT06M55.00S,shootingFoul2,attemptEquivalent,2,2,
0022500459,203994,J. Nurkić,1610612762,UTA,3,PT06M35.00S,andOne,addOn,1,1,401
0022500459,1630202,P. Pritchard,1610612738,BOS,3,PT03M50.00S,transitionTake,addOn,1,1,
0022500459,1642271,K. Filipowski,1610612762,UTA,3,PT01M43.00S,shootingFoul2,attemptEquivalent,1,2,
0022500459,1627759,J. Brown,1610612738,BOS,3,PT00M56.50S,shootingFoul2,attemptEquivalent,1,2,
0022500459,1642262,C. Williams,1610612762,UTA,3,PT00M36.40S,bonus,attemptEquivalent,2,2,
0022500459,1642271,K. Filipowski,1610612762,UTA,4,PT11M44.00S,shootingFoul2,attemptEquivalent,1,2,
0022500459,1628374,L. Markkanen,1610612762,UTA,4,PT10M44.00S,shootingFoul2,attemptEquivalent,2,2,
0022500459,1629014,A. Simons,1610612738,BOS,4,PT10M36.00S,shootingFoul2,attemptEquivalent,2,2,
0022500459,1628374,L. Markkanen,1610612762,UTA,4,PT08M34.00S,bonus,attemptEquivalent,2,2,
0022500459,1628401,D. White,1610612738,BOS,4,PT07M56.00S,shootingFoul2,attemptEquivalent,2,2,
0022500459,1641718,K. George,1610612762,UTA,4,PT06M59.00S,shootingFoul2,attemptEquivalent,2,2,
0022500459,1628401,D. White,1610612738,BOS,4,PT06M41.00S,shootingFoul2,attemptEquivalent,2,2,
0022500459,203994,J. Nurkić,1610612762,UTA,4,PT05M21.00S,shootingFoul2,attemptEquivalent,1,2,
0022500459,1628401,D. White,1610612738,BOS,4,PT00M41.60S,bonus,attemptEquivalent,2,2,
0022500461,1631099,K. Murray,1610612758,SAC,1,PT10M02.00S,shootingFoul2,attemptEquivalent,2,2,
0022500461,201935,J. Harden,1610612746,LAC,1,PT08M11.00S,shootingFoul2,attemptEquivalent,1,2,
0022500461,1642875,M. Raynaud,1610612758,SAC,1,PT07M50.00S,shootingFoul2,attemptEquivalent,2,2,
0022500461,201942,D. DeRozan,1610612758,SAC,1,PT05M06.00S,shootingFoul2,attemptEquivalent,2,2,
0022500461,1642949,Y. Niederhäuser,1610612746,LAC,1,PT04M17.00S,shootingFoul2,attemptEquivalent,1,2,
0022500461,1627884,D. Jones Jr.,1610612746,LAC,1,PT02M21.00S,andOne,addOn,1,1,141
0022500461,201935,J. Harden,1610612746,LAC,1,PT01M00.00S,shootingFoul2,attemptEquivalent,2,2,
0022500461,1642949,Y. Niederhäuser,1610612746,LAC,1,PT00M34.90S,bonus,attemptEquivalent,2,2,
0022500461,1642920,K. Sanders,1610612746,LAC,2,PT10M24.00S,shootingFoul2,attemptEquivalent,1,2,
0022500461,202695,K. Leonard,1610612746,LAC,2,PT09M52.00S,shootingFoul2,attemptEquivalent,1,2,
0022500461,202695,K. Leonard,1610612746,LAC,2,PT06M52.00S,shootingFoul2,attemptEquivalent,2,2,
0022500461,201942,D. DeRozan,1610612758,SAC,2,PT03M55.00S,shootingFoul2,attemptEquivalent,1,2,
0022500461,201935,J. Harden,1610612746,LAC,2,PT03M04.00S,shootingFoul2,attemptEquivalent,2,2,
0022500461,202695,K. Leonard,1610612746,LAC,2,PT01M18.00S,shootingFoul2,attemptEquivalent,2,2,
0022500461,1628381,J. Collins,1610612746,LAC,3,PT10M06.00S,shootingFoul2,attemptEquivalent,2,2,
0022500461,201572,B. Lopez,1610612746,LAC,3,PT09M17.00S,shootingFoul2,attemptEquivalent,2,2,
0022500461,201566,R. Westbrook,1610612758,SAC,3,PT09M02.00S,shootingFoul2,attemptEquivalent,2,2,
0022500461,201935,J. Harden,1610612746,LAC,3,PT02M18.00S,shootingFoul2,attemptEquivalent,2,2,
0022500461,203471,D. Schröder,1610612758,SAC,3,PT01M34.00S,shootingFoul2,attemptEquivalent,2,2,
0022500461,201935,J. Harden,1610612746,LAC,3,PT00M12.70S,shootingFoul2,attemptEquivalent,1,2,
0022500461,1641738,K. Brown,1610612746,LAC,4,PT05M59.00S,shootingFoul2,attemptEquivalent,1,2,
0022500461,1642363,N. Clifford,1610612758,SAC,4,PT05M26.00S,andOne,addOn,1,1,580
0022500461,1642949,Y. Niederhäuser,1610612746,LAC,4,PT01M08.00S,shootingFoul2,attemptEquivalent,1,2,
0022500465,1626220,R. O'Neale,1610612756,PHX,1,PT11M43.00S,andOne,addOn,0,1,7
0022500465,1628378,D. Mitchell,1610612739,CLE,1,PT03M05.00S,shootingFoul3,attemptEquivalent,2,3,
0022500465,1628378,D. Mitchell,1610612739,CLE,1,PT00M17.90S,andOne,addOn,1,1,169
0022500465,1628378,D. Mitchell,1610612739,CLE,2,PT11M48.00S,shootingFoul3,attemptEquivalent,3,3,
0022500465,1631109,M. Williams,1610612756,PHX,2,PT09M22.00S,shootingFoul2,attemptEquivalent,2,2,
0022500465,1631123,J. Bouyea,1610612756,PHX,2,PT08M26.00S,andOne,addOn,1,1,245
0022500465,1628378,D. Mitchell,1610612739,CLE,2,PT03M55.00S,awayFromPlay,addOn,1,1,
0022500465,1630596,E. Mobley,1610612739,CLE,2,PT02M44.00S,shootingFoul2,attemptEquivalent,1,2,
0022500465,1628415,D. Brooks,1610612756,PHX,2,PT01M11.00S,shootingFoul2,attemptEquivalent,2,2,
0022500465,1628415,D. Brooks,1610612756,PHX,2,PT00M07.20S,bonus,attemptEquivalent,2,2,
0022500465,1628378,D. Mitchell,1610612739,CLE,2,PT00M02.00S,andOne,addOn,1,1,361
0022500465,1628386,J. Allen,1610612739,CLE,3,PT11M05.00S,shootingFoul2,attemptEquivalent,2,2,
0022500465,1626164,D. Booker,1610612756,PHX,3,PT06M11.00S,shootingFoul3,attemptEquivalent,3,3,
0022500465,1630692,J. Goodwin,1610612756,PHX,3,PT00M52.00S,shootingFoul3,attemptEquivalent,2,3,
0022500465,1631123,J. Bouyea,1610612756,PHX,4,PT10M30.00S,andOne,addOn,1,1,567
0022500465,1629636,D. Garland,1610612739,CLE,4,PT07M06.00S,andOne,addOn,1,1,613
0022500465,1629636,D. Garland,1610612739,CLE,4,PT05M39.00S,shootingFoul2,attemptEquivalent,2,2,
0022500465,1630596,E. Mobley,1610612739,CLE,4,PT05M09.00S,andOne,addOn,1,1,645
0022500465,1628378,D. Mitchell,1610612739,CLE,4,PT03M41.00S,bonus,attemptEquivalent,2,2,
0022500465,1642281,J. Tyson,1610612739,CLE,4,PT02M06.00S,bonus,attemptEquivalent,1,2,
0022500469,203507,G. Antetokounmpo,1610612749,MIL,1,PT11M30.00S,shootingFoul2,attemptEquivalent,2,2,
0022500469,203507,G. Antetokounmpo,1610612749,MIL,1,PT09M49.00S,andOne,addOn,1,1,24
0022500469,203507,G. Antetokounmpo,1610612749,MIL,1,PT07M25.00S,shootingFoul2,attemptEquivalent,1,2,
0022500469,1642259,A. Sarr,1610612764,WAS,1,PT05M36.00S,shootingFoul2,attemptEquivalent,2,2,
0022500469,1631157,R. Rollins,1610612749,MIL,1,PT05M23.00S,shootingFoul2,attemptEquivalent,2,2,
0022500469,1626171,B. Portis,1610612749,MIL,1,PT01M56.00S,shootingFoul2,attemptEquivalent,2,2,
0022500469,1628398,K. Kuzma,1610612749,MIL,2,PT10M56.00S,shootingFoul2,attemptEquivalent,1,2,
0022500469,1641731,B. Coulibaly,1610612764,WAS,2,PT07M21.00S,shootingFoul2,attemptEquivalent,2,2,
0022500469,203507,G. Antetokounmpo,1610612749,MIL,2,PT06M37.00S,shootingFoul2,attemptEquivalent,0,2,
0022500469,1642259,A. Sarr,1610612764,WAS,2,PT05M56.00S,shootingFoul2,attemptEquivalent,2,2,
0022500469,1630551,J. Champagnie,1610612764,WAS,2,PT04M58.00S,shootingFoul2,attemptEquivalent,1,2,
0022500469,203507,G. Antetokounmpo,1610612749,MIL,2,PT03M26.00S,shootingFoul2,attemptEquivalent,2,2,
0022500469,203507,G. Antetokounmpo,1610612749,MIL,3,PT10M56.00S,andOne,addOn,0,1,340
0022500469,1641731,B. Coulibaly,1610612764,WAS,3,PT09M48.00S,shootingFoul2,attemptEquivalent,1,2,
0022500469,203507,G. Antetokounmpo,1610612749,MIL,3,PT08M35.00S,shootingFoul2,attemptEquivalent,1,2,
0022500469,203468,C. McCollum,1610612764,WAS,3,PT02M45.00S,shootingFoul2,attemptEquivalent,1,2,
0022500469,1628963,M. Bagley III,1610612764,WAS,4,PT09M15.00S,andOne,addOn,1,1,513
0022500469,1641731,B. Coulibaly,1610612764,WAS,4,PT07M54.00S,shootingFoul2,attemptEquivalent,2,2,
0022500469,1641731,B. Coulibaly,1610612764,WAS,4,PT07M27.00S,shootingFoul2,attemptEquivalent,0,2,
0022500469,1642259,A. Sarr,1610612764,WAS,4,PT04M19.00S,shootingFoul2,attemptEquivalent,1,2,
0022500469,1626167,M. Turner,1610612749,MIL,4,PT01M15.00S,shootingFoul2,attemptEquivalent,1,2,
0022500469,203507,G. Antetokounmpo,1610612749,MIL,4,PT00M33.20S,bonus,attemptEquivalent,2,2,
0022500470,1630166,D. Avdija,1610612757,POR,1,PT10M50.00S,shootingFoul2,attemptEquivalent,1,2,
0022500470,1642270,D. Clingan,1610612757,POR,1,PT08M13.00S,shootingFoul2,attemptEquivalent,1,2,
0022500470,1630598,A. Wiggins,1610612760,OKC,1,PT04M05.00S,shootingFoul2,attemptEquivalent,2,2,
0022500470,1631096,C. Holmgren,1610612760,OKC,2,PT09M10.00S,shootingFoul2,attemptEquivalent,1,2,
0022500470,1630166,D. Avdija,1610612757,POR,2,PT08M12.00S,shootingFoul2,attemptEquivalent,2,2,
0022500470,1631114,J. Williams,1610612760,OKC,2,PT07M57.00S,andOne,addOn,1,1,229
0022500470,1642349,A. Mitchell,1610612760,OKC,2,PT07M25.00S,shootingFoul2,attemptEquivalent,2,2,
0022500470,1631200,K. Murray,1610612757,POR,2,PT06M45.00S,shootingFoul2,attemptEquivalent,2,2,
0022500470,1642349,A. Mitchell,1610612760,OKC,2,PT06M33.00S,shootingFoul2,attemptEquivalent,2,2,
0022500470,1630166,D. Avdija,1610612757,POR,2,PT05M40.00S,andOne,addOn,1,1,263
0022500470,1641739,T. Camara,1610612757,POR,2,PT03M53.00S,shootingFoul2,attemptEquivalent,0,2,
0022500470,1630598,A. Wiggins,1610612760,OKC,2,PT02M43.00S,shootingFoul2,attemptEquivalent,0,2,
0022500470,1628983,S. Gilgeous-Alexander,1610612760,OKC,2,PT01M29.00S,bonus,attemptEquivalent,2,2,
0022500470,1630166,D. Avdija,1610612757,POR,2,PT00M39.20S,bonus,attemptEquivalent,2,2,
0022500470,1642349,A. Mitchell,1610612760,OKC,2,PT00M38.20S,bonus,attemptEquivalent,2,2,
0022500470,1631101,S. Sharpe,1610612757,POR,3,PT10M42.00S,shootingFoul2,attemptEquivalent,2,2,
0022500470,1628983,S. Gilgeous-Alexander,1610612760,OKC,3,PT04M44.00S,shootingFoul2,attemptEquivalent,2,2,
0022500470,1628983,S. Gilgeous-Alexander,1610612760,OKC,3,PT04M15.00S,shootingFoul2,attemptEquivalent,2,2,
0022500470,1642382,B. Carlson,1610612760,OKC,3,PT02M59.00S,shootingFoul2,attemptEquivalent,0,2,
0022500470,1631101,S. Sharpe,1610612757,POR,4,PT08M01.00S,shootingFoul2,attemptEquivalent,2,2,
0022500470,1642349,A. Mitchell,1610612760,OKC,4,PT07M31.00S,andOne,addOn,1,1,605
0022500470,1642349,A. Mitchell,1610612760,OKC,4,PT05M39.00S,awayFromPlay,addOn,1,1,
0022500470,1629026,K. Williams,1610612760,OKC,4,PT02M19.00S,bonus,attemptEquivalent,1,2,
0022500474,1629674,N. Queta,1610612738,BOS,1,PT07M44.00S,andOne,addOn,1,1,39
0022500474,203471,D. Schröder,1610612758,SAC,1,PT04M03.00S,andOne,addOn,1,1,94
0022500474,1627759,J. Brown,1610612738,BOS,1,PT02M33.00S,shootingFoul2,attemptEquivalent,2,2,
0022500474,1629674,N. Queta,1610612738,BOS,2,PT02M47.00S,shootingFoul2,attemptEquivalent,1,2,
0022500474,201942,D. DeRozan,1610612758,SAC,2,PT02M13.00S,shootingFoul2,attemptEquivalent,2,2,
0022500474,1630202,P. Pritchard,1610612738,BOS,3,PT10M14.00S,shootingFoul2,attemptEquivalent,2,2,
0022500474,1630173,P. Achiuwa,1610612758,SAC,3,PT03M11.00S,shootingFoul2,attemptEquivalent,2,2,
0022500474,1631165,K. Ellis,1610612758,SAC,3,PT02M35.00S,shootingFoul2,attemptEquivalent,1,2,
0022500474,1628401,D. White,1610612738,BOS,4,PT11M44.00S,shootingFoul2,attemptEquivalent,2,2,
0022500474,1642875,M. Raynaud,1610612758,SAC,4,PT08M29.00S,shootingFoul2,attemptEquivalent,2,2,
0022500474,1628401,D. White,1610612738,BOS,4,PT08M10.00S,shootingFoul2,attemptEquivalent,2,2,
0022500474,201942,D. DeRozan,1610612758,SAC,4,PT07M05.00S,shootingFoul2,attemptEquivalent,2,2,
0022500474,1627759,J. Brown,1610612738,BOS,4,PT06M57.00S,shootingFoul2,attemptEquivalent,2,2,
0022500474,201566,R. Westbrook,1610612758,SAC,4,PT06M42.00S,shootingFoul2,attemptEquivalent,2,2,
0022500474,1627759,J. Brown,1610612738,BOS,4,PT06M26.00S,andOne,addOn,1,1,520
0022500474,1627759,J. Brown,1610612738,BOS,4,PT02M52.00S,bonus,attemptEquivalent,1,2,
0022500474,201942,D. DeRozan,1610612758,SAC,4,PT02M09.00S,bonus,attemptEquivalent,2,2,
0022500474,1629674,N. Queta,1610612738,BOS,4,PT01M23.00S,bonus,attemptEquivalent,1,2,
0022500475,201935,J. Harden,1610612746,LAC,1,PT11M14.00S,shootingFoul2,attemptEquivalent,2,2,
0022500475,201935,J. Harden,1610612746,LAC,1,PT09M21.00S,shootingFoul3,attemptEquivalent,3,3,
0022500475,202695,K. Leonard,1610612746,LAC,1,PT06M46.00S,shootingFoul2,attemptEquivalent,2,2,
0022500475,201587,N. Batum,1610612746,LAC,1,PT03M39.00S,bonus,attemptEquivalent,2,2,
0022500475,1628381,J. Collins,1610612746,LAC,1,PT03M18.00S,bonus,attemptEquivalent,2,2,
0022500475,203937,K. Anderson,1610612762,UTA,1,PT02M17.00S,andOne,addOn,1,1,134
0022500475,1642383,W. Clayton Jr.,1610612762,UTA,1,PT00M57.80S,shootingFoul2,attemptEquivalent,2,2,
0022500475,203937,K. Anderson,1610612762,UTA,1,PT00M04.00S,shootingFoul2,attemptEquivalent,1,2,
0022500475,1631131,O. Tshiebwe,1610612762,UTA,2,PT11M45.00S,andOne,addOn,0,1,174
0022500475,202695,K. Leonard,1610612746,LAC,2,PT08M21.00S,shootingFoul2,attemptEquivalent,0,2,
0022500475,1642262,C. Williams,1610612762,UTA,2,PT08M15.00S,andOne,addOn,0,1,237
0022500475,1628381,J. Collins,1610612746,LAC,2,PT06M44.00S,shootingFoul2,attemptEquivalent,2,2,
0022500475,1642262,C. Williams,1610612762,UTA,2,PT04M37.00S,shootingFoul2,attemptEquivalent,2,2,
0022500475,1642262,C. Williams,1610612762,UTA,2,PT03M59.00S,shootingFoul2,attemptEquivalent,2,2,
0022500475,202695,K. Leonard,1610612746,LAC,2,PT00M54.40S,shootingFoul2,attemptEquivalent,2,2,
0022500475,201935,J. Harden,1610612746,LAC,2,PT00M14.20S,shootingFoul2,attemptEquivalent,1,2,
0022500475,1642268,I. Collier,1610612762,UTA,3,PT10M25.00S,andOne,addOn,1,1,379
0022500475,1641729,B. Sensabaugh,1610612762,UTA,3,PT09M21.00S,flagrant,addOn,2,3,
0022500475,201935,J. Harden,1610612746,LAC,3,PT08M00.00S,shootingFoul2,attemptEquivalent,1,2,
0022500475,202695,K. Leonard,1610612746,LAC,3,PT07M28.00S,andOne,addOn,1,1,415
0022500475,1641729,B. Sensabaugh,1610612762,UTA,3,PT07M07.00S,shootingFoul3,attemptEquivalent,2,3,
0022500475,201935,J. Harden,1610612746,LAC,3,PT06M47.00S,shootingFoul2,attemptEquivalent,2,2,
0022500475,203937,K. Anderson,1610612762,UTA,3,PT06M11.00S,shootingFoul2,attemptEquivalent,2,2,
0022500475,1642268,I. Collier,1610612762,UTA,3,PT04M59.00S,shootingFoul2,attemptEquivalent,1,2,
0022500475,202695,K. Leonard,1610612746,LAC,3,PT04M52.00S,bonus,attemptEquivalent,2,2,
0022500475,1641729,B. Sensabaugh,1610612762,UTA,3,PT03M51.00S,shootingFoul2,attemptEquivalent,2,2,
0022500475,203937,K. Anderson,1610612762,UTA,3,PT01M31.00S,bonus,attemptEquivalent,2,2,
0022500475,1642383,W. Clayton Jr.,1610612762,UTA,4,PT09M41.00S,shootingFoul2,attemptEquivalent,2,2,
0022500475,1642268,I. Collier,1610612762,UTA,4,PT02M05.00S,shootingFoul2,attemptEquivalent,1,2,
0022500477,1630549,D. Sharpe,1610612751,BKN,1,PT09M28.00S,andOne,addOn,0,1,23
0022500477,203114,K. Middleton,1610612764,WAS,1,PT09M07.00S,shootingFoul2,attemptEquivalent,1,2,
0022500477,1641730,N. Clowney,1610612751,BKN,1,PT07M19.00S,andOne,addOn,1,1,49
0022500477,1641731,B. Coulibaly,1610612764,WAS,1,PT07M12.00S,shootingFoul2,attemptEquivalent,2,2,
0022500477,1642849,N. Traore,1610612751,BKN,1,PT04M57.00S,shootingFoul2,attemptEquivalent,2,2,
0022500477,1642874,D. Wolf,1610612751,BKN,1,PT04M22.00S,shootingFoul2,attemptEquivalent,2,2,
0022500477,1628963,M. Bagley III,1610612764,WAS,1,PT00M46.20S,shootingFoul2,attemptEquivalent,2,2,
0022500477,1642962,D. Powell,1610612751,BKN,2,PT09M38.00S,shootingFoul2,attemptEquivalent,2,2,
0022500477,1641730,N. Clowney,1610612751,BKN,2,PT05M43.00S,shootingFoul2,attemptEquivalent,1,2,
0022500477,1630549,D. Sharpe,1610612751,BKN,2,PT05M12.00S,shootingFoul2,attemptEquivalent,2,2,
0022500477,1641731,B. Coulibaly,1610612764,WAS,2,PT01M15.00S,shootingFoul2,attemptEquivalent,2,2,
0022500477,1629611,T. Mann,1610612751,BKN,3,PT11M17.00S,shootingFoul2,attemptEquivalent,2,2,
0022500477,1629611,T. Mann,1610612751,BKN,3,PT09M32.00S,shootingFoul2,attemptEquivalent,2,2,
0022500477,203114,K. Middleton,1610612764,WAS,3,PT07M28.00S,shootingFoul2,attemptEquivalent,2,2,
0022500477,1630533,Z. Williams,1610612751,BKN,3,PT01M52.00S,shootingFoul2,attemptEquivalent,2,2,
0022500477,1642962,D. Powell,1610612751,BKN,3,PT01M36.00S,andOne,addOn,1,1,491
0022500477,1642849,N. Traore,1610612751,BKN,4,PT11M36.00S,shootingFoul2,attemptEquivalent,2,2,
0022500477,1641730,N. Clowney,1610612751,BKN,4,PT06M45.00S,flagrant,addOn,2,2,
0022500477,1642259,A. Sarr,1610612764,WAS,4,PT06M13.00S,shootingFoul2,attemptEquivalent,2,2,
0022500477,1641731,B. Coulibaly,1610612764,WAS,4,PT05M07.00S,shootingFoul2,attemptEquivalent,1,2,
0022500477,1641731,B. Coulibaly,1610612764,WAS,4,PT03M04.00S,shootingFoul2,attemptEquivalent,2,2,
0022500477,1642856,E. Dëmin,1610612751,BKN,4,PT02M30.00S,bonus,attemptEquivalent,2,2,
0022500477,1642874,D. Wolf,1610612751,BKN,4,PT01M51.00S,shootingFoul2,attemptEquivalent,1,2,
0022500478,1628386,J. Allen,1610612739,CLE,1,PT11M04.00S,shootingFoul2,attemptEquivalent,2,2,
0022500478,1630596,E. Mobley,1610612739,CLE,1,PT10M39.00S,shootingFoul2,attemptEquivalent,0,2,
0022500478,1627750,J. Murray,1610612743,DEN,1,PT04M52.00S,andOne,addOn,0,1,87
0022500478,1630192,Z. Nnaji,1610612743,DEN,1,PT02M29.00S,shootingFoul2,attemptEquivalent,2,2,
0022500478,1630596,E. Mobley,1610612739,CLE,1,PT01M39.00S,andOne,addOn,0,1,138
0022500478,1629631,D. Hunter,1610612739,CLE,1,PT01M04.00S,bonus,attemptEquivalent,2,2,
0022500478,1630596,E. Mobley,1610612739,CLE,2,PT03M17.00S,shootingFoul2,attemptEquivalent,0,2,
0022500478,1627750,J. Murray,1610612743,DEN,2,PT00M52.50S,shootingFoul3,attemptEquivalent,3,3,
0022500478,1631212,P. Watson,1610612743,DEN,3,PT06M04.00S,shootingFoul2,attemptEquivalent,1,2,
0022500478,1630192,Z. Nnaji,1610612743,DEN,3,PT01M24.00S,bonus,attemptEquivalent,2,2,
0022500478,1628378,D. Mitchell,1610612739,CLE,3,PT00M41.00S,andOne,addOn,0,1,460
0022500478,1630192,Z. Nnaji,1610612743,DEN,4,PT09M48.00S,shootingFoul2,attemptEquivalent,2,2,
0022500478,1641772,N. Tomlin,1610612739,CLE,4,PT07M25.00S,shootingFoul2,attemptEquivalent,2,2,
0022500478,1642281,J. Tyson,1610612739,CLE,4,PT03M43.00S,shootingFoul2,attemptEquivalent,1,2,
0022500478,1629631,D. Hunter,1610612739,CLE,4,PT00M13.70S,bonus,attemptEquivalent,2,2,
0022500478,1629636,D. Garland,1610612739,CLE,4,PT00M05.30S,bonus,attemptEquivalent,2,2,
0022500483,1631099,K. Murray,1610612758,SAC,1,PT08M52.00S,shootingFoul2,attemptEquivalent,2,2,
0022500483,1631109,M. Williams,1610612756,PHX,1,PT08M28.00S,shootingFoul2,attemptEquivalent,2,2,
0022500483,1642875,M. Raynaud,1610612758,SAC,1,PT08M09.00S,shootingFoul2,attemptEquivalent,0,2,
0022500483,1626164,D. Booker,1610612756,PHX,1,PT03M50.00S,shootingFoul2,attemptEquivalent,2,2,
0022500483,203471,D. Schröder,1610612758,SAC,1,PT02M48.00S,shootingFoul2,attemptEquivalent,1,2,
0022500483,1626164,D. Booker,1610612756,PHX,1,PT02M37.00S,andOne,addOn,1,1,144
0022500483,1629234,D. Eubanks,1610612758,SAC,1,PT02M23.00S,bonus,attemptEquivalent,1,2,
0022500483,1626164,D. Booker,1610612756,PHX,1,PT00M44.00S,transitionTake,addOn,0,1,
0022500483,1642345,O. Ighodaro,1610612756,PHX,2,PT07M45.00S,andOne,addOn,1,1,227
0022500483,201942,D. DeRozan,1610612758,SAC,2,PT06M30.00S,shootingFoul2,attemptEquivalent,2,2,
0022500483,1630692,J. Goodwin,1610612756,PHX,2,PT05M11.00S,shootingFoul2,attemptEquivalent,2,2,
0022500483,1631109,M. Williams,1610612756,PHX,2,PT03M37.00S,shootingFoul2,attemptEquivalent,2,2,
0022500483,1626164,D. Booker,1610612756,PHX,2,PT02M19.00S,shootingFoul2,attemptEquivalent,2,2,
0022500483,1642875,M. Raynaud,1610612758,SAC,2,PT00M27.60S,shootingFoul2,attemptEquivalent,0,2,
0022500483,1626164,D. Booker,1610612756,PHX,2,PT00M04.60S,andOne,addOn,1,1,345
0022500483,1631109,M. Williams,1610612756,PHX,3,PT11M34.00S,shootingFoul2,attemptEquivalent,1,2,
0022500483,1631109,M. Williams,1610612756,PHX,3,PT09M23.00S,shootingFoul2,attemptEquivalent,1,2,
0022500483,1631109,M. Williams,1610612756,PHX,3,PT08M57.00S,andOne,addOn,1,1,413
0022500483,1631165,K. Ellis,1610612758,SAC,3,PT06M43.00S,shootingFoul2,attemptEquivalent,1,2,
0022500483,1631109,M. Williams,1610612756,PHX,3,PT05M31.00S,shootingFoul2,attemptEquivalent,2,2,
0022500483,1631165,K. Ellis,1610612758,SAC,3,PT04M56.00S,shootingFoul2,attemptEquivalent,2,2,
0022500483,1629234,D. Eubanks,1610612758,SAC,3,PT02M53.00S,andOne,addOn,1,1,490
0022500483,201566,R. Westbrook,1610612758,SAC,3,PT02M27.00S,andOne,addOn,0,1,501
0022500483,201942,D. DeRozan,1610612758,SAC,3,PT01M56.00S,shootingFoul3,attemptEquivalent,3,3,
0022500483,1642345,O. Ighodaro,1610612756,PHX,3,PT00M36.70S,shootingFoul2,attemptEquivalent,2,2,
0022500483,1629234,D. Eubanks,1610612758,SAC,3,PT00M23.30S,bonus,attemptEquivalent,2,2,
0022500483,1642345,O. Ighodaro,1610612756,PHX,4,PT10M04.00S,shootingFoul2,attemptEquivalent,2,2,
0022500483,201566,R. Westbrook,1610612758,SAC,4,PT09M15.00S,shootingFoul2,attemptEquivalent,2,2,
0022500483,203471,D. Schröder,1610612758,SAC,4,PT05M59.00S,shootingFoul2,attemptEquivalent,2,2,
0022500483,1631123,J. Bouyea,1610612756,PHX,4,PT05M21.00S,andOne,addOn,0,1,651
0022500483,201566,R. Westbrook,1610612758,SAC,4,PT05M12.00S,shootingFoul2,attemptEquivalent,2,2,
0022500483,1642346,R. Dunn,1610612756,PHX,4,PT03M24.00S,shootingFoul2,attemptEquivalent,1,2,
0022500483,1630173,P. Achiuwa,1610612758,SAC,4,PT00M49.70S,shootingFoul2,attemptEquivalent,1,2,
0022500484,1631114,J. Williams,1610612760,OKC,1,PT10M44.00S,shootingFoul2,attemptEquivalent,2,2,
0022500484,1642366,Q. Post,1610612744,GSW,1,PT07M38.00S,shootingFoul2,attemptEquivalent,2,2,
0022500484,201143,A. Horford,1610612744,GSW,1,PT02M17.00S,shootingFoul2,attemptEquivalent,2,2,
0022500484,1628983,S. Gilgeous-Alexander,1610612760,OKC,1,PT01M43.00S,shootingFoul2,attemptEquivalent,2,2,
0022500484,1630611,G. Santos,1610612744,GSW,2,PT11M15.00S,shootingFoul2,attemptEquivalent,2,2,
0022500484,1641764,B. Podziemski,1610612744,GSW,2,PT09M10.00S,shootingFoul3,attemptEquivalent,2,3,
0022500484,1631096,C. Holmgren,1610612760,OKC,2,PT06M02.00S,shootingFoul2,attemptEquivalent,2,2,
0022500484,1627936,A. Caruso,1610612760,OKC,2,PT03M53.00S,shootingFoul2,attemptEquivalent,2,2,
0022500484,1630611,G. Santos,1610612744,GSW,2,PT02M37.00S,shootingFoul2,attemptEquivalent,1,2,
0022500484,1642954,W. Richard,1610612744,GSW,2,PT01M31.00S,andOne,addOn,1,1,351
0022500484,1630611,G. Santos,1610612744,GSW,3,PT11M40.00S,shootingFoul2,attemptEquivalent,1,2,
0022500484,1631096,C. Holmgren,1610612760,OKC,3,PT10M25.00S,shootingFoul2,attemptEquivalent,2,2,
0022500484,1628983,S. Gilgeous-Alexander,1610612760,OKC,3,PT07M03.00S,shootingFoul2,attemptEquivalent,2,2,
0022500484,1631218,T. Jackson-Davis,1610612744,GSW,3,PT06M39.00S,shootingFoul2,attemptEquivalent,2,2,
0022500484,1628983,S. Gilgeous-Alexander,1610612760,OKC,3,PT01M44.00S,shootingFoul2,attemptEquivalent,2,2,
0022500484,1641764,B. Podziemski,1610612744,GSW,3,PT00M00.60S,shootingFoul2,attemptEquivalent,1,2,
0022500484,1642382,B. Carlson,1610612760,OKC,4,PT10M28.00S,shootingFoul2,attemptEquivalent,2,2,
0022500484,1631218,T. Jackson-Davis,1610612744,GSW,4,PT10M14.00S,shootingFoul2,attemptEquivalent,1,2,
0022500484,1630541,M. Moody,1610612744,GSW,4,PT08M59.00S,andOne,addOn,0,1,603
0022500484,1631218,T. Jackson-Davis,1610612744,GSW,4,PT04M07.00S,shootingFoul2,attemptEquivalent,2,2,
0022500484,1630598,A. Wiggins,1610612760,OKC,4,PT02M38.00S,shootingFoul2,attemptEquivalent,2,2,
0022500492,201939,S. Curry,1610612744,GSW,1,PT09M06.00S,shootingFoul2,attemptEquivalent,2,2,
0022500492,203110,D. Green,1610612744,GSW,1,PT08M20.00S,andOne,addOn,1,1,43
0022500492,1631218,T. Jackson-Davis,1610612744,GSW,1,PT03M05.00S,shootingFoul2,attemptEquivalent,1,2,
0022500492,1628374,L. Markkanen,1610612762,UTA,2,PT11M48.00S,andOne,addOn,0,1,178
0022500492,1641718,K. George,1610612762,UTA,2,PT03M49.00S,shootingFoul2,attemptEquivalent,2,2,
0022500492,202710,J. Butler III,1610612744,GSW,2,PT01M05.00S,shootingFoul2,attemptEquivalent,1,2,
0022500492,202710,J. Butler III,1610612744,GSW,2,PT00M36.20S,shootingFoul2,attemptEquivalent,1,2,
0022500492,1628374,L. Markkanen,1610612762,UTA,3,PT09M44.00S,andOne,addOn,1,1,378
0022500492,201939,S. Curry,1610612744,GSW,3,PT09M24.00S,shootingFoul2,attemptEquivalent,2,2,
0022500492,1641718,K. George,1610612762,UTA,3,PT05M30.00S,andOne,addOn,0,1,441
0022500492,1641707,T. Hendricks,1610612762,UTA,3,PT04M32.00S,shootingFoul2,attemptEquivalent,1,2,
0022500492,1631218,T. Jackson-Davis,1610612744,GSW,3,PT03M45.00S,shootingFoul2,attemptEquivalent,0,2,
0022500492,201939,S. Curry,1610612744,GSW,3,PT02M20.00S,bonus,attemptEquivalent,2,2,
0022500492,1642271,K. Filipowski,1610612762,UTA,3,PT01M33.00S,bonus,attemptEquivalent,1,2,
0022500492,1642268,I. Collier,1610612762,UTA,3,PT00M12.70S,shootingFoul2,attemptEquivalent,0,2,
0022500492,1641764,B. Podziemski,1610612744,GSW,4,PT11M13.00S,shootingFoul2,attemptEquivalent,1,2,
0022500492,202710,J. Butler III,1610612744,GSW,4,PT07M57.00S,shootingFoul2,attemptEquivalent,2,2,
0022500492,1641718,K. George,1610612762,UTA,4,PT07M15.00S,shootingFoul2,attemptEquivalent,2,2,
0022500492,202710,J. Butler III,1610612744,GSW,4,PT06M00.00S,shootingFoul2,attemptEquivalent,2,2,
0022500492,1642383,W. Clayton Jr.,1610612762,UTA,4,PT03M50.00S,shootingFoul2,attemptEquivalent,2,2,
0022500492,201939,S. Curry,1610612744,GSW,4,PT03M34.00S,shootingFoul2,attemptEquivalent,2,2,
0022500494,1630595,C. Cunningham,1610612765,DET,1,PT08M55.00S,shootingFoul2,attemptEquivalent,2,2,
0022500494,1630596,E. Mobley,1610612739,CLE,1,PT06M52.00S,andOne,addOn,1,1,60
0022500494,1628378,D. Mitchell,1610612739,CLE,1,PT04M00.00S,shootingFoul2,attemptEquivalent,2,2,
0022500494,1628378,D. Mitchell,1610612739,CLE,1,PT01M43.00S,bonus,attemptEquivalent,1,2,
0022500494,1629631,D. Hunter,1610612739,CLE,1,PT00M53.00S,shootingFoul2,attemptEquivalent,2,2,
0022500494,1641772,N. Tomlin,1610612739,CLE,2,PT08M47.00S,shootingFoul2,attemptEquivalent,2,2,
0022500494,1630596,E. Mobley,1610612739,CLE,2,PT07M25.00S,shootingFoul2,attemptEquivalent,2,2,
0022500494,1630595,C. Cunningham,1610612765,DET,2,PT07M17.00S,shootingFoul2,attemptEquivalent,2,2,
0022500494,1642281,J. Tyson,1610612739,CLE,2,PT06M18.00S,shootingFoul2,attemptEquivalent,1,2,
0022500494,1629636,D. Garland,1610612739,CLE,2,PT05M35.00S,bonus,attemptEquivalent,2,2,
0022500494,1628418,T. Bryant,1610612739,CLE,2,PT04M12.00S,bonus,attemptEquivalent,2,2,
0022500494,1642450,D. Jenkins,1610612765,DET,2,PT00M14.50S,andOne,addOn,1,1,352
0022500494,1628378,D. Mitchell,1610612739,CLE,2,PT00M03.60S,bonus,attemptEquivalent,2,2,
0022500494,1630595,C. Cunningham,1610612765,DET,3,PT06M06.00S,shootingFoul2,attemptEquivalent,2,2,
0022500494,1628418,T. Bryant,1610612739,CLE,3,PT05M27.00S,shootingFoul2,attemptEquivalent,2,2,
0022500494,1630595,C. Cunningham,1610612765,DET,3,PT05M14.00S,shootingFoul2,attemptEquivalent,2,2,
0022500494,1630595,C. Cunningham,1610612765,DET,3,PT04M27.00S,shootingFoul2,attemptEquivalent,2,2,
0022500494,1628378,D. Mitchell,1610612739,CLE,3,PT03M43.00S,andOne,addOn,1,1,496
0022500494,1629631,D. Hunter,1610612739,CLE,3,PT03M11.00S,shootingFoul2,attemptEquivalent,2,2,
0022500494,1641842,R. Holland II,1610612765,DET,3,PT02M03.00S,bonus,attemptEquivalent,2,2,
0022500494,1641772,N. Tomlin,1610612739,CLE,4,PT10M21.00S,shootingFoul2,attemptEquivalent,1,2,
0022500494,1641842,R. Holland II,1610612765,DET,4,PT09M45.00S,andOne,addOn,1,1,582
0022500494,1629750,J. Green,1610612765,DET,4,PT07M22.00S,shootingFoul2,attemptEquivalent,2,2,
0022500494,1629631,D. Hunter,1610612739,CLE,4,PT02M21.00S,shootingFoul2,attemptEquivalent,2,2,
0022500494,1628378,D. Mitchell,1610612739,CLE,4,PT00M07.60S,shootingFoul2,attemptEquivalent,1,2,
0022500494,1642450,D. Jenkins,1610612765,DET,4,PT00M05.70S,bonus,attemptEquivalent,2,2,
0022500494,1642450,D. Jenkins,1610612765,DET,4,PT00M03.20S,bonus,attemptEquivalent,2,2,
0022500498,203944,J. Randle,1610612750,MIN,2,PT09M28.00S,shootingFoul2,attemptEquivalent,2,2,
0022500498,203944,J. Randle,1610612750,MIN,2,PT08M24.00S,shootingFoul2,attemptEquivalent,1,2,
0022500498,1630551,J. Champagnie,1610612764,WAS,2,PT07M45.00S,andOne,addOn,0,1,199
0022500498,1629675,N. Reid,1610612750,MIN,2,PT06M44.00S,shootingFoul2,attemptEquivalent,1,2,
0022500498,1641740,J. Clark,1610612750,MIN,2,PT04M30.00S,shootingFoul2,attemptEquivalent,2,2,
0022500498,1630183,J. McDaniels,1610612750,MIN,2,PT04M12.00S,bonus,attemptEquivalent,2,2,
0022500498,1630183,J. McDaniels,1610612750,MIN,2,PT03M54.00S,bonus,attemptEquivalent,2,2,
0022500498,203497,R. Gobert,1610612750,MIN,2,PT03M05.00S,shootingFoul2,attemptEquivalent,2,2,
0022500498,1641740,J. Clark,1610612750,MIN,2,PT01M15.00S,andOne,addOn,0,1,317
0022500498,1641774,T. Vukcevic,1610612764,WAS,2,PT00M56.70S,shootingFoul2,attemptEquivalent,2,2,
0022500498,1630162,A. Edwards,1610612750,MIN,3,PT10M37.00S,andOne,addOn,0,1,368
0022500498,203944,J. Randle,1610612750,MIN,3,PT09M28.00S,andOne,addOn,0,1,389
0022500498,1630183,J. McDaniels,1610612750,MIN,3,PT07M20.00S,bonus,attemptEquivalent,2,2,
0022500498,1630162,A. Edwards,1610612750,MIN,3,PT06M58.00S,shootingFoul3,attemptEquivalent,1,3,
0022500498,1630557,C. Kispert,1610612764,WAS,3,PT04M36.00S,shootingFoul3,attemptEquivalent,3,3,
0022500498,1642267,B. Carrington,1610612764,WAS,3,PT03M54.00S,bonus,attemptEquivalent,2,2,
0022500498,203468,C. McCollum,1610612764,WAS,4,PT10M15.00S,andOne,addOn,1,1,551
0022500498,1642848,T. Johnson,1610612764,WAS,4,PT08M27.00S,shootingFoul2,attemptEquivalent,2,2,
0022500498,1630538,B. Hyland,1610612750,MIN,4,PT07M02.00S,shootingFoul2,attemptEquivalent,2,2,
0022500498,1642848,T. Johnson,1610612764,WAS,4,PT06M17.00S,bonus,attemptEquivalent,2,2,
0022500498,1642860,W. Riley,1610612764,WAS,4,PT05M54.00S,shootingFoul2,attemptEquivalent,2,2,
0022500498,1642848,T. Johnson,1610612764,WAS,4,PT05M17.00S,shootingFoul2,attemptEquivalent,2,2,
0022500498,1631103,M. Branham,1610612764,WAS,4,PT01M18.00S,shootingFoul2,attemptEquivalent,1,2,
0022500498,1641740,J. Clark,1610612750,MIN,4,PT00M26.70S,shootingFoul2,attemptEquivalent,2,2,
0022500499,1626164,D. Booker,1610612756,PHX,1,PT10M34.00S,shootingFoul2,attemptEquivalent,1,2,
0022500499,1628415,D. Brooks,1610612756,PHX,1,PT07M43.00S,shootingFoul2,attemptEquivalent,2,2,
0022500499,1631096,C. Holmgren,1610612760,OKC,1,PT04M42.00S,andOne,addOn,0,1,86
0022500499,1642349,A. Mitchell,1610612760,OKC,1,PT00M52.40S,shootingFoul2,attemptEquivalent,2,2,
0022500499,1631109,M. Williams,1610612756,PHX,2,PT07M54.00S,shootingFoul2,attemptEquivalent,2,2,
0022500499,1631221,C. Gillespie,1610612756,PHX,2,PT06M57.00S,shootingFoul2,attemptEquivalent,1,2,
0022500499,1642349,A. Mitchell,1610612760,OKC,2,PT05M23.00S,shootingFoul2,attemptEquivalent,2,2,
0022500499,1642345,O. Ighodaro,1610612756,PHX,2,PT04M45.00S,shootingFoul2,attemptEquivalent,1,2,
0022500499,1642345,O. Ighodaro,1610612756,PHX,2,PT03M49.00S,bonus,attemptEquivalent,0,2,
0022500499,1626164,D. Booker,1610612756,PHX,2,PT02M55.00S,shootingFoul2,attemptEquivalent,2,2,
0022500499,1626164,D. Booker,1610612756,PHX,2,PT02M34.00S,bonus,attemptEquivalent,1,2,
0022500499,1631114,J. Williams,1610612760,OKC,3,PT11M47.00S,shootingFoul2,attemptEquivalent,2,2,
0022500499,1626164,D. Booker,1610612756,PHX,3,PT08M36.00S,shootingFoul2,attemptEquivalent,2,2,
0022500499,1626164,D. Booker,1610612756,PHX,3,PT06M52.00S,shootingFoul2,attemptEquivalent,2,2,
0022500499,1626164,D. Booker,1610612756,PHX,3,PT03M33.00S,shootingFoul2,attemptEquivalent,2,2,
0022500499,1628983,S. Gilgeous-Alexander,1610612760,OKC,3,PT03M03.00S,shootingFoul2,attemptEquivalent,2,2,
0022500499,1628983,S. Gilgeous-Alexander,1610612760,OKC,3,PT01M20.00S,andOne,addOn,1,1,474
0022500499,1631123,J. Bouyea,1610612756,PHX,4,PT10M31.00S,shootingFoul2,attemptEquivalent,0,2,
0022500499,1630598,A. Wiggins,1610612760,OKC,4,PT09M09.00S,andOne,addOn,1,1,534
0022500499,1631114,J. Williams,1610612760,OKC,4,PT07M45.00S,shootingFoul2,attemptEquivalent,2,2,
0022500499,1628415,D. Brooks,1610612756,PHX,4,PT04M52.00S,shootingFoul2,attemptEquivalent,2,2,
0022500499,1628983,S. Gilgeous-Alexander,1610612760,OKC,4,PT04M41.00S,shootingFoul3,attemptEquivalent,3,3,
0022500499,1626164,D. Booker,1610612756,PHX,4,PT03M48.00S,shootingFoul2,attemptEquivalent,2,2,
0022500499,1628983,S. Gilgeous-Alexander,1610612760,OKC,4,PT01M32.00S,shootingFoul2,attemptEquivalent,1,2,
0022500500,201566,R. Westbrook,1610612758,SAC,1,PT10M32.00S,shootingFoul2,attemptEquivalent,1,2,
0022500500,203507,G. Antetokounmpo,1610612749,MIL,1,PT07M55.00S,shootingFoul2,attemptEquivalent,2,2,
0022500500,1626171,B. Portis,1610612749,MIL,2,PT10M43.00S,andOne,addOn,1,1,150
0022500500,1628398,K. Kuzma,1610612749,MIL,2,PT08M36.00S,shootingFoul2,attemptEquivalent,1,2,
0022500500,203507,G. Antetokounmpo,1610612749,MIL,2,PT07M32.00S,andOne,addOn,1,1,194
0022500500,203897,Z. LaVine,1610612758,SAC,2,PT05M47.00S,shootingFoul2,attemptEquivalent,2,2,
0022500500,1629645,K. Porter Jr.,1610612749,MIL,2,PT04M02.00S,shootingFoul2,attemptEquivalent,2,2,
0022500500,1629645,K. Porter Jr.,1610612749,MIL,2,PT03M23.00S,bonus,attemptEquivalent,2,2,
0022500500,201566,R. Westbrook,1610612758,SAC,2,PT02M45.00S,shootingFoul2,attemptEquivalent,2,2,
0022500500,201942,D. DeRozan,1610612758,SAC,2,PT02M24.00S,shootingFoul2,attemptEquivalent,1,2,
0022500500,1626167,M. Turner,1610612749,MIL,2,PT02M16.00S,bonus,attemptEquivalent,2,2,
0022500500,201566,R. Westbrook,1610612758,SAC,2,PT02M08.00S,shootingFoul2,attemptEquivalent,1,2,
0022500500,203507,G. Antetokounmpo,1610612749,MIL,3,PT09M29.00S,shootingFoul2,attemptEquivalent,2,2,
0022500500,203507,G. Antetokounmpo,1610612749,MIL,3,PT07M01.00S,andOne,addOn,0,1,372
0022500500,201942,D. DeRozan,1610612758,SAC,3,PT05M53.00S,shootingFoul2,attemptEquivalent,0,2,
0022500500,201942,D. DeRozan,1610612758,SAC,3,PT05M38.00S,shootingFoul2,attemptEquivalent,1,2,
0022500500,203507,G. Antetokounmpo,1610612749,MIL,3,PT04M33.00S,shootingFoul2,attemptEquivalent,1,2,
0022500500,201566,R. Westbrook,1610612758,SAC,3,PT03M16.00S,shootingFoul2,attemptEquivalent,2,2,
0022500500,203471,D. Schröder,1610612758,SAC,3,PT02M25.00S,shootingFoul3,attemptEquivalent,3,3,
0022500500,203897,Z. LaVine,1610612758,SAC,3,PT01M23.00S,shootingFoul2,attemptEquivalent,2,2,
0022500500,1629645,K. Porter Jr.,1610612749,MIL,4,PT09M31.00S,andOne,addOn,1,1,521
0022500500,203471,D. Schröder,1610612758,SAC,4,PT09M11.00S,shootingFoul2,attemptEquivalent,2,2,
0022500500,1629645,K. Porter Jr.,1610612749,MIL,4,PT08M22.00S,shootingFoul3,attemptEquivalent,3,3,
0022500500,201566,R. Westbrook,1610612758,SAC,4,PT07M11.00S,shootingFoul2,attemptEquivalent,2,2,
0022500500,1642363,N. Clifford,1610612758,SAC,4,PT06M25.00S,shootingFoul2,attemptEquivalent,1,2,
0022500500,203507,G. Antetokounmpo,1610612749,MIL,4,PT05M15.00S,bonus,attemptEquivalent,2,2,
0022500500,203507,G. Antetokounmpo,1610612749,MIL,4,PT04M50.00S,andOne,addOn,1,1,584
0022500500,203507,G. Antetokounmpo,1610612749,MIL,4,PT03M54.00S,shootingFoul2,attemptEquivalent,2,2,
0022500500,201566,R. Westbrook,1610612758,SAC,4,PT03M21.00S,bonus,attemptEquivalent,2,2,
0022500500,1631157,R. Rollins,1610612749,MIL,4,PT00M27.60S,shootingFoul2,attemptEquivalent,2,2,
0022500500,203897,Z. LaVine,1610612758,SAC,4,PT00M21.30S,shootingFoul2,attemptEquivalent,2,2,
0022500506,1641706,B. Miller,1610612766,CHA,1,PT08M54.00S,shootingFoul2,attemptEquivalent,2,2,
0022500506,1631217,M. Diabaté,1610612766,CHA,1,PT07M52.00S,shootingFoul2,attemptEquivalent,1,2,
0022500506,1628970,M. Bridges,1610612766,CHA,1,PT07M16.00S,shootingFoul2,attemptEquivalent,2,2,
0022500506,1628983,S. Gilgeous-Alexander,1610612760,OKC,1,PT04M09.00S,shootingFoul2,attemptEquivalent,2,2,
0022500506,1631096,C. Holmgren,1610612760,OKC,2,PT09M33.00S,shootingFoul2,attemptEquivalent,2,2,
0022500506,1631114,J. Williams,1610612760,OKC,2,PT08M55.00S,shootingFoul2,attemptEquivalent,1,2,
0022500506,1631114,J. Williams,1610612760,OKC,2,PT07M14.00S,transitionTake,addOn,0,1,
0022500506,1631096,C. Holmgren,1610612760,OKC,2,PT06M44.00S,shootingFoul2,attemptEquivalent,1,2,
0022500506,1641706,B. Miller,1610612766,CHA,2,PT04M43.00S,shootingFoul3,attemptEquivalent,3,3,
0022500506,1629026,K. Williams,1610612760,OKC,2,PT04M08.00S,shootingFoul2,attemptEquivalent,0,2,
0022500506,1642349,A. Mitchell,1610612760,OKC,2,PT03M12.00S,bonus,attemptEquivalent,1,2,
0022500506,1628970,M. Bridges,1610612766,CHA,2,PT01M56.00S,andOne,addOn,1,1,336
0022500506,1631096,C. Holmgren,1610612760,OKC,2,PT01M36.00S,shootingFoul2,attemptEquivalent,1,2,
0022500506,1630163,L. Ball,1610612766,CHA,2,PT00M37.60S,bonus,attemptEquivalent,2,2,
0022500506,1630598,A. Wiggins,1610612760,OKC,3,PT10M16.00S,shootingFoul2,attemptEquivalent,1,2,
0022500506,1628983,S. Gilgeous-Alexander,1610612760,OKC,3,PT09M10.00S,shootingFoul2,attemptEquivalent,2,2,
0022500506,1628983,S. Gilgeous-Alexander,1610612760,OKC,3,PT07M18.00S,shootingFoul2,attemptEquivalent,2,2,
0022500506,1642851,K. Knueppel,1610612766,CHA,3,PT06M11.00S,shootingFoul3,attemptEquivalent,2,3,
0022500506,1628970,M. Bridges,1610612766,CHA,3,PT05M01.00S,shootingFoul2,attemptEquivalent,2,2,
0022500506,1629012,C. Sexton,1610612766,CHA,3,PT03M20.00S,shootingFoul2,attemptEquivalent,2,2,
0022500506,1629012,C. Sexton,1610612766,CHA,3,PT02M25.00S,shootingFoul2,attemptEquivalent,2,2,
0022500506,1642883,S. James,1610612766,CHA,3,PT01M05.00S,shootingFoul2,attemptEquivalent,2,2,
0022500506,1631114,J. Williams,1610612760,OKC,4,PT10M26.00S,shootingFoul2,attemptEquivalent,2,2,
0022500506,1642382,B. Carlson,1610612760,OKC,4,PT06M32.00S,shootingFoul2,attemptEquivalent,1,2,
0022500506,1641790,P. Hall,1610612766,CHA,4,PT04M49.00S,shootingFoul2,attemptEquivalent,2,2,
0022500506,1630198,I. Joe,1610612760,OKC,4,PT03M18.00S,bonus,attemptEquivalent,2,2,
0022500509,1631101,S. Sharpe,1610612757,POR,1,PT08M51.00S,shootingFoul2,attemptEquivalent,2,2,
0022500509,1631200,K. Murray,1610612757,POR,2,PT10M36.00S,shootingFoul2,attemptEquivalent,2,2,
0022500509,1631200,K. Murray,1610612757,POR,2,PT07M41.00S,shootingFoul2,attemptEquivalent,2,2,
0022500509,1641718,K. George,1610612762,UTA,2,PT06M08.00S,shootingFoul2,attemptEquivalent,2,2,
0022500509,1630166,D. Avdija,1610612757,POR,2,PT05M09.00S,shootingFoul2,attemptEquivalent,2,2,
0022500509,1630166,D. Avdija,1610612757,POR,2,PT02M56.00S,andOne,addOn,1,1,300
0022500509,1642271,K. Filipowski,1610612762,UTA,2,PT02M35.00S,andOne,addOn,1,1,309
0022500509,1628374,L. Markkanen,1610612762,UTA,2,PT01M48.00S,shootingFoul2,attemptEquivalent,2,2,
0022500509,1630166,D. Avdija,1610612757,POR,2,PT01M08.00S,shootingFoul2,attemptEquivalent,1,2,
0022500509,1641718,K. George,1610612762,UTA,3,PT11M51.00S,shootingFoul2,attemptEquivalent,2,2,
0022500509,1641739,T. Camara,1610612757,POR,3,PT10M38.00S,andOne,addOn,1,1,371
0022500509,1630166,D. Avdija,1610612757,POR,3,PT10M04.00S,shootingFoul2,attemptEquivalent,2,2,
0022500509,1630166,D. Avdija,1610612757,POR,3,PT09M47.00S,shootingFoul2,attemptEquivalent,2,2,
0022500509,1642271,K. Filipowski,1610612762,UTA,3,PT00M18.70S,shootingFoul2,attemptEquivalent,1,2,
0022500509,1641739,T. Camara,1610612757,POR,4,PT09M48.00S,shootingFoul2,attemptEquivalent,2,2,
0022500509,1642268,I. Collier,1610612762,UTA,4,PT08M01.00S,shootingFoul2,attemptEquivalent,1,2,
0022500509,203994,J. Nurkić,1610612762,UTA,4,PT06M27.00S,andOne,addOn,1,1,597
0022500509,1642268,I. Collier,1610612762,UTA,4,PT05M00.00S,bonus,attemptEquivalent,1,2,
0022500509,1642905,H. Yang,1610612757,POR,4,PT00M50.80S,shootingFoul2,attemptEquivalent,2,2,
0022500509,1642268,I. Collier,1610612762,UTA,4,PT00M38.10S,bonus,attemptEquivalent,2,2,
0022500511,1631094,P. Banchero,1610612753,ORL,1,PT10M27.00S,shootingFoul2,attemptEquivalent,2,2,
0022500511,1642259,A. Sarr,1610612764,WAS,1,PT09M16.00S,shootingFoul2,attemptEquivalent,2,2,
0022500511,1630217,D. Bane,1610612753,ORL,1,PT02M37.00S,shootingFoul2,attemptEquivalent,2,2,
0022500511,1642859,J. Richardson,1610612753,ORL,1,PT01M51.00S,shootingFoul2,attemptEquivalent,2,2,
0022500511,1628963,M. Bagley III,1610612764,WAS,1,PT01M06.00S,shootingFoul2,attemptEquivalent,2,2,
0022500511,1630551,J. Champagnie,1610612764,WAS,2,PT11M16.00S,shootingFoul2,attemptEquivalent,1,2,
0022500511,1630217,D. Bane,1610612753,ORL,2,PT10M47.00S,shootingFoul2,attemptEquivalent,1,2,
0022500511,1631094,P. Banchero,1610612753,ORL,2,PT07M25.00S,andOne,addOn,0,1,213
0022500511,203114,K. Middleton,1610612764,WAS,2,PT06M36.00S,shootingFoul2,attemptEquivalent,2,2,
0022500511,203114,K. Middleton,1610612764,WAS,2,PT05M42.00S,shootingFoul2,attemptEquivalent,2,2,
0022500511,1631094,P. Banchero,1610612753,ORL,2,PT03M59.00S,shootingFoul2,attemptEquivalent,1,2,
0022500511,1642259,A. Sarr,1610612764,WAS,2,PT02M03.00S,shootingFoul2,attemptEquivalent,2,2,
0022500511,1642259,A. Sarr,1610612764,WAS,3,PT10M09.00S,andOne,addOn,1,1,342
0022500511,1642259,A. Sarr,1610612764,WAS,3,PT09M02.00S,shootingFoul2,attemptEquivalent,2,2,
0022500511,1641731,B. Coulibaly,1610612764,WAS,3,PT08M42.00S,shootingFoul2,attemptEquivalent,2,2,
0022500511,203468,C. McCollum,1610612764,WAS,3,PT08M18.00S,bonus,attemptEquivalent,2,2,
0022500511,1642848,T. Johnson,1610612764,WAS,3,PT06M10.00S,shootingFoul2,attemptEquivalent,2,2,
0022500511,1630217,D. Bane,1610612753,ORL,3,PT05M42.00S,shootingFoul2,attemptEquivalent,1,2,
0022500511,1641724,J. Howard,1610612753,ORL,3,PT04M10.00S,bonus,attemptEquivalent,2,2,
0022500511,1628963,M. Bagley III,1610612764,WAS,3,PT03M31.00S,bonus,attemptEquivalent,2,2,
0022500511,1642869,N. Penda,1610612753,ORL,3,PT03M13.00S,shootingFoul2,attemptEquivalent,1,2,
0022500511,1642869,N. Penda,1610612753,ORL,3,PT02M23.00S,shootingFoul2,attemptEquivalent,0,2,
0022500511,1628963,M. Bagley III,1610612764,WAS,3,PT01M51.00S,bonus,attemptEquivalent,2,2,
0022500511,1642859,J. Richardson,1610612753,ORL,3,PT01M20.00S,andOne,addOn,1,1,492
0022500511,1641724,J. Howard,1610612753,ORL,3,PT01M15.00S,bonus,attemptEquivalent,1,2,
0022500511,1628963,M. Bagley III,1610612764,WAS,3,PT01M05.00S,bonus,attemptEquivalent,2,2,
0022500511,1641724,J. Howard,1610612753,ORL,4,PT10M45.00S,transitionTake,addOn,1,1,
0022500511,1628371,J. Isaac,1610612753,ORL,4,PT10M04.00S,andOne,addOn,1,1,555
0022500511,203114,K. Middleton,1610612764,WAS,4,PT07M00.00S,shootingFoul2,attemptEquivalent,2,2,
0022500511,1641731,B. Coulibaly,1610612764,WAS,4,PT00M36.60S,bonus,attemptEquivalent,1,2,
0022500511,1641731,B. Coulibaly,1610612764,WAS,4,PT00M22.30S,bonus,attemptEquivalent,2,2,
0022500515,1631108,M. Christie,1610612742,DAL,1,PT10M55.00S,shootingFoul2,attemptEquivalent,2,2,
0022500515,203897,Z. LaVine,1610612758,SAC,1,PT08M48.00S,shootingFoul2,attemptEquivalent,2,2,
0022500515,201566,R. Westbrook,1610612758,SAC,1,PT08M02.00S,shootingFoul2,attemptEquivalent,1,2,
0022500515,203076,A. Davis,1610612742,DAL,1,PT04M56.00S,shootingFoul2,attemptEquivalent,1,2,
0022500515,203076,A. Davis,1610612742,DAL,1,PT04M41.00S,shootingFoul2,attemptEquivalent,1,2,
0022500515,203471,D. Schröder,1610612758,SAC,1,PT02M54.00S,shootingFoul2,attemptEquivalent,0,2,
0022500515,203471,D. Schröder,1610612758,SAC,1,PT02M13.00S,andOne,addOn,0,1,154
0022500515,1628997,C. Martin,1610612742,DAL,1,PT00M00.60S,bonus,attemptEquivalent,1,2,
0022500515,201942,D. DeRozan,1610612758,SAC,2,PT07M22.00S,shootingFoul2,attemptEquivalent,2,2,
0022500515,201566,R. Westbrook,1610612758,SAC,2,PT06M56.00S,shootingFoul2,attemptEquivalent,1,2,
0022500515,203076,A. Davis,1610612742,DAL,2,PT06M07.00S,andOne,addOn,1,1,286
0022500515,1642875,M. Raynaud,1610612758,SAC,2,PT04M46.00S,shootingFoul2,attemptEquivalent,2,2,
0022500515,1630314,B. Williams,1610612742,DAL,3,PT05M18.00S,shootingFoul2,attemptEquivalent,1,2,
0022500515,203076,A. Davis,1610612742,DAL,3,PT04M02.00S,shootingFoul2,attemptEquivalent,2,2,
0022500515,1642843,C. Flagg,1610612742,DAL,3,PT02M12.00S,bonus,attemptEquivalent,2,2,
0022500515,1630314,B. Williams,1610612742,DAL,3,PT00M34.50S,andOne,addOn,1,1,530
0022500515,1630314,B. Williams,1610612742,DAL,4,PT10M19.00S,shootingFoul2,attemptEquivalent,1,2,
0022500515,203471,D. Schröder,1610612758,SAC,4,PT10M10.00S,shootingFoul2,attemptEquivalent,2,2,
0022500515,203471,D. Schröder,1610612758,SAC,4,PT08M57.00S,shootingFoul2,attemptEquivalent,1,2,
0022500515,1630230,N. Marshall,1610612742,DAL,4,PT00M08.10S,bonus,attemptEquivalent,0,2,
0022500518,203954,J. Embiid,1610612755,PHI,1,PT07M32.00S,shootingFoul2,attemptEquivalent,2,2,
0022500518,1641731,B. Coulibaly,1610612764,WAS,1,PT06M19.00S,shootingFoul2,attemptEquivalent,2,2,
0022500518,202331,P. George,1610612755,PHI,1,PT06M05.00S,shootingFoul2,attemptEquivalent,2,2,
0022500518,1642845,V. Edgecombe,1610612755,PHI,1,PT04M27.00S,shootingFoul2,attemptEquivalent,2,2,
0022500518,1642267,B. Carrington,1610612764,WAS,1,PT01M10.00S,shootingFoul3,attemptEquivalent,3,3,
0022500518,1631103,M. Branham,1610612764,WAS,2,PT06M41.00S,shootingFoul2,attemptEquivalent,2,2,
0022500518,202331,P. George,1610612755,PHI,2,PT04M18.00S,shootingFoul2,attemptEquivalent,2,2,
0022500518,1630178,T. Maxey,1610612755,PHI,2,PT01M56.00S,andOne,addOn,0,1,283
0022500518,203954,J. Embiid,1610612755,PHI,2,PT01M04.00S,shootingFoul2,attemptEquivalent,2,2,
0022500518,203954,J. Embiid,1610612755,PHI,2,PT00M02.20S,shootingFoul2,attemptEquivalent,2,2,
0022500518,1642259,A. Sarr,1610612764,WAS,3,PT07M59.00S,shootingFoul2,attemptEquivalent,2,2,
0022500518,1642845,V. Edgecombe,1610612755,PHI,3,PT07M36.00S,shootingFoul2,attemptEquivalent,2,2,
0022500518,203954,J. Embiid,1610612755,PHI,3,PT06M04.00S,shootingFoul2,attemptEquivalent,1,2,
0022500518,1629656,Q. Grimes,1610612755,PHI,4,PT10M05.00S,shootingFoul2,attemptEquivalent,2,2,
0022500518,203083,A. Drummond,1610612755,PHI,4,PT09M07.00S,shootingFoul2,attemptEquivalent,1,2,
0022500518,1642848,T. Johnson,1610612764,WAS,4,PT08M37.00S,shootingFoul2,attemptEquivalent,2,2,
0022500518,202331,P. George,1610612755,PHI,4,PT05M59.00S,shootingFoul2,attemptEquivalent,1,2,
0022500518,1642348,J. Edwards,1610612755,PHI,4,PT04M45.00S,bonus,attemptEquivalent,1,2,
0022500518,1629656,Q. Grimes,1610612755,PHI,4,PT03M15.00S,andOne,addOn,1,1,576
0022500518,203083,A. Drummond,1610612755,PHI,4,PT02M08.00S,shootingFoul2,attemptEquivalent,2,2,
0022500518,1629656,Q. Grimes,1610612755,PHI,4,PT02M00.00S,bonus,attemptEquivalent,2,2,
0022500518,1642272,J. McCain,1610612755,PHI,4,PT01M08.00S,bonus,attemptEquivalent,2,2,
0022500525,1628983,S. Gilgeous-Alexander,1610612760,OKC,1,PT10M03.00S,shootingFoul2,attemptEquivalent,1,2,
0022500525,1631096,C. Holmgren,1610612760,OKC,1,PT09M34.00S,shootingFoul2,attemptEquivalent,2,2,
0022500525,1628374,L. Markkanen,1610612762,UTA,1,PT07M34.00S,shootingFoul2,attemptEquivalent,2,2,
0022500525,1628983,S. Gilgeous-Alexander,1610612760,OKC,1,PT06M01.00S,transitionTake,addOn,1,1,
0022500525,1631096,C. Holmgren,1610612760,OKC,1,PT05M02.00S,shootingFoul2,attemptEquivalent,1,2,
0022500525,1642268,I. Collier,1610612762,UTA,1,PT01M04.00S,shootingFoul2,attemptEquivalent,0,2,
0022500525,1628983,S. Gilgeous-Alexander,1610612760,OKC,1,PT00M02.50S,shootingFoul2,attemptEquivalent,1,2,
0022500525,1642349,A. Mitchell,1610612760,OKC,2,PT10M40.00S,shootingFoul2,attemptEquivalent,2,2,
0022500525,1631114,J. Williams,1610612760,OKC,2,PT09M23.00S,shootingFoul2,attemptEquivalent,2,2,
0022500525,1630198,I. Joe,1610612760,OKC,2,PT08M35.00S,shootingFoul3,attemptEquivalent,2,3,
0022500525,1642349,A. Mitchell,1610612760,OKC,2,PT05M58.00S,shootingFoul2,attemptEquivalent,2,2,
0022500525,1628374,L. Markkanen,1610612762,UTA,2,PT04M22.00S,shootingFoul2,attemptEquivalent,1,2,
0022500525,1628983,S. Gilgeous-Alexander,1610612760,OKC,2,PT02M53.00S,shootingFoul2,attemptEquivalent,2,2,
0022500525,1641718,K. George,1610612762,UTA,2,PT02M20.00S,andOne,addOn,1,1,317
0022500525,203994,J. Nurkić,1610612762,UTA,2,PT01M08.00S,shootingFoul2,attemptEquivalent,1,2,
0022500525,1629004,S. Mykhailiuk,1610612762,UTA,2,PT00M34.60S,shootingFoul2,attemptEquivalent,1,2,
0022500525,1628983,S. Gilgeous-Alexander,1610612760,OKC,3,PT11M13.00S,shootingFoul2,attemptEquivalent,2,2,
0022500525,1629004,S. Mykhailiuk,1610612762,UTA,3,PT08M27.00S,andOne,addOn,1,1,415
0022500525,1628374,L. Markkanen,1610612762,UTA,3,PT07M09.00S,andOne,addOn,1,1,440
0022500525,1628983,S. Gilgeous-Alexander,1610612760,OKC,3,PT06M38.00S,andOne,addOn,1,1,453
0022500525,203994,J. Nurkić,1610612762,UTA,3,PT05M01.00S,shootingFoul2,attemptEquivalent,2,2,
0022500525,1628983,S. Gilgeous-Alexander,1610612760,OKC,3,PT04M50.00S,andOne,addOn,1,1,484
0022500525,1628983,S. Gilgeous-Alexander,1610612760,OKC,3,PT03M07.00S,shootingFoul2,attemptEquivalent,2,2,
0022500525,1641718,K. George,1610612762,UTA,3,PT03M07.00S,bonus,attemptEquivalent,2,2,
0022500525,1642382,B. Carlson,1610612760,OKC,3,PT03M02.00S,bonus,attemptEquivalent,1,2,
0022500525,1642383,W. Clayton Jr.,1610612762,UTA,4,PT11M08.00S,andOne,addOn,1,1,580
0022500525,1641718,K. George,1610612762,UTA,4,PT08M36.00S,shootingFoul2,attemptEquivalent,2,2,
0022500525,1631114,J. Williams,1610612760,OKC,4,PT05M35.00S,shootingFoul2,attemptEquivalent,2,2,
0022500525,1631096,C. Holmgren,1610612760,OKC,4,PT04M27.00S,andOne,addOn,1,1,685
0022500525,1631096,C. Holmgren,1610612760,OKC,4,PT02M12.00S,andOne,addOn,0,1,708
0022500525,1628983,S. Gilgeous-Alexander,1610612760,OKC,5,PT03M12.00S,andOne,addOn,1,1,769
0022500525,1631096,C. Holmgren,1610612760,OKC,5,PT01M05.00S,bonus,attemptEquivalent,1,2,
0022500525,1641729,B. Sensabaugh,1610612762,UTA,5,PT00M41.50S,andOne,addOn,1,1,799
0022500525,1628983,S. Gilgeous-Alexander,1610612760,OKC,5,PT00M08.90S,bonus,attemptEquivalent,2,2,
0022500525,1629652,L. Dort,1610612760,OKC,5,PT00M04.60S,bonus,attemptEquivalent,1,2,
0022500525,1628983,S. Gilgeous-Alexander,1610612760,OKC,5,PT00M01.40S,bonus,attemptEquivalent,2,2,
0022500530,1630596,E. Mobley,1610612739,CLE,1,PT09M49.00S,andOne,addOn,0,1,27
0022500530,1628386,J. Allen,1610612739,CLE,1,PT09M20.00S,shootingFoul2,attemptEquivalent,1,2,
0022500530,1629636,D. Garland,1610612739,CLE,1,PT08M22.00S,shootingFoul2,attemptEquivalent,1,2,
0022500530,1630162,A. Edwards,1610612750,MIN,1,PT06M52.00S,shootingFoul2,attemptEquivalent,1,2,
0022500530,1630241,S. Merrill,1610612739,CLE,1,PT05M37.00S,shootingFoul3,attemptEquivalent,3,3,
0022500530,1628378,D. Mitchell,1610612739,CLE,1,PT01M59.00S,shootingFoul2,attemptEquivalent,2,2,
0022500530,203497,R. Gobert,1610612750,MIN,2,PT10M51.00S,andOne,addOn,0,1,190
0022500530,1629636,D. Garland,1610612739,CLE,2,PT05M56.00S,shootingFoul2,attemptEquivalent,0,2,
0022500530,1629675,N. Reid,1610612750,MIN,2,PT04M04.00S,shootingFoul2,attemptEquivalent,1,2,
0022500530,1628378,D. Mitchell,1610612739,CLE,2,PT03M42.00S,andOne,addOn,1,1,303
0022500530,203497,R. Gobert,1610612750,MIN,2,PT02M56.00S,bonus,attemptEquivalent,1,2,
0022500530,1628378,D. Mitchell,1610612739,CLE,2,PT01M54.00S,shootingFoul2,attemptEquivalent,2,2,
0022500530,203944,J. Randle,1610612750,MIN,3,PT10M29.00S,shootingFoul2,attemptEquivalent,2,2,
0022500530,203944,J. Randle,1610612750,MIN,3,PT06M47.00S,shootingFoul2,attemptEquivalent,2,2,
0022500530,1628378,D. Mitchell,1610612739,CLE,3,PT03M41.00S,shootingFoul2,attemptEquivalent,1,2,
0022500530,1628378,D. Mitchell,1610612739,CLE,4,PT04M53.00S,shootingFoul2,attemptEquivalent,2,2,
0022500530,1630183,J. McDaniels,1610612750,MIN,4,PT03M39.00S,shootingFoul2,attemptEquivalent,1,2,
0022500530,1629631,D. Hunter,1610612739,CLE,4,PT03M21.00S,shootingFoul2,attemptEquivalent,2,2,
0022500530,1630183,J. McDaniels,1610612750,MIN,4,PT00M29.40S,bonus,attemptEquivalent,0,2,
0022500530,203944,J. Randle,1610612750,MIN,4,PT00M26.40S,bonus,attemptEquivalent,1,2,
0022500531,1641718,K. George,1610612762,UTA,1,PT04M29.00S,andOne,addOn,1,1,83
0022500531,1628374,L. Markkanen,1610612762,UTA,2,PT10M53.00S,shootingFoul2,attemptEquivalent,2,2,
0022500531,201567,K. Love,1610612762,UTA,2,PT08M15.00S,shootingFoul2,attemptEquivalent,2,2,
0022500531,1631108,M. Christie,1610612742,DAL,2,PT07M41.00S,shootingFoul2,attemptEquivalent,2,2,
0022500531,1631108,M. Christie,1610612742,DAL,2,PT06M59.00S,transitionTake,addOn,1,1,
0022500531,1642271,K. Filipowski,1610612762,UTA,2,PT05M16.00S,shootingFoul2,attemptEquivalent,1,2,
0022500531,1642843,C. Flagg,1610612742,DAL,2,PT01M21.00S,shootingFoul2,attemptEquivalent,2,2,
0022500531,203076,A. Davis,1610612742,DAL,2,PT00M12.20S,andOne,addOn,1,1,323
0022500531,1628374,L. Markkanen,1610612762,UTA,3,PT08M57.00S,shootingFoul2,attemptEquivalent,1,2,
0022500531,1641718,K. George,1610612762,UTA,3,PT08M09.00S,shootingFoul2,attemptEquivalent,1,2,
0022500531,202691,K. Thompson,1610612742,DAL,3,PT00M43.90S,shootingFoul2,attemptEquivalent,2,2,
0022500531,201567,K. Love,1610612762,UTA,4,PT09M43.00S,andOne,addOn,1,1,506
0022500531,1642843,C. Flagg,1610612742,DAL,4,PT08M42.00S,shootingFoul2,attemptEquivalent,1,2,
0022500531,1630230,N. Marshall,1610612742,DAL,4,PT01M26.00S,shootingFoul2,attemptEquivalent,1,2,
0022500531,1628374,L. Markkanen,1610612762,UTA,4,PT00M07.10S,bonus,attemptEquivalent,0,2,
0022500534,1642259,A. Sarr,1610612764,WAS,1,PT07M16.00S,andOne,addOn,1,1,58
0022500534,1629627,Z. Williamson,1610612740,NOP,1,PT05M03.00S,andOne,addOn,1,1,92
0022500534,1642274,Y. Missi,1610612740,NOP,1,PT02M25.00S,shootingFoul2,attemptEquivalent,1,2,
0022500534,1631103,M. Branham,1610612764,WAS,1,PT00M37.40S,shootingFoul2,attemptEquivalent,2,2,
0022500534,1641722,J. Hawkins,1610612740,NOP,2,PT11M44.00S,shootingFoul3,attemptEquivalent,3,3,
0022500534,1641774,T. Vukcevic,1610612764,WAS,2,PT10M50.00S,andOne,addOn,1,1,214
0022500534,1629627,Z. Williamson,1610612740,NOP,2,PT10M32.00S,shootingFoul2,attemptEquivalent,1,2,
0022500534,1641774,T. Vukcevic,1610612764,WAS,2,PT06M43.00S,shootingFoul2,attemptEquivalent,1,2,
0022500534,1631121,B. McGowens,1610612740,NOP,2,PT06M13.00S,shootingFoul2,attemptEquivalent,1,2,
0022500534,1630530,T. Murphy III,1610612740,NOP,2,PT04M55.00S,shootingFoul2,attemptEquivalent,1,2,
0022500534,1642848,T. Johnson,1610612764,WAS,2,PT04M24.00S,shootingFoul2,attemptEquivalent,2,2,
0022500534,1642259,A. Sarr,1610612764,WAS,2,PT03M58.00S,shootingFoul2,attemptEquivalent,1,2,
0022500534,1642259,A. Sarr,1610612764,WAS,2,PT03M24.00S,shootingFoul2,attemptEquivalent,1,2,
0022500534,1629627,Z. Williamson,1610612740,NOP,2,PT03M07.00S,andOne,addOn,1,1,337
0022500534,1641731,B. Coulibaly,1610612764,WAS,2,PT01M21.00S,shootingFoul2,attemptEquivalent,1,2,
0022500534,1629627,Z. Williamson,1610612740,NOP,2,PT00M08.00S,andOne,addOn,0,1,369
0022500534,1641731,B. Coulibaly,1610612764,WAS,3,PT11M21.00S,shootingFoul2,attemptEquivalent,2,2,
0022500534,1629627,Z. Williamson,1610612740,NOP,3,PT10M40.00S,andOne,addOn,1,1,400
0022500534,1629627,Z. Williamson,1610612740,NOP,3,PT10M05.00S,andOne,addOn,0,1,408
0022500534,1630530,T. Murphy III,1610612740,NOP,3,PT08M28.00S,andOne,addOn,1,1,434
0022500534,1642259,A. Sarr,1610612764,WAS,3,PT07M44.00S,andOne,addOn,1,1,449
0022500534,1641774,T. Vukcevic,1610612764,WAS,3,PT03M54.00S,bonus,attemptEquivalent,2,2,
0022500534,1641774,T. Vukcevic,1610612764,WAS,4,PT11M38.00S,shootingFoul2,attemptEquivalent,1,2,
0022500534,1641774,T. Vukcevic,1610612764,WAS,4,PT10M34.00S,shootingFoul2,attemptEquivalent,1,2,
0022500534,1631103,M. Branham,1610612764,WAS,4,PT10M21.00S,shootingFoul2,attemptEquivalent,2,2,
0022500534,1629627,Z. Williamson,1610612740,NOP,4,PT09M05.00S,shootingFoul2,attemptEquivalent,0,2,
0022500534,1641731,B. Coulibaly,1610612764,WAS,4,PT07M34.00S,shootingFoul2,attemptEquivalent,0,2,
0022500534,1642847,J. Fears,1610612740,NOP,4,PT06M18.00S,andOne,addOn,1,1,647
0022500534,1642848,T. Johnson,1610612764,WAS,4,PT05M59.00S,bonus,attemptEquivalent,2,2,
0022500534,1629627,Z. Williamson,1610612740,NOP,4,PT05M07.00S,shootingFoul2,attemptEquivalent,2,2,
0022500534,1629627,Z. Williamson,1610612740,NOP,4,PT03M55.00S,shootingFoul2,attemptEquivalent,1,2,
0022500534,1642259,A. Sarr,1610612764,WAS,4,PT02M44.00S,bonus,attemptEquivalent,0,2,
0022500534,1641774,T. Vukcevic,1610612764,WAS,4,PT00M55.30S,andOne,addOn,1,1,727
0022500539,201939,S. Curry,1610612744,GSW,1,PT10M51.00S,andOne,addOn,1,1,17
0022500539,202710,J. Butler III,1610612744,GSW,1,PT08M02.00S,andOne,addOn,1,1,48
0022500539,1629001,D. Melton,1610612744,GSW,1,PT02M18.00S,shootingFoul2,attemptEquivalent,2,2,
0022500539,201942,D. DeRozan,1610612758,SAC,1,PT01M21.00S,shootingFoul2,attemptEquivalent,1,2,
0022500539,1630173,P. Achiuwa,1610612758,SAC,2,PT02M50.00S,shootingFoul2,attemptEquivalent,1,2,
0022500539,202710,J. Butler III,1610612744,GSW,3,PT08M24.00S,shootingFoul2,attemptEquivalent,2,2,
0022500539,201942,D. DeRozan,1610612758,SAC,3,PT05M11.00S,shootingFoul2,attemptEquivalent,2,2,
0022500539,1631165,K. Ellis,1610612758,SAC,3,PT04M52.00S,shootingFoul2,attemptEquivalent,2,2,
0022500539,203471,D. Schröder,1610612758,SAC,3,PT04M07.00S,shootingFoul2,attemptEquivalent,2,2,
0022500539,1629001,D. Melton,1610612744,GSW,3,PT02M39.00S,shootingFoul2,attemptEquivalent,2,2,
0022500539,1641764,B. Podziemski,1610612744,GSW,4,PT08M16.00S,flagrant,addOn,2,2,
0022500539,1641764,B. Podziemski,1610612744,GSW,4,PT06M47.00S,andOne,addOn,1,1,569
0022500539,1641764,B. Podziemski,1610612744,GSW,4,PT05M40.00S,shootingFoul3,attemptEquivalent,3,3,
0022500539,203471,D. Schröder,1610612758,SAC,4,PT05M27.00S,shootingFoul2,attemptEquivalent,2,2,
0022500542,1629675,N. Reid,1610612750,MIN,1,PT00M32.80S,shootingFoul2,attemptEquivalent,2,2,
0022500542,1629631,D. Hunter,1610612739,CLE,2,PT11M11.00S,shootingFoul2,attemptEquivalent,2,2,
0022500542,1641740,J. Clark,1610612750,MIN,2,PT09M39.00S,shootingFoul2,attemptEquivalent,1,2,
0022500542,1630241,S. Merrill,1610612739,CLE,2,PT07M21.00S,shootingFoul3,attemptEquivalent,3,3,
0022500542,1628386,J. Allen,1610612739,CLE,2,PT04M41.00S,shootingFoul2,attemptEquivalent,2,2,
0022500542,1628386,J. Allen,1610612739,CLE,2,PT04M08.00S,bonus,attemptEquivalent,1,2,
0022500542,1628378,D. Mitchell,1610612739,CLE,2,PT02M55.00S,bonus,attemptEquivalent,2,2,
0022500542,1630241,S. Merrill,1610612739,CLE,2,PT00M23.80S,bonus,attemptEquivalent,2,2,
0022500542,1630183,J. McDaniels,1610612750,MIN,3,PT03M59.00S,andOne,addOn,1,1,411
0022500542,1630596,E. Mobley,1610612739,CLE,3,PT03M41.00S,shootingFoul2,attemptEquivalent,1,2,
0022500542,1630162,A. Edwards,1610612750,MIN,3,PT03M32.00S,shootingFoul2,attemptEquivalent,1,2,
0022500542,1628378,D. Mitchell,1610612739,CLE,3,PT03M00.00S,andOne,addOn,0,1,436
0022500542,1628378,D. Mitchell,1610612739,CLE,3,PT01M18.00S,bonus,attemptEquivalent,2,2,
0022500542,203944,J. Randle,1610612750,MIN,3,PT00M49.30S,andOne,addOn,1,1,457
0022500542,1628378,D. Mitchell,1610612739,CLE,4,PT11M21.00S,shootingFoul2,attemptEquivalent,2,2,
0022500542,1642281,J. Tyson,1610612739,CLE,4,PT08M16.00S,andOne,addOn,1,1,522
0022500542,1630183,J. McDaniels,1610612750,MIN,4,PT06M08.00S,shootingFoul2,attemptEquivalent,1,2,
0022500542,1628386,J. Allen,1610612739,CLE,4,PT05M32.00S,andOne,addOn,1,1,556
0022500542,203944,J. Randle,1610612750,MIN,4,PT04M53.00S,shootingFoul2,attemptEquivalent,2,2,
0022500542,1630183,J. McDaniels,1610612750,MIN,4,PT04M34.00S,shootingFoul2,attemptEquivalent,2,2,
0022500542,1630596,E. Mobley,1610612739,CLE,4,PT02M50.00S,shootingFoul2,attemptEquivalent,1,2,
0022500542,1642265,R. Dillingham,1610612750,MIN,4,PT02M42.00S,bonus,attemptEquivalent,1,2,
0022500542,1630548,J. Juzang,1610612750,MIN,4,PT01M27.00S,bonus,attemptEquivalent,2,2,
0022500542,204060,J. Ingles,1610612750,MIN,4,PT00M57.00S,shootingFoul2,attemptEquivalent,2,2,
0022500547,1641729,B. Sensabaugh,1610612762,UTA,1,PT10M34.00S,shootingFoul2,attemptEquivalent,2,2,
0022500547,1642262,C. Williams,1610612762,UTA,1,PT06M57.00S,andOne,addOn,0,1,65
0022500547,1630163,L. Ball,1610612766,CHA,1,PT05M16.00S,shootingFoul2,attemptEquivalent,2,2,
0022500547,1641706,B. Miller,1610612766,CHA,1,PT04M56.00S,shootingFoul2,attemptEquivalent,2,2,
0022500547,1641729,B. Sensabaugh,1610612762,UTA,2,PT09M16.00S,andOne,addOn,1,1,198
0022500547,1641707,T. Hendricks,1610612762,UTA,2,PT07M28.00S,shootingFoul2,attemptEquivalent,1,2,
0022500547,1631217,M. Diabaté,1610612766,CHA,2,PT04M11.00S,bonus,attemptEquivalent,1,2,
0022500547,1641729,B. Sensabaugh,1610612762,UTA,2,PT00M40.50S,andOne,addOn,1,1,327
0022500547,1641729,B. Sensabaugh,1610612762,UTA,3,PT09M11.00S,andOne,addOn,0,1,379
0022500547,1628970,M. Bridges,1610612766,CHA,3,PT08M46.00S,shootingFoul2,attemptEquivalent,2,2,
0022500547,1642262,C. Williams,1610612762,UTA,3,PT07M37.00S,shootingFoul2,attemptEquivalent,2,2,
0022500547,1631217,M. Diabaté,1610612766,CHA,3,PT06M13.00S,andOne,addOn,1,1,426
0022500547,1642383,W. Clayton Jr.,1610612762,UTA,3,PT04M41.00S,shootingFoul2,attemptEquivalent,2,2,
0022500547,1629012,C. Sexton,1610612766,CHA,3,PT03M42.00S,shootingFoul2,attemptEquivalent,2,2,
0022500547,1629012,C. Sexton,1610612766,CHA,3,PT03M29.00S,shootingFoul2,attemptEquivalent,1,2,
0022500547,1641750,R. Kalkbrenner,1610612766,CHA,3,PT02M13.00S,bonus,attemptEquivalent,2,2,
0022500547,1641707,T. Hendricks,1610612762,UTA,3,PT01M55.00S,shootingFoul2,attemptEquivalent,2,2,
0022500547,1642268,I. Collier,1610612762,UTA,4,PT10M15.00S,shootingFoul2,attemptEquivalent,1,2,
0022500547,203937,K. Anderson,1610612762,UTA,4,PT09M12.00S,shootingFoul2,attemptEquivalent,1,2,
0022500547,1631217,M. Diabaté,1610612766,CHA,4,PT08M50.00S,shootingFoul2,attemptEquivalent,1,2,
0022500547,1631217,M. Diabaté,1610612766,CHA,4,PT08M30.00S,shootingFoul2,attemptEquivalent,1,2,
0022500547,1642883,S. James,1610612766,CHA,4,PT06M17.00S,shootingFoul2,attemptEquivalent,2,2,
0022500547,1630182,J. Green,1610612766,CHA,4,PT03M16.00S,shootingFoul2,attemptEquivalent,1,2,
0022500547,1630544,T. Mann,1610612766,CHA,4,PT02M48.00S,shootingFoul2,attemptEquivalent,2,2,
0022500547,1642262,C. Williams,1610612762,UTA,4,PT00M46.40S,shootingFoul2,attemptEquivalent,2,2,
0022500553,1641717,C. Wallace,1610612760,OKC,1,PT08M40.00S,shootingFoul2,attemptEquivalent,1,2,
0022500553,1641796,P. Larsson,1610612748,MIA,1,PT07M05.00S,andOne,addOn,1,1,61
0022500553,1631119,J. Williams,1610612760,OKC,1,PT02M43.00S,shootingFoul2,attemptEquivalent,2,2,
0022500553,1631119,J. Williams,1610612760,OKC,1,PT01M16.00S,shootingFoul2,attemptEquivalent,2,2,
0022500553,1628983,S. Gilgeous-Alexander,1610612760,OKC,1,PT00M51.60S,bonus,attemptEquivalent,1,2,
0022500553,1631114,J. Williams,1610612760,OKC,2,PT05M24.00S,shootingFoul2,attemptEquivalent,0,2,
0022500553,1631119,J. Williams,1610612760,OKC,2,PT02M44.00S,shootingFoul2,attemptEquivalent,2,2,
0022500553,1629652,L. Dort,1610612760,OKC,2,PT02M27.00S,shootingFoul2,attemptEquivalent,2,2,
0022500553,1630696,D. Smith,1610612748,MIA,2,PT01M45.00S,bonus,attemptEquivalent,1,2,
0022500553,1641796,P. Larsson,1610612748,MIA,2,PT01M02.00S,andOne,addOn,1,1,340
0022500553,1628983,S. Gilgeous-Alexander,1610612760,OKC,3,PT10M11.00S,shootingFoul2,attemptEquivalent,2,2,
0022500553,1629639,T. Herro,1610612748,MIA,3,PT09M23.00S,shootingFoul3,attemptEquivalent,2,3,
0022500553,1628983,S. Gilgeous-Alexander,1610612760,OKC,3,PT08M35.00S,andOne,addOn,1,1,401
0022500553,1628389,B. Adebayo,1610612748,MIA,3,PT05M07.00S,shootingFoul2,attemptEquivalent,0,2,
0022500553,1630198,I. Joe,1610612760,OKC,3,PT04M49.00S,shootingFoul2,attemptEquivalent,0,2,
0022500553,1630696,D. Smith,1610612748,MIA,3,PT01M22.00S,bonus,attemptEquivalent,1,2,
0022500553,1628983,S. Gilgeous-Alexander,1610612760,OKC,3,PT00M39.20S,shootingFoul2,attemptEquivalent,1,2,
0022500553,1630198,I. Joe,1610612760,OKC,4,PT09M05.00S,shootingFoul3,attemptEquivalent,3,3,
0022500553,1631096,C. Holmgren,1610612760,OKC,4,PT05M17.00S,shootingFoul2,attemptEquivalent,1,2,
0022500553,1641796,P. Larsson,1610612748,MIA,4,PT04M06.00S,shootingFoul2,attemptEquivalent,1,2,
0022500553,1628983,S. Gilgeous-Alexander,1610612760,OKC,4,PT01M49.00S,shootingFoul2,attemptEquivalent,2,2,
0022500555,1626164,D. Booker,1610612756,PHX,1,PT08M12.00S,shootingFoul2,attemptEquivalent,2,2,
0022500555,1631221,C. Gillespie,1610612756,PHX,1,PT05M53.00S,shootingFoul3,attemptEquivalent,2,3,
0022500555,1642259,A. Sarr,1610612764,WAS,1,PT03M29.00S,andOne,addOn,1,1,110
0022500555,1642860,W. Riley,1610612764,WAS,1,PT00M24.70S,shootingFoul2,attemptEquivalent,2,2,
0022500555,1642259,A. Sarr,1610612764,WAS,2,PT03M48.00S,shootingFoul2,attemptEquivalent,2,2,
0022500555,1631109,M. Williams,1610612756,PHX,2,PT02M17.00S,andOne,addOn,1,1,305
0022500555,1626164,D. Booker,1610612756,PHX,2,PT01M01.00S,shootingFoul2,attemptEquivalent,2,2,
0022500555,1641731,B. Coulibaly,1610612764,WAS,2,PT00M30.70S,shootingFoul2,attemptEquivalent,2,2,
0022500555,1642259,A. Sarr,1610612764,WAS,3,PT10M33.00S,shootingFoul2,attemptEquivalent,2,2,
0022500555,1628415,D. Brooks,1610612756,PHX,3,PT09M45.00S,shootingFoul2,attemptEquivalent,2,2,
0022500555,1626220,R. O'Neale,1610612756,PHX,3,PT06M44.00S,bonus,attemptEquivalent,2,2,
0022500555,1626164,D. Booker,1610612756,PHX,3,PT04M35.00S,shootingFoul2,attemptEquivalent,2,2,
0022500555,1642345,O. Ighodaro,1610612756,PHX,3,PT03M08.00S,shootingFoul2,attemptEquivalent,1,2,
0022500555,1642345,O. Ighodaro,1610612756,PHX,4,PT11M52.00S,shootingFoul2,attemptEquivalent,1,2,
0022500555,1630551,J. Champagnie,1610612764,WAS,4,PT09M21.00S,shootingFoul2,attemptEquivalent,2,2,
0022500555,1642267,B. Carrington,1610612764,WAS,4,PT07M14.00S,shootingFoul2,attemptEquivalent,2,2,
0022500555,1642860,W. Riley,1610612764,WAS,4,PT03M24.00S,bonus,attemptEquivalent,2,2,
0022500555,1642860,W. Riley,1610612764,WAS,4,PT01M08.00S,andOne,addOn,1,1,676
0022500555,1641774,T. Vukcevic,1610612764,WAS,4,PT00M34.50S,bonus,attemptEquivalent,2,2,
0022500557,1630578,A. Sengun,1610612745,HOU,1,PT10M23.00S,andOne,addOn,1,1,19
0022500557,203500,S. Adams,1610612745,HOU,2,PT11M46.00S,shootingFoul2,attemptEquivalent,2,2,
0022500557,1641708,A. Thompson,1610612745,HOU,2,PT04M26.00S,shootingFoul2,attemptEquivalent,2,2,
0022500557,1641708,A. Thompson,1610612745,HOU,3,PT10M08.00S,andOne,addOn,0,1,336
0022500557,1630173,P. Achiuwa,1610612758,SAC,3,PT10M00.00S,shootingFoul2,attemptEquivalent,2,2,
0022500557,203897,Z. LaVine,1610612758,SAC,3,PT09M08.00S,shootingFoul2,attemptEquivalent,1,2,
0022500557,203897,Z. LaVine,1610612758,SAC,3,PT07M41.00S,shootingFoul2,attemptEquivalent,2,2,
0022500557,201942,D. DeRozan,1610612758,SAC,3,PT06M32.00S,shootingFoul2,attemptEquivalent,2,2,
0022500557,201942,D. DeRozan,1610612758,SAC,3,PT05M55.00S,bonus,attemptEquivalent,2,2,
0022500557,1641708,A. Thompson,1610612745,HOU,3,PT03M01.00S,shootingFoul2,attemptEquivalent,1,2,
0022500557,1641708,A. Thompson,1610612745,HOU,3,PT02M29.00S,andOne,addOn,1,1,432
0022500557,1642928,D. Cardwell,1610612758,SAC,3,PT02M06.00S,bonus,attemptEquivalent,1,2,
0022500557,1642928,D. Cardwell,1610612758,SAC,3,PT00M40.70S,flagrant,addOn,0,2,
0022500557,201942,D. DeRozan,1610612758,SAC,3,PT00M38.90S,andOne,addOn,1,1,473
0022500557,1631095,J. Smith Jr.,1610612745,HOU,4,PT11M17.00S,shootingFoul2,attemptEquivalent,1,2,
0022500557,203897,Z. LaVine,1610612758,SAC,4,PT10M51.00S,shootingFoul2,attemptEquivalent,2,2,
0022500557,1641708,A. Thompson,1610612745,HOU,4,PT10M42.00S,shootingFoul2,attemptEquivalent,2,2,
0022500557,1642363,N. Clifford,1610612758,SAC,4,PT10M30.00S,andOne,addOn,0,1,530
0022500557,1630578,A. Sengun,1610612745,HOU,4,PT10M06.00S,andOne,addOn,1,1,537
0022500557,1641708,A. Thompson,1610612745,HOU,4,PT09M24.00S,shootingFoul2,attemptEquivalent,2,2,
0022500557,203500,S. Adams,1610612745,HOU,4,PT08M48.00S,bonus,attemptEquivalent,1,2,
0022500557,1627827,D. Finney-Smith,1610612745,HOU,4,PT07M14.00S,bonus,attemptEquivalent,2,2,
0022500557,201142,K. Durant,1610612745,HOU,4,PT05M56.00S,andOne,addOn,1,1,599
0022500557,1630578,A. Sengun,1610612745,HOU,4,PT04M49.00S,shootingFoul2,attemptEquivalent,0,2,
0022500557,1641708,A. Thompson,1610612745,HOU,4,PT01M42.00S,bonus,attemptEquivalent,1,2,
0022500557,1630578,A. Sengun,1610612745,HOU,4,PT01M02.00S,shootingFoul2,attemptEquivalent,0,2,
0022500558,1641718,K. George,1610612762,UTA,1,PT11M44.00S,shootingFoul2,attemptEquivalent,2,2,
0022500558,1628374,L. Markkanen,1610612762,UTA,1,PT09M42.00S,shootingFoul2,attemptEquivalent,1,2,
0022500558,1628374,L. Markkanen,1610612762,UTA,1,PT08M35.00S,shootingFoul2,attemptEquivalent,1,2,
0022500558,1641729,B. Sensabaugh,1610612762,UTA,1,PT04M53.00S,shootingFoul2,attemptEquivalent,2,2,
0022500558,1642281,J. Tyson,1610612739,CLE,1,PT03M14.00S,andOne,addOn,1,1,120
0022500558,1628374,L. Markkanen,1610612762,UTA,1,PT01M15.00S,shootingFoul2,attemptEquivalent,2,2,
0022500558,1628378,D. Mitchell,1610612739,CLE,2,PT11M29.00S,shootingFoul2,attemptEquivalent,2,2,
0022500558,1630596,E. Mobley,1610612739,CLE,2,PT08M42.00S,shootingFoul2,attemptEquivalent,2,2,
0022500558,1628374,L. Markkanen,1610612762,UTA,2,PT08M30.00S,andOne,addOn,1,1,225
0022500558,1641718,K. George,1610612762,UTA,2,PT07M13.00S,shootingFoul2,attemptEquivalent,2,2,
0022500558,1629636,D. Garland,1610612739,CLE,2,PT02M30.00S,bonus,attemptEquivalent,2,2,
0022500558,1629636,D. Garland,1610612739,CLE,3,PT10M47.00S,shootingFoul2,attemptEquivalent,2,2,
0022500558,1628374,L. Markkanen,1610612762,UTA,3,PT07M32.00S,shootingFoul2,attemptEquivalent,1,2,
0022500558,1641718,K. George,1610612762,UTA,3,PT05M34.00S,shootingFoul2,attemptEquivalent,2,2,
0022500558,1641718,K. George,1610612762,UTA,3,PT04M14.00S,shootingFoul2,attemptEquivalent,2,2,
0022500558,1630241,S. Merrill,1610612739,CLE,4,PT09M31.00S,andOne,addOn,1,1,527
0022500558,1628374,L. Markkanen,1610612762,UTA,4,PT09M19.00S,andOne,addOn,1,1,534
0022500558,1628386,J. Allen,1610612739,CLE,4,PT07M25.00S,shootingFoul2,attemptEquivalent,2,2,
0022500558,1641718,K. George,1610612762,UTA,4,PT04M12.00S,shootingFoul2,attemptEquivalent,2,2,
0022500558,1628374,L. Markkanen,1610612762,UTA,4,PT03M38.00S,bonus,attemptEquivalent,2,2,
0022500558,203994,J. Nurkić,1610612762,UTA,4,PT02M51.00S,bonus,attemptEquivalent,2,2,
0022500558,1641718,K. George,1610612762,UTA,4,PT01M23.00S,shootingFoul2,attemptEquivalent,2,2,
0022500562,1629028,D. Ayton,1610612747,LAL,1,PT08M13.00S,shootingFoul2,attemptEquivalent,1,2,
0022500562,201566,R. Westbrook,1610612758,SAC,1,PT04M16.00S,shootingFoul2,attemptEquivalent,2,2,
0022500562,201942,D. DeRozan,1610612758,SAC,1,PT02M33.00S,shootingFoul2,attemptEquivalent,2,2,
0022500562,1629637,J. Hayes,1610612747,LAL,1,PT02M16.00S,shootingFoul2,attemptEquivalent,1,2,
0022500562,203897,Z. LaVine,1610612758,SAC,1,PT01M57.00S,shootingFoul2,attemptEquivalent,2,2,
0022500562,203897,Z. LaVine,1610612758,SAC,1,PT00M15.70S,shootingFoul2,attemptEquivalent,2,2,
0022500562,1629028,D. Ayton,1610612747,LAL,2,PT10M52.00S,shootingFoul2,attemptEquivalent,1,2,
0022500562,1628370,M. Monk,1610612758,SAC,2,PT05M19.00S,andOne,addOn,1,1,246
0022500562,1629029,L. Dončić,1610612747,LAL,2,PT04M43.00S,shootingFoul2,attemptEquivalent,2,2,
0022500562,1629029,L. Dončić,1610612747,LAL,2,PT03M58.00S,shootingFoul2,attemptEquivalent,2,2,
0022500562,2544,L. James,1610612747,LAL,2,PT01M38.00S,shootingFoul2,attemptEquivalent,2,2,
0022500562,201942,D. DeRozan,1610612758,SAC,3,PT10M58.00S,andOne,addOn,0,1,328
0022500562,1629028,D. Ayton,1610612747,LAL,3,PT08M27.00S,shootingFoul2,attemptEquivalent,1,2,
0022500562,201942,D. DeRozan,1610612758,SAC,3,PT07M30.00S,andOne,addOn,1,1,360
0022500562,2544,L. James,1610612747,LAL,3,PT06M12.00S,shootingFoul2,attemptEquivalent,2,2,
0022500562,1629029,L. Dončić,1610612747,LAL,3,PT02M54.00S,shootingFoul2,attemptEquivalent,2,2,
0022500562,1629029,L. Dončić,1610612747,LAL,3,PT02M20.00S,shootingFoul2,attemptEquivalent,2,2,
0022500562,1629637,J. Hayes,1610612747,LAL,3,PT00M04.20S,shootingFoul2,attemptEquivalent,1,2,
0022500562,2544,L. James,1610612747,LAL,4,PT08M34.00S,shootingFoul2,attemptEquivalent,2,2,
0022500562,203935,M. Smart,1610612747,LAL,4,PT05M54.00S,shootingFoul2,attemptEquivalent,1,2,
0022500562,201942,D. DeRozan,1610612758,SAC,4,PT05M46.00S,andOne,addOn,1,1,537
0022500562,201566,R. Westbrook,1610612758,SAC,4,PT04M55.00S,shootingFoul2,attemptEquivalent,0,2,
0022500562,1629028,D. Ayton,1610612747,LAL,4,PT04M21.00S,shootingFoul2,attemptEquivalent,2,2,
0022500568,1631096,C. Holmgren,1610612760,OKC,1,PT11M31.00S,shootingFoul2,attemptEquivalent,2,2,
0022500568,1641705,V. Wembanyama,1610612759,SAS,1,PT10M42.00S,shootingFoul2,attemptEquivalent,1,2,
0022500568,1642264,S. Castle,1610612759,SAS,1,PT07M55.00S,shootingFoul2,attemptEquivalent,1,2,
0022500568,1628436,L. Kornet,1610612759,SAS,1,PT04M26.00S,shootingFoul2,attemptEquivalent,2,2,
0022500568,1628983,S. Gilgeous-Alexander,1610612760,OKC,1,PT02M32.00S,andOne,addOn,1,1,123
0022500568,1642844,D. Harper,1610612759,SAS,1,PT01M12.00S,shootingFoul2,attemptEquivalent,2,2,
0022500568,1628983,S. Gilgeous-Alexander,1610612760,OKC,1,PT00M39.30S,shootingFoul2,attemptEquivalent,2,2,
0022500568,1642264,S. Castle,1610612759,SAS,2,PT09M59.00S,shootingFoul2,attemptEquivalent,2,2,
0022500568,1642349,A. Mitchell,1610612760,OKC,2,PT08M55.00S,andOne,addOn,1,1,218
0022500568,1631114,J. Williams,1610612760,OKC,2,PT07M55.00S,shootingFoul2,attemptEquivalent,2,2,
0022500568,1642264,S. Castle,1610612759,SAS,2,PT07M17.00S,shootingFoul2,attemptEquivalent,2,2,
0022500568,1631096,C. Holmgren,1610612760,OKC,2,PT06M32.00S,shootingFoul2,attemptEquivalent,2,2,
0022500568,1628983,S. Gilgeous-Alexander,1610612760,OKC,2,PT05M01.00S,awayFromPlay,addOn,0,1,
0022500568,1642844,D. Harper,1610612759,SAS,2,PT03M45.00S,shootingFoul2,attemptEquivalent,2,2,
0022500568,1627936,A. Caruso,1610612760,OKC,2,PT03M27.00S,andOne,addOn,1,1,300
0022500568,1641705,V. Wembanyama,1610612759,SAS,2,PT00M55.90S,shootingFoul2,attemptEquivalent,1,2,
0022500568,1631096,C. Holmgren,1610612760,OKC,2,PT00M28.30S,shootingFoul2,attemptEquivalent,2,2,
0022500568,1628983,S. Gilgeous-Alexander,1610612760,OKC,3,PT08M37.00S,shootingFoul2,attemptEquivalent,2,2,
0022500568,1628983,S. Gilgeous-Alexander,1610612760,OKC,3,PT07M51.00S,andOne,addOn,1,1,400
0022500568,1642264,S. Castle,1610612759,SAS,3,PT06M39.00S,andOne,addOn,0,1,418
0022500568,1628983,S. Gilgeous-Alexander,1610612760,OKC,3,PT03M35.00S,shootingFoul2,attemptEquivalent,1,2,
0022500568,1628368,D. Fox,1610612759,SAS,3,PT01M08.00S,shootingFoul2,attemptEquivalent,2,2,
0022500568,1641705,V. Wembanyama,1610612759,SAS,4,PT09M26.00S,shootingFoul2,attemptEquivalent,1,2,
0022500568,1642349,A. Mitchell,1610612760,OKC,4,PT06M20.00S,shootingFoul2,attemptEquivalent,2,2,
0022500568,1631119,J. Williams,1610612760,OKC,4,PT05M32.00S,shootingFoul2,attemptEquivalent,1,2,
0022500568,1630577,J. Champagnie,1610612759,SAS,4,PT05M23.00S,shootingFoul2,attemptEquivalent,0,2,
0022500568,1628983,S. Gilgeous-Alexander,1610612760,OKC,4,PT04M06.00S,bonus,attemptEquivalent,2,2,
0022500568,1628983,S. Gilgeous-Alexander,1610612760,OKC,4,PT01M51.00S,bonus,attemptEquivalent,2,2,
0022500572,202331,P. George,1610612755,PHI,1,PT11M17.00S,andOne,addOn,0,1,9
0022500572,1630178,T. Maxey,1610612755,PHI,1,PT01M23.00S,shootingFoul2,attemptEquivalent,2,2,
0022500572,1641737,A. Bona,1610612755,PHI,2,PT11M09.00S,shootingFoul2,attemptEquivalent,2,2,
0022500572,1641737,A. Bona,1610612755,PHI,2,PT10M09.00S,shootingFoul2,attemptEquivalent,2,2,
0022500572,202331,P. George,1610612755,PHI,2,PT07M11.00S,andOne,addOn,1,1,223
0022500572,1629636,D. Garland,1610612739,CLE,2,PT04M58.00S,shootingFoul2,attemptEquivalent,1,2,
0022500572,203954,J. Embiid,1610612755,PHI,2,PT03M06.00S,bonus,attemptEquivalent,2,2,
0022500572,1628386,J. Allen,1610612739,CLE,2,PT02M19.00S,andOne,addOn,0,1,304
0022500572,203954,J. Embiid,1610612755,PHI,2,PT02M03.00S,shootingFoul2,attemptEquivalent,2,2,
0022500572,1630596,E. Mobley,1610612739,CLE,2,PT01M49.00S,andOne,addOn,0,1,318
0022500572,1642281,J. Tyson,1610612739,CLE,3,PT11M38.00S,shootingFoul2,attemptEquivalent,1,2,
0022500572,1642845,V. Edgecombe,1610612755,PHI,3,PT10M20.00S,shootingFoul2,attemptEquivalent,2,2,
0022500572,1628378,D. Mitchell,1610612739,CLE,3,PT02M11.00S,shootingFoul2,attemptEquivalent,2,2,
0022500572,1628378,D. Mitchell,1610612739,CLE,3,PT01M17.00S,shootingFoul2,attemptEquivalent,2,2,
0022500572,1628378,D. Mitchell,1610612739,CLE,4,PT10M04.00S,shootingFoul2,attemptEquivalent,2,2,
0022500572,203083,A. Drummond,1610612755,PHI,4,PT09M16.00S,shootingFoul2,attemptEquivalent,1,2,
0022500572,1630596,E. Mobley,1610612739,CLE,4,PT08M05.00S,andOne,addOn,1,1,569
0022500572,1630596,E. Mobley,1610612739,CLE,4,PT07M52.00S,shootingFoul2,attemptEquivalent,1,2,
0022500572,1626162,K. Oubre Jr.,1610612755,PHI,4,PT07M35.00S,shootingFoul2,attemptEquivalent,1,2,
0022500572,1628378,D. Mitchell,1610612739,CLE,4,PT07M19.00S,shootingFoul2,attemptEquivalent,2,2,
0022500572,203083,A. Drummond,1610612755,PHI,4,PT06M32.00S,shootingFoul2,attemptEquivalent,2,2,
0022500572,203083,A. Drummond,1610612755,PHI,4,PT03M25.00S,shootingFoul2,attemptEquivalent,2,2,
0022500572,1642272,J. McCain,1610612755,PHI,4,PT00M52.90S,shootingFoul2,attemptEquivalent,2,2,
0022500572,1642272,J. McCain,1610612755,PHI,4,PT00M24.70S,shootingFoul2,attemptEquivalent,2,2,
0022500573,1630200,T. Jones,1610612741,CHI,1,PT09M56.00S,andOne,addOn,1,1,21
0022500573,1642262,C. Williams,1610612762,UTA,1,PT05M39.00S,shootingFoul2,attemptEquivalent,0,2,
0022500573,1630188,J. Smith,1610612741,CHI,1,PT04M58.00S,bonus,attemptEquivalent,1,2,
0022500573,1642383,W. Clayton Jr.,1610612762,UTA,1,PT02M11.00S,shootingFoul2,attemptEquivalent,2,2,
0022500573,1641729,B. Sensabaugh,1610612762,UTA,1,PT01M56.00S,shootingFoul2,attemptEquivalent,2,2,
0022500573,1630172,P. Williams,1610612741,CHI,1,PT00M50.50S,shootingFoul2,attemptEquivalent,2,2,
0022500573,1641729,B. Sensabaugh,1610612762,UTA,2,PT06M52.00S,flagrant,addOn,2,2,
0022500573,1641718,K. George,1610612762,UTA,2,PT03M02.00S,shootingFoul2,attemptEquivalent,2,2,
0022500573,1630188,J. Smith,1610612741,CHI,2,PT01M12.00S,shootingFoul2,attemptEquivalent,2,2,
0022500573,1642846,A. Bailey,1610612762,UTA,3,PT10M16.00S,shootingFoul2,attemptEquivalent,2,2,
0022500573,1642268,I. Collier,1610612762,UTA,3,PT06M53.00S,shootingFoul2,attemptEquivalent,2,2,
0022500573,1641729,B. Sensabaugh,1610612762,UTA,3,PT04M09.00S,shootingFoul2,attemptEquivalent,2,2,
0022500573,203937,K. Anderson,1610612762,UTA,3,PT03M14.00S,andOne,addOn,1,1,453
0022500573,1629632,C. White,1610612741,CHI,3,PT00M42.70S,shootingFoul2,attemptEquivalent,1,2,
0022500573,202696,N. Vučević,1610612741,CHI,3,PT00M07.60S,bonus,attemptEquivalent,1,2,
0022500573,1630171,I. Okoro,1610612741,CHI,4,PT09M16.00S,andOne,addOn,1,1,554
0022500573,1641729,B. Sensabaugh,1610612762,UTA,4,PT08M13.00S,shootingFoul2,attemptEquivalent,2,2,
0022500573,1630188,J. Smith,1610612741,CHI,4,PT07M04.00S,shootingFoul2,attemptEquivalent,1,2,
0022500573,1641718,K. George,1610612762,UTA,4,PT06M54.00S,andOne,addOn,0,1,596
0022500573,1630245,A. Dosunmu,1610612741,CHI,4,PT05M31.00S,andOne,addOn,1,1,609
0022500573,1641718,K. George,1610612762,UTA,4,PT05M10.00S,andOne,addOn,1,1,617
0022500573,202696,N. Vučević,1610612741,CHI,4,PT03M55.00S,bonus,attemptEquivalent,2,2,
0022500573,202696,N. Vučević,1610612741,CHI,4,PT02M56.00S,shootingFoul2,attemptEquivalent,2,2,
0022500573,1641718,K. George,1610612762,UTA,4,PT01M55.00S,andOne,addOn,1,1,667
0022500573,1641718,K. George,1610612762,UTA,4,PT01M23.00S,shootingFoul3,attemptEquivalent,3,3,
0022500573,1641718,K. George,1610612762,UTA,4,PT00M57.90S,shootingFoul2,attemptEquivalent,2,2,
0022500573,1628989,K. Huerter,1610612741,CHI,4,PT00M45.70S,shootingFoul2,attemptEquivalent,2,2,
0022500576,1630173,P. Achiuwa,1610612758,SAC,1,PT09M56.00S,andOne,addOn,1,1,18
0022500576,201942,D. DeRozan,1610612758,SAC,1,PT08M00.00S,shootingFoul2,attemptEquivalent,2,2,
0022500576,1626157,K. Towns,1610612752,NYK,1,PT05M27.00S,shootingFoul2,attemptEquivalent,1,2,
0022500576,1630173,P. Achiuwa,1610612758,SAC,1,PT02M14.00S,shootingFoul2,attemptEquivalent,1,2,
0022500576,203897,Z. LaVine,1610612758,SAC,1,PT00M58.50S,shootingFoul2,attemptEquivalent,2,2,
0022500576,1628404,J. Hart,1610612752,NYK,1,PT00M23.90S,shootingFoul2,attemptEquivalent,0,2,
0022500576,201942,D. DeRozan,1610612758,SAC,2,PT11M40.00S,shootingFoul2,attemptEquivalent,1,2,
0022500576,1626157,K. Towns,1610612752,NYK,2,PT09M56.00S,shootingFoul2,attemptEquivalent,2,2,
0022500576,201942,D. DeRozan,1610612758,SAC,2,PT09M41.00S,shootingFoul2,attemptEquivalent,2,2,
0022500576,1628370,M. Monk,1610612758,SAC,2,PT08M59.00S,shootingFoul2,attemptEquivalent,2,2,
0022500576,1628969,M. Bridges,1610612752,NYK,2,PT02M50.00S,flagrant,addOn,2,2,
0022500576,201942,D. DeRozan,1610612758,SAC,2,PT02M17.00S,shootingFoul2,attemptEquivalent,2,2,
0022500576,1628384,O. Anunoby,1610612752,NYK,3,PT10M39.00S,shootingFoul2,attemptEquivalent,1,2,
0022500576,201566,R. Westbrook,1610612758,SAC,3,PT09M42.00S,shootingFoul2,attemptEquivalent,1,2,
0022500576,201566,R. Westbrook,1610612758,SAC,3,PT08M56.00S,shootingFoul3,attemptEquivalent,3,3,
0022500576,1628384,O. Anunoby,1610612752,NYK,3,PT07M46.00S,shootingFoul2,attemptEquivalent,2,2,
0022500576,201942,D. DeRozan,1610612758,SAC,3,PT07M34.00S,shootingFoul2,attemptEquivalent,2,2,
0022500576,1642875,M. Raynaud,1610612758,SAC,3,PT06M49.00S,bonus,attemptEquivalent,2,2,
0022500576,203897,Z. LaVine,1610612758,SAC,3,PT05M52.00S,shootingFoul2,attemptEquivalent,2,2,
0022500576,1630173,P. Achiuwa,1610612758,SAC,3,PT04M47.00S,shootingFoul2,attemptEquivalent,2,2,
0022500576,1629011,M. Robinson,1610612752,NYK,3,PT04M42.00S,bonus,attemptEquivalent,1,2,
0022500576,1628969,M. Bridges,1610612752,NYK,3,PT04M16.00S,andOne,addOn,1,1,464
0022500576,201566,R. Westbrook,1610612758,SAC,3,PT04M09.00S,bonus,attemptEquivalent,1,2,
0022500576,1629011,M. Robinson,1610612752,NYK,3,PT04M01.00S,bonus,attemptEquivalent,1,2,
0022500576,201942,D. DeRozan,1610612758,SAC,3,PT02M57.00S,shootingFoul2,attemptEquivalent,2,2,
0022500576,1628370,M. Monk,1610612758,SAC,3,PT02M24.00S,shootingFoul3,attemptEquivalent,3,3,
0022500576,1628969,M. Bridges,1610612752,NYK,3,PT01M33.00S,shootingFoul2,attemptEquivalent,2,2,
0022500576,1628384,O. Anunoby,1610612752,NYK,3,PT01M10.00S,shootingFoul2,attemptEquivalent,2,2,
0022500576,1628384,O. Anunoby,1610612752,NYK,4,PT04M31.00S,andOne,addOn,0,1,636
0022500576,201942,D. DeRozan,1610612758,SAC,4,PT04M08.00S,andOne,addOn,1,1,648
0022500576,1630173,P. Achiuwa,1610612758,SAC,4,PT02M34.00S,shootingFoul2,attemptEquivalent,0,2,
0022500577,202695,K. Leonard,1610612746,LAC,1,PT08M38.00S,shootingFoul2,attemptEquivalent,2,2,
0022500577,202695,K. Leonard,1610612746,LAC,1,PT05M23.00S,shootingFoul2,attemptEquivalent,2,2,
0022500577,1641731,B. Coulibaly,1610612764,WAS,1,PT05M12.00S,andOne,addOn,1,1,73
0022500577,1641757,J. Miller,1610612746,LAC,1,PT03M41.00S,andOne,addOn,1,1,112
0022500577,201935,J. Harden,1610612746,LAC,1,PT02M10.00S,bonus,attemptEquivalent,2,2,
0022500577,1628963,M. Bagley III,1610612764,WAS,1,PT01M57.00S,shootingFoul2,attemptEquivalent,1,2,
0022500577,201572,B. Lopez,1610612746,LAC,2,PT06M47.00S,shootingFoul2,attemptEquivalent,2,2,
0022500577,201935,J. Harden,1610612746,LAC,2,PT03M50.00S,shootingFoul2,attemptEquivalent,2,2,
0022500577,1642860,W. Riley,1610612764,WAS,2,PT02M23.00S,andOne,addOn,1,1,289
0022500577,1627739,K. Dunn,1610612746,LAC,2,PT02M15.00S,shootingFoul2,attemptEquivalent,2,2,
0022500577,202695,K. Leonard,1610612746,LAC,3,PT09M13.00S,shootingFoul2,attemptEquivalent,2,2,
0022500577,201935,J. Harden,1610612746,LAC,3,PT08M53.00S,shootingFoul2,attemptEquivalent,2,2,
0022500577,1642273,K. George,1610612764,WAS,3,PT06M07.00S,shootingFoul2,attemptEquivalent,2,2,
0022500577,1642273,K. George,1610612764,WAS,3,PT05M35.00S,shootingFoul2,attemptEquivalent,1,2,
0022500577,1642949,Y. Niederhäuser,1610612746,LAC,3,PT04M49.00S,shootingFoul2,attemptEquivalent,2,2,
0022500577,1642267,B. Carrington,1610612764,WAS,3,PT03M51.00S,shootingFoul2,attemptEquivalent,2,2,
0022500577,1641774,T. Vukcevic,1610612764,WAS,3,PT02M56.00S,shootingFoul2,attemptEquivalent,2,2,
0022500577,1641774,T. Vukcevic,1610612764,WAS,3,PT02M29.00S,andOne,addOn,0,1,451
0022500577,1641774,T. Vukcevic,1610612764,WAS,3,PT00M25.70S,bonus,attemptEquivalent,1,2,
0022500577,202695,K. Leonard,1610612746,LAC,4,PT09M15.00S,shootingFoul2,attemptEquivalent,2,2,
0022500577,1642860,W. Riley,1610612764,WAS,4,PT05M34.00S,shootingFoul2,attemptEquivalent,2,2,
0022500577,201935,J. Harden,1610612746,LAC,4,PT03M08.00S,shootingFoul2,attemptEquivalent,2,2,
0022500577,1642920,K. Sanders,1610612746,LAC,4,PT01M21.00S,shootingFoul2,attemptEquivalent,2,2,
0022500581,1641708,A. Thompson,1610612745,HOU,1,PT09M43.00S,shootingFoul2,attemptEquivalent,1,2,
0022500581,1631096,C. Holmgren,1610612760,OKC,1,PT09M07.00S,andOne,addOn,1,1,38
0022500581,1631096,C. Holmgren,1610612760,OKC,1,PT04M49.00S,shootingFoul2,attemptEquivalent,1,2,
0022500581,1641708,A. Thompson,1610612745,HOU,2,PT10M46.00S,shootingFoul2,attemptEquivalent,1,2,
0022500581,1631095,J. Smith Jr.,1610612745,HOU,2,PT06M22.00S,shootingFoul2,attemptEquivalent,2,2,
0022500581,201142,K. Durant,1610612745,HOU,2,PT05M38.00S,shootingFoul2,attemptEquivalent,2,2,
0022500581,1628983,S. Gilgeous-Alexander,1610612760,OKC,2,PT04M52.00S,andOne,addOn,1,1,281
0022500581,1641708,A. Thompson,1610612745,HOU,2,PT02M35.00S,shootingFoul2,attemptEquivalent,2,2,
0022500581,201142,K. Durant,1610612745,HOU,2,PT02M02.00S,bonus,attemptEquivalent,2,2,
0022500581,1628983,S. Gilgeous-Alexander,1610612760,OKC,3,PT06M56.00S,shootingFoul2,attemptEquivalent,2,2,
0022500581,1631114,J. Williams,1610612760,OKC,3,PT06M33.00S,shootingFoul2,attemptEquivalent,2,2,
0022500581,201142,K. Durant,1610612745,HOU,3,PT06M15.00S,andOne,addOn,1,1,423
0022500581,1631095,J. Smith Jr.,1610612745,HOU,3,PT04M26.00S,shootingFoul2,attemptEquivalent,2,2,
0022500581,1641708,A. Thompson,1610612745,HOU,3,PT00M51.40S,shootingFoul2,attemptEquivalent,1,2,
0022500581,1631119,J. Williams,1610612760,OKC,4,PT05M02.00S,shootingFoul2,attemptEquivalent,2,2,
0022500581,1628983,S. Gilgeous-Alexander,1610612760,OKC,4,PT03M32.00S,shootingFoul2,attemptEquivalent,1,2,
0022500581,1628983,S. Gilgeous-Alexander,1610612760,OKC,4,PT03M05.00S,shootingFoul2,attemptEquivalent,2,2,
0022500583,1630314,B. Williams,1610612742,DAL,1,PT10M08.00S,shootingFoul2,attemptEquivalent,2,2,
0022500583,1630230,N. Marshall,1610612742,DAL,1,PT08M36.00S,shootingFoul2,attemptEquivalent,2,2,
0022500583,1630314,B. Williams,1610612742,DAL,1,PT08M16.00S,shootingFoul2,attemptEquivalent,1,2,
0022500583,1641718,K. George,1610612762,UTA,1,PT04M01.00S,shootingFoul2,attemptEquivalent,2,2,
0022500583,1641729,B. Sensabaugh,1610612762,UTA,1,PT03M31.00S,shootingFoul2,attemptEquivalent,2,2,
0022500583,203937,K. Anderson,1610612762,UTA,1,PT03M05.00S,shootingFoul2,attemptEquivalent,1,2,
0022500583,1642948,R. Nembhard,1610612742,DAL,1,PT00M12.90S,shootingFoul2,attemptEquivalent,2,2,
0022500583,1641729,B. Sensabaugh,1610612762,UTA,2,PT11M26.00S,shootingFoul2,attemptEquivalent,2,2,
0022500583,1630619,M. Cisse,1610612742,DAL,2,PT10M04.00S,andOne,addOn,1,1,197
0022500583,1630619,M. Cisse,1610612742,DAL,2,PT08M34.00S,shootingFoul2,attemptEquivalent,1,2,
0022500583,1642271,K. Filipowski,1610612762,UTA,2,PT07M53.00S,andOne,addOn,1,1,242
0022500583,1641718,K. George,1610612762,UTA,2,PT07M24.00S,shootingFoul2,attemptEquivalent,2,2,
0022500583,1630314,B. Williams,1610612742,DAL,2,PT07M09.00S,shootingFoul2,attemptEquivalent,1,2,
0022500583,1642383,W. Clayton Jr.,1610612762,UTA,2,PT05M31.00S,bonus,attemptEquivalent,2,2,
0022500583,1630702,J. Hardy,1610612742,DAL,3,PT11M11.00S,shootingFoul2,attemptEquivalent,2,2,
0022500583,1642846,A. Bailey,1610612762,UTA,3,PT08M18.00S,shootingFoul2,attemptEquivalent,2,2,
0022500583,1630702,J. Hardy,1610612742,DAL,3,PT08M05.00S,shootingFoul2,attemptEquivalent,2,2,
0022500583,203937,K. Anderson,1610612762,UTA,3,PT06M09.00S,shootingFoul2,attemptEquivalent,0,2,
0022500583,1642383,W. Clayton Jr.,1610612762,UTA,4,PT09M01.00S,shootingFoul2,attemptEquivalent,2,2,
0022500583,1630702,J. Hardy,1610612742,DAL,4,PT08M28.00S,shootingFoul2,attemptEquivalent,1,2,
0022500583,1642268,I. Collier,1610612762,UTA,4,PT03M31.00S,shootingFoul2,attemptEquivalent,2,2,
0022500583,203937,K. Anderson,1610612762,UTA,4,PT02M26.00S,shootingFoul2,attemptEquivalent,0,2,
0022500589,1642281,J. Tyson,1610612739,CLE,1,PT07M14.00S,shootingFoul2,attemptEquivalent,2,2,
0022500589,203954,J. Embiid,1610612755,PHI,1,PT04M06.00S,shootingFoul2,attemptEquivalent,2,2,
0022500589,203954,J. Embiid,1610612755,PHI,1,PT03M38.00S,shootingFoul2,attemptEquivalent,2,2,
0022500589,1626162,K. Oubre Jr.,1610612755,PHI,2,PT11M38.00S,shootingFoul2,attemptEquivalent,2,2,
0022500589,1641854,C. Porter Jr.,1610612739,CLE,2,PT06M21.00S,shootingFoul2,attemptEquivalent,0,2,
0022500589,203954,J. Embiid,1610612755,PHI,2,PT05M31.00S,shootingFoul2,attemptEquivalent,2,2,
0022500589,1628386,J. Allen,1610612739,CLE,2,PT02M56.00S,bonus,attemptEquivalent,2,2,
0022500589,1642281,J. Tyson,1610612739,CLE,2,PT02M03.00S,bonus,attemptEquivalent,2,2,
0022500589,203954,J. Embiid,1610612755,PHI,2,PT01M19.00S,shootingFoul2,attemptEquivalent,2,2,
0022500589,1628378,D. Mitchell,1610612739,CLE,3,PT10M00.00S,shootingFoul2,attemptEquivalent,1,2,
0022500589,1629656,Q. Grimes,1610612755,PHI,3,PT06M14.00S,shootingFoul2,attemptEquivalent,1,2,
0022500589,1641772,N. Tomlin,1610612739,CLE,3,PT05M59.00S,andOne,addOn,1,1,415
0022500589,1642281,J. Tyson,1610612739,CLE,3,PT04M56.00S,shootingFoul2,attemptEquivalent,2,2,
0022500589,203954,J. Embiid,1610612755,PHI,3,PT04M41.00S,shootingFoul2,attemptEquivalent,2,2,
0022500589,203954,J. Embiid,1610612755,PHI,3,PT03M32.00S,shootingFoul2,attemptEquivalent,1,2,
0022500589,1630596,E. Mobley,1610612739,CLE,3,PT00M44.50S,shootingFoul2,attemptEquivalent,1,2,
0022500589,1630178,T. Maxey,1610612755,PHI,4,PT01M50.00S,shootingFoul2,attemptEquivalent,2,2,
0022500589,1630596,E. Mobley,1610612739,CLE,4,PT00M22.20S,shootingFoul2,attemptEquivalent,1,2,
0022500592,201942,D. DeRozan,1610612758,SAC,1,PT09M16.00S,shootingFoul2,attemptEquivalent,2,2,
0022500592,1642259,A. Sarr,1610612764,WAS,1,PT07M50.00S,andOne,addOn,1,1,47
0022500592,1642267,B. Carrington,1610612764,WAS,1,PT06M36.00S,shootingFoul2,attemptEquivalent,2,2,
0022500592,1642875,M. Raynaud,1610612758,SAC,1,PT05M52.00S,shootingFoul2,attemptEquivalent,0,2,
0022500592,1627734,D. Sabonis,1610612758,SAC,1,PT02M31.00S,bonus,attemptEquivalent,2,2,
0022500592,1642364,J. Watkins,1610612764,WAS,1,PT02M10.00S,shootingFoul2,attemptEquivalent,0,2,
0022500592,1642363,N. Clifford,1610612758,SAC,1,PT01M48.00S,shootingFoul2,attemptEquivalent,1,2,
0022500592,203471,D. Schröder,1610612758,SAC,1,PT00M26.70S,bonus,attemptEquivalent,2,2,
0022500592,1628963,M. Bagley III,1610612764,WAS,2,PT11M41.00S,shootingFoul2,attemptEquivalent,1,2,
0022500592,1628963,M. Bagley III,1610612764,WAS,2,PT10M31.00S,shootingFoul2,attemptEquivalent,1,2,
0022500592,1628963,M. Bagley III,1610612764,WAS,2,PT08M04.00S,shootingFoul2,attemptEquivalent,2,2,
0022500592,1642364,J. Watkins,1610612764,WAS,2,PT05M38.00S,shootingFoul2,attemptEquivalent,2,2,
0022500592,1630173,P. Achiuwa,1610612758,SAC,2,PT04M34.00S,shootingFoul2,attemptEquivalent,1,2,
0022500592,1642259,A. Sarr,1610612764,WAS,2,PT04M25.00S,andOne,addOn,1,1,286
0022500592,203897,Z. LaVine,1610612758,SAC,2,PT03M57.00S,shootingFoul2,attemptEquivalent,1,2,
0022500592,201566,R. Westbrook,1610612758,SAC,2,PT03M05.00S,shootingFoul2,attemptEquivalent,2,2,
0022500592,203471,D. Schröder,1610612758,SAC,2,PT00M17.00S,shootingFoul2,attemptEquivalent,1,2,
0022500592,201942,D. DeRozan,1610612758,SAC,3,PT10M55.00S,shootingFoul2,attemptEquivalent,1,2,
0022500592,1642273,K. George,1610612764,WAS,3,PT09M03.00S,awayFromPlay,addOn,1,1,
0022500592,201942,D. DeRozan,1610612758,SAC,3,PT08M53.00S,andOne,addOn,1,1,401
0022500592,1642259,A. Sarr,1610612764,WAS,3,PT05M32.00S,shootingFoul2,attemptEquivalent,1,2,
0022500592,203471,D. Schröder,1610612758,SAC,3,PT03M02.00S,bonus,attemptEquivalent,1,2,
0022500592,203471,D. Schröder,1610612758,SAC,3,PT00M08.90S,bonus,attemptEquivalent,1,2,
0022500592,1627734,D. Sabonis,1610612758,SAC,4,PT08M21.00S,shootingFoul2,attemptEquivalent,1,2,
0022500592,1627734,D. Sabonis,1610612758,SAC,4,PT07M44.00S,andOne,addOn,0,1,589
0022500592,1628963,M. Bagley III,1610612764,WAS,4,PT06M47.00S,shootingFoul2,attemptEquivalent,2,2,
0022500592,1642273,K. George,1610612764,WAS,4,PT04M31.00S,andOne,addOn,1,1,645
0022500592,1642273,K. George,1610612764,WAS,4,PT02M46.00S,andOne,addOn,1,1,671
0022500593,1631108,M. Christie,1610612742,DAL,1,PT05M55.00S,andOne,addOn,1,1,71
0022500593,203937,K. Anderson,1610612762,UTA,1,PT02M05.00S,shootingFoul2,attemptEquivalent,0,2,
0022500593,203939,D. Powell,1610612742,DAL,2,PT11M27.00S,shootingFoul2,attemptEquivalent,1,2,
0022500593,1630526,J. Robinson-Earl,1610612742,DAL,2,PT10M11.00S,shootingFoul2,attemptEquivalent,2,2,
0022500593,1641729,B. Sensabaugh,1610612762,UTA,2,PT08M46.00S,shootingFoul2,attemptEquivalent,2,2,
0022500593,1641729,B. Sensabaugh,1610612762,UTA,2,PT07M07.00S,shootingFoul2,attemptEquivalent,1,2,
0022500593,1631108,M. Christie,1610612742,DAL,2,PT05M47.00S,shootingFoul2,attemptEquivalent,1,2,
0022500593,202691,K. Thompson,1610612742,DAL,2,PT01M41.00S,shootingFoul3,attemptEquivalent,3,3,
0022500593,1630230,N. Marshall,1610612742,DAL,3,PT08M42.00S,andOne,addOn,0,1,335
0022500593,203939,D. Powell,1610612742,DAL,3,PT08M17.00S,shootingFoul2,attemptEquivalent,0,2,
0022500593,203939,D. Powell,1610612742,DAL,3,PT06M21.00S,flagrant,addOn,1,2,
0022500593,1642383,W. Clayton Jr.,1610612762,UTA,3,PT04M02.00S,flagrant,addOn,1,2,
0022500593,1642383,W. Clayton Jr.,1610612762,UTA,3,PT03M54.00S,shootingFoul2,attemptEquivalent,2,2,
0022500593,1641718,K. George,1610612762,UTA,3,PT01M20.00S,andOne,addOn,1,1,466
0022500593,1641729,B. Sensabaugh,1610612762,UTA,3,PT00M44.90S,bonus,attemptEquivalent,1,2,
0022500593,1642948,R. Nembhard,1610612742,DAL,3,PT00M34.10S,bonus,attemptEquivalent,1,2,
0022500593,1641718,K. George,1610612762,UTA,3,PT00M24.10S,shootingFoul3,attemptEquivalent,3,3,
0022500593,1631108,M. Christie,1610612742,DAL,4,PT11M21.00S,shootingFoul2,attemptEquivalent,2,2,
0022500593,1630230,N. Marshall,1610612742,DAL,4,PT10M29.00S,shootingFoul2,attemptEquivalent,1,2,
0022500593,1631108,M. Christie,1610612742,DAL,4,PT09M39.00S,andOne,addOn,1,1,551
0022500593,1630314,B. Williams,1610612742,DAL,4,PT09M06.00S,shootingFoul2,attemptEquivalent,2,2,
0022500593,1630314,B. Williams,1610612742,DAL,4,PT08M42.00S,bonus,attemptEquivalent,2,2,
0022500593,1628997,C. Martin,1610612742,DAL,4,PT07M51.00S,shootingFoul2,attemptEquivalent,1,2,
0022500593,203939,D. Powell,1610612742,DAL,4,PT07M03.00S,shootingFoul2,attemptEquivalent,2,2,
0022500593,1641718,K. George,1610612762,UTA,4,PT05M03.00S,shootingFoul2,attemptEquivalent,1,2,
0022500593,1630619,M. Cisse,1610612742,DAL,4,PT03M09.00S,bonus,attemptEquivalent,0,2,
0022500593,1641718,K. George,1610612762,UTA,4,PT02M22.00S,shootingFoul2,attemptEquivalent,2,2,
0022500593,1630619,M. Cisse,1610612742,DAL,4,PT02M07.00S,shootingFoul2,attemptEquivalent,1,2,
0022500593,1630702,J. Hardy,1610612742,DAL,4,PT01M23.00S,bonus,attemptEquivalent,0,2,
0022500597,1641717,C. Wallace,1610612760,OKC,1,PT10M38.00S,shootingFoul2,attemptEquivalent,2,2,
0022500597,1628983,S. Gilgeous-Alexander,1610612760,OKC,1,PT10M16.00S,andOne,addOn,1,1,25
0022500597,1628389,B. Adebayo,1610612748,MIA,1,PT08M21.00S,shootingFoul2,attemptEquivalent,2,2,
0022500597,1626181,N. Powell,1610612748,MIA,2,PT11M21.00S,shootingFoul2,attemptEquivalent,1,2,
0022500597,1641796,P. Larsson,1610612748,MIA,2,PT08M58.00S,andOne,addOn,0,1,182
0022500597,1631096,C. Holmgren,1610612760,OKC,2,PT08M42.00S,shootingFoul2,attemptEquivalent,2,2,
0022500597,1631323,S. Fontecchio,1610612748,MIA,2,PT02M52.00S,shootingFoul2,attemptEquivalent,2,2,
0022500597,1628983,S. Gilgeous-Alexander,1610612760,OKC,2,PT02M36.00S,shootingFoul2,attemptEquivalent,2,2,
0022500597,1628389,B. Adebayo,1610612748,MIA,2,PT01M26.00S,shootingFoul2,attemptEquivalent,2,2,
0022500597,1628983,S. Gilgeous-Alexander,1610612760,OKC,2,PT01M11.00S,shootingFoul2,attemptEquivalent,2,2,
0022500597,1626181,N. Powell,1610612748,MIA,2,PT01M04.00S,shootingFoul2,attemptEquivalent,1,2,
0022500597,1628983,S. Gilgeous-Alexander,1610612760,OKC,3,PT06M11.00S,bonus,attemptEquivalent,2,2,
0022500597,1627936,A. Caruso,1610612760,OKC,3,PT05M21.00S,shootingFoul2,attemptEquivalent,1,2,
0022500597,1630198,I. Joe,1610612760,OKC,3,PT04M58.00S,bonus,attemptEquivalent,1,2,
0022500597,1630696,D. Smith,1610612748,MIA,3,PT03M42.00S,shootingFoul2,attemptEquivalent,1,2,
0022500597,1630198,I. Joe,1610612760,OKC,3,PT03M02.00S,shootingFoul2,attemptEquivalent,1,2,
0022500597,1630696,D. Smith,1610612748,MIA,3,PT01M43.00S,shootingFoul2,attemptEquivalent,2,2,
0022500597,1628983,S. Gilgeous-Alexander,1610612760,OKC,3,PT01M28.00S,shootingFoul2,attemptEquivalent,2,2,
0022500597,1627936,A. Caruso,1610612760,OKC,3,PT01M10.00S,bonus,attemptEquivalent,1,2,
0022500597,1631107,N. Jović,1610612748,MIA,3,PT00M26.50S,bonus,attemptEquivalent,1,2,
0022500597,1626181,N. Powell,1610612748,MIA,4,PT09M54.00S,shootingFoul3,attemptEquivalent,2,3,
0022500597,203952,A. Wiggins,1610612748,MIA,4,PT06M35.00S,shootingFoul2,attemptEquivalent,1,2,
0022500597,1628983,S. Gilgeous-Alexander,1610612760,OKC,4,PT05M55.00S,shootingFoul2,attemptEquivalent,2,2,
0022500597,1628983,S. Gilgeous-Alexander,1610612760,OKC,4,PT05M31.00S,shootingFoul2,attemptEquivalent,2,2,
0022500597,1641796,P. Larsson,1610612748,MIA,4,PT04M32.00S,andOne,addOn,1,1,655
0022500597,1631096,C. Holmgren,1610612760,OKC,4,PT03M58.00S,andOne,addOn,0,1,668
0022500597,1641796,P. Larsson,1610612748,MIA,4,PT02M02.00S,shootingFoul2,attemptEquivalent,1,2,
0022500597,1642349,A. Mitchell,1610612760,OKC,4,PT01M50.00S,shootingFoul2,attemptEquivalent,2,2,
0022500597,1628389,B. Adebayo,1610612748,MIA,4,PT00M57.50S,shootingFoul2,attemptEquivalent,2,2,
0022500600,1642259,A. Sarr,1610612764,WAS,1,PT09M09.00S,shootingFoul2,attemptEquivalent,0,2,
0022500600,1642860,W. Riley,1610612764,WAS,1,PT04M19.00S,andOne,addOn,1,1,95
0022500600,1628963,M. Bagley III,1610612764,WAS,1,PT02M40.00S,shootingFoul2,attemptEquivalent,2,2,
0022500600,1630551,J. Champagnie,1610612764,WAS,2,PT10M32.00S,andOne,addOn,1,1,175
0022500600,1628963,M. Bagley III,1610612764,WAS,2,PT09M30.00S,andOne,addOn,1,1,192
0022500600,1628963,M. Bagley III,1610612764,WAS,2,PT07M38.00S,shootingFoul2,attemptEquivalent,0,2,
0022500600,1642848,T. Johnson,1610612764,WAS,2,PT07M08.00S,bonus,attemptEquivalent,1,2,
0022500600,1631212,P. Watson,1610612743,DEN,2,PT06M14.00S,shootingFoul2,attemptEquivalent,1,2,
0022500600,203114,K. Middleton,1610612764,WAS,2,PT05M06.00S,andOne,addOn,1,1,272
0022500600,1642259,A. Sarr,1610612764,WAS,2,PT03M11.00S,shootingFoul2,attemptEquivalent,1,2,
0022500600,203932,A. Gordon,1610612743,DEN,2,PT02M44.00S,shootingFoul2,attemptEquivalent,1,2,
0022500600,1627750,J. Murray,1610612743,DEN,2,PT00M32.40S,andOne,addOn,1,1,323
0022500600,1642259,A. Sarr,1610612764,WAS,3,PT11M48.00S,andOne,addOn,0,1,338
0022500600,1631212,P. Watson,1610612743,DEN,3,PT07M28.00S,shootingFoul2,attemptEquivalent,2,2,
0022500600,1627750,J. Murray,1610612743,DEN,3,PT05M53.00S,shootingFoul2,attemptEquivalent,1,2,
0022500600,1631212,P. Watson,1610612743,DEN,3,PT04M48.00S,bonus,attemptEquivalent,1,2,
0022500600,1631212,P. Watson,1610612743,DEN,3,PT01M03.00S,shootingFoul2,attemptEquivalent,0,2,
0022500600,1628963,M. Bagley III,1610612764,WAS,3,PT00M49.90S,shootingFoul2,attemptEquivalent,0,2,
0022500600,203501,T. Hardaway Jr.,1610612743,DEN,4,PT11M45.00S,shootingFoul2,attemptEquivalent,2,2,
0022500600,1642273,K. George,1610612764,WAS,4,PT11M28.00S,shootingFoul2,attemptEquivalent,2,2,
0022500600,1628963,M. Bagley III,1610612764,WAS,4,PT10M52.00S,shootingFoul2,attemptEquivalent,1,2,
0022500600,1627750,J. Murray,1610612743,DEN,4,PT10M43.00S,shootingFoul2,attemptEquivalent,2,2,
0022500600,203114,K. Middleton,1610612764,WAS,4,PT06M55.00S,andOne,addOn,1,1,576
0022500600,1642259,A. Sarr,1610612764,WAS,4,PT06M19.00S,shootingFoul2,attemptEquivalent,1,2,
0022500600,203501,T. Hardaway Jr.,1610612743,DEN,4,PT05M31.00S,andOne,addOn,1,1,592
0022500600,1642848,T. Johnson,1610612764,WAS,4,PT04M08.00S,bonus,attemptEquivalent,1,2,
0022500600,1642273,K. George,1610612764,WAS,4,PT03M22.00S,shootingFoul3,attemptEquivalent,2,3,
0022500600,1627750,J. Murray,1610612743,DEN,4,PT00M59.20S,bonus,attemptEquivalent,2,2,
0022500600,203501,T. Hardaway Jr.,1610612743,DEN,4,PT00M19.30S,bonus,attemptEquivalent,2,2,
0022500606,1641739,T. Camara,1610612757,POR,1,PT11M20.00S,shootingFoul2,attemptEquivalent,2,2,
0022500606,201566,R. Westbrook,1610612758,SAC,1,PT08M09.00S,andOne,addOn,1,1,41
0022500606,203897,Z. LaVine,1610612758,SAC,1,PT06M47.00S,shootingFoul2,attemptEquivalent,1,2,
0022500606,1630166,D. Avdija,1610612757,POR,1,PT06M30.00S,shootingFoul2,attemptEquivalent,2,2,
0022500606,1642928,D. Cardwell,1610612758,SAC,1,PT06M09.00S,bonus,attemptEquivalent,2,2,
0022500606,1630166,D. Avdija,1610612757,POR,1,PT03M51.00S,shootingFoul2,attemptEquivalent,2,2,
0022500606,203897,Z. LaVine,1610612758,SAC,1,PT03M41.00S,bonus,attemptEquivalent,2,2,
0022500606,1627734,D. Sabonis,1610612758,SAC,1,PT03M12.00S,bonus,attemptEquivalent,2,2,
0022500606,1631101,S. Sharpe,1610612757,POR,2,PT10M13.00S,shootingFoul2,attemptEquivalent,2,2,
0022500606,1631321,S. Cissoko,1610612757,POR,2,PT09M33.00S,shootingFoul2,attemptEquivalent,1,2,
0022500606,1631321,S. Cissoko,1610612757,POR,2,PT02M09.00S,shootingFoul2,attemptEquivalent,2,2,
0022500606,1627734,D. Sabonis,1610612758,SAC,2,PT01M50.00S,shootingFoul2,attemptEquivalent,2,2,
0022500606,1631101,S. Sharpe,1610612757,POR,3,PT10M30.00S,andOne,addOn,1,1,358
0022500606,1631101,S. Sharpe,1610612757,POR,3,PT08M02.00S,shootingFoul2,attemptEquivalent,1,2,
0022500606,1642270,D. Clingan,1610612757,POR,3,PT06M55.00S,andOne,addOn,1,1,405
0022500606,1642270,D. Clingan,1610612757,POR,3,PT03M01.00S,shootingFoul2,attemptEquivalent,2,2,
0022500606,1642270,D. Clingan,1610612757,POR,4,PT09M59.00S,shootingFoul2,attemptEquivalent,2,2,
0022500606,1642270,D. Clingan,1610612757,POR,4,PT08M24.00S,andOne,addOn,1,1,554
0022500606,1631101,S. Sharpe,1610612757,POR,4,PT06M50.00S,bonus,attemptEquivalent,2,2,
0022500606,1631101,S. Sharpe,1610612757,POR,4,PT05M36.00S,shootingFoul2,attemptEquivalent,1,2,
0022500606,1642270,D. Clingan,1610612757,POR,4,PT05M03.00S,shootingFoul2,attemptEquivalent,2,2,
0022500606,203897,Z. LaVine,1610612758,SAC,4,PT03M16.00S,shootingFoul2,attemptEquivalent,2,2,
0022500606,201942,D. DeRozan,1610612758,SAC,4,PT01M20.00S,shootingFoul2,attemptEquivalent,1,2,
0022500606,201566,R. Westbrook,1610612758,SAC,4,PT00M18.10S,shootingFoul2,attemptEquivalent,1,2,
0022500606,1630166,D. Avdija,1610612757,POR,4,PT00M16.20S,bonus,attemptEquivalent,2,2,
0022500606,1631101,S. Sharpe,1610612757,POR,4,PT00M09.90S,bonus,attemptEquivalent,1,2,
0022500606,1630166,D. Avdija,1610612757,POR,4,PT00M01.00S,bonus,attemptEquivalent,2,2,
0022500608,201935,J. Harden,1610612746,LAC,1,PT09M13.00S,shootingFoul2,attemptEquivalent,2,2,
0022500608,201935,J. Harden,1610612746,LAC,1,PT08M05.00S,shootingFoul2,attemptEquivalent,2,2,
0022500608,1642259,A. Sarr,1610612764,WAS,1,PT03M56.00S,shootingFoul2,attemptEquivalent,2,2,
0022500608,1642364,J. Watkins,1610612764,WAS,1,PT01M18.00S,shootingFoul2,attemptEquivalent,1,2,
0022500608,201935,J. Harden,1610612746,LAC,1,PT01M07.00S,shootingFoul2,attemptEquivalent,2,2,
0022500608,201935,J. Harden,1610612746,LAC,1,PT00M36.60S,shootingFoul3,attemptEquivalent,3,3,
0022500608,1641757,J. Miller,1610612746,LAC,2,PT11M21.00S,shootingFoul2,attemptEquivalent,2,2,
0022500608,1642273,K. George,1610612764,WAS,2,PT10M07.00S,shootingFoul3,attemptEquivalent,2,3,
0022500608,1641757,J. Miller,1610612746,LAC,2,PT07M49.00S,shootingFoul2,attemptEquivalent,1,2,
0022500608,1642860,W. Riley,1610612764,WAS,2,PT06M10.00S,shootingFoul2,attemptEquivalent,1,2,
0022500608,201935,J. Harden,1610612746,LAC,2,PT05M54.00S,flagrant,addOn,3,3,
0022500608,1630551,J. Champagnie,1610612764,WAS,2,PT04M53.00S,shootingFoul2,attemptEquivalent,2,2,
0022500608,1642259,A. Sarr,1610612764,WAS,2,PT04M24.00S,shootingFoul2,attemptEquivalent,2,2,
0022500608,1627739,K. Dunn,1610612746,LAC,3,PT06M27.00S,shootingFoul2,attemptEquivalent,2,2,
0022500608,201935,J. Harden,1610612746,LAC,3,PT01M12.00S,shootingFoul2,attemptEquivalent,2,2,
0022500608,201572,B. Lopez,1610612746,LAC,4,PT11M49.00S,shootingFoul2,attemptEquivalent,2,2,
0022500608,1642353,C. Christie,1610612746,LAC,4,PT11M15.00S,shootingFoul2,attemptEquivalent,2,2,
0022500608,1628963,M. Bagley III,1610612764,WAS,4,PT11M03.00S,shootingFoul2,attemptEquivalent,2,2,
0022500608,1642353,C. Christie,1610612746,LAC,4,PT07M00.00S,shootingFoul2,attemptEquivalent,2,2,
0022500608,1627739,K. Dunn,1610612746,LAC,4,PT06M31.00S,bonus,attemptEquivalent,1,2,
0022500608,1641757,J. Miller,1610612746,LAC,4,PT05M51.00S,bonus,attemptEquivalent,2,2,
0022500608,1642259,A. Sarr,1610612764,WAS,4,PT04M26.00S,shootingFoul2,attemptEquivalent,2,2,
0022500608,1642273,K. George,1610612764,WAS,4,PT03M23.00S,shootingFoul2,attemptEquivalent,2,2,
0022500608,1641757,J. Miller,1610612746,LAC,4,PT01M51.00S,bonus,attemptEquivalent,1,2,
0022500608,203114,K. Middleton,1610612764,WAS,4,PT00M57.60S,shootingFoul3,attemptEquivalent,3,3,
0022500608,201935,J. Harden,1610612746,LAC,4,PT00M36.90S,shootingFoul2,attemptEquivalent,2,2,
0022500608,201935,J. Harden,1610612746,LAC,4,PT00M05.90S,bonus,attemptEquivalent,0,2,
0022500608,201935,J. Harden,1610612746,LAC,4,PT00M03.50S,bonus,attemptEquivalent,2,2,
0022500611,1641705,V. Wembanyama,1610612759,SAS,1,PT10M35.00S,shootingFoul2,attemptEquivalent,2,2,
0022500611,1641718,K. George,1610612762,UTA,1,PT07M54.00S,andOne,addOn,1,1,53
0022500611,1642268,I. Collier,1610612762,UTA,2,PT11M15.00S,shootingFoul2,attemptEquivalent,1,2,
0022500611,201567,K. Love,1610612762,UTA,2,PT09M38.00S,shootingFoul3,attemptEquivalent,3,3,
0022500611,1641718,K. George,1610612762,UTA,2,PT06M16.00S,shootingFoul2,attemptEquivalent,1,2,
0022500611,1642271,K. Filipowski,1610612762,UTA,2,PT04M32.00S,shootingFoul2,attemptEquivalent,1,2,
0022500611,1641718,K. George,1610612762,UTA,2,PT04M02.00S,bonus,attemptEquivalent,2,2,
0022500611,1642271,K. Filipowski,1610612762,UTA,2,PT02M57.00S,bonus,attemptEquivalent,2,2,
0022500611,1641718,K. George,1610612762,UTA,2,PT00M29.00S,shootingFoul2,attemptEquivalent,2,2,
0022500611,1641718,K. George,1610612762,UTA,3,PT11M24.00S,shootingFoul2,attemptEquivalent,2,2,
0022500611,1642264,S. Castle,1610612759,SAS,3,PT10M36.00S,shootingFoul2,attemptEquivalent,2,2,
0022500611,1642264,S. Castle,1610612759,SAS,3,PT09M15.00S,shootingFoul2,attemptEquivalent,2,2,
0022500611,203084,H. Barnes,1610612759,SAS,3,PT07M15.00S,andOne,addOn,1,1,399
0022500611,1642264,S. Castle,1610612759,SAS,3,PT04M17.00S,shootingFoul2,attemptEquivalent,2,2,
0022500611,1642844,D. Harper,1610612759,SAS,3,PT01M36.00S,shootingFoul2,attemptEquivalent,2,2,
0022500611,1641718,K. George,1610612762,UTA,3,PT01M15.00S,shootingFoul2,attemptEquivalent,2,2,
0022500611,1641705,V. Wembanyama,1610612759,SAS,4,PT11M12.00S,shootingFoul2,attemptEquivalent,2,2,
0022500611,1641705,V. Wembanyama,1610612759,SAS,4,PT09M28.00S,shootingFoul2,attemptEquivalent,2,2,
0022500611,1642868,C. Bryant,1610612759,SAS,4,PT08M24.00S,shootingFoul2,attemptEquivalent,2,2,
0022500611,1629004,S. Mykhailiuk,1610612762,UTA,4,PT07M23.00S,shootingFoul2,attemptEquivalent,2,2,
0022500611,1642264,S. Castle,1610612759,SAS,4,PT06M49.00S,shootingFoul2,attemptEquivalent,0,2,
0022500611,1641718,K. George,1610612762,UTA,4,PT03M50.00S,andOne,addOn,1,1,637
0022500611,1628436,L. Kornet,1610612759,SAS,4,PT03M10.00S,bonus,attemptEquivalent,1,2,
0022500611,1642271,K. Filipowski,1610612762,UTA,4,PT02M13.00S,shootingFoul2,attemptEquivalent,2,2,
0022500611,1642264,S. Castle,1610612759,SAS,4,PT01M58.00S,shootingFoul2,attemptEquivalent,1,2,
0022500611,203482,K. Olynyk,1610612759,SAS,4,PT00M44.90S,bonus,attemptEquivalent,0,2,
0022500616,1641718,K. George,1610612762,UTA,1,PT10M02.00S,shootingFoul2,attemptEquivalent,1,2,
0022500616,1630183,J. McDaniels,1610612750,MIN,1,PT07M56.00S,shootingFoul2,attemptEquivalent,2,2,
0022500616,1629004,S. Mykhailiuk,1610612762,UTA,2,PT10M52.00S,shootingFoul2,attemptEquivalent,2,2,
0022500616,1642268,I. Collier,1610612762,UTA,2,PT09M16.00S,andOne,addOn,1,1,172
0022500616,1641718,K. George,1610612762,UTA,2,PT07M26.00S,shootingFoul2,attemptEquivalent,2,2,
0022500616,1642271,K. Filipowski,1610612762,UTA,2,PT06M23.00S,shootingFoul2,attemptEquivalent,2,2,
0022500616,1630162,A. Edwards,1610612750,MIN,2,PT05M49.00S,shootingFoul2,attemptEquivalent,2,2,
0022500616,203944,J. Randle,1610612750,MIN,2,PT03M37.00S,shootingFoul2,attemptEquivalent,1,2,
0022500616,1630162,A. Edwards,1610612750,MIN,2,PT01M33.00S,shootingFoul2,attemptEquivalent,2,2,
0022500616,1630162,A. Edwards,1610612750,MIN,2,PT00M29.90S,shootingFoul2,attemptEquivalent,1,2,
0022500616,203497,R. Gobert,1610612750,MIN,3,PT11M30.00S,andOne,addOn,0,1,326
0022500616,1641718,K. George,1610612762,UTA,3,PT08M11.00S,shootingFoul3,attemptEquivalent,3,3,
0022500616,1642846,A. Bailey,1610612762,UTA,3,PT07M46.00S,andOne,addOn,1,1,380
0022500616,1630162,A. Edwards,1610612750,MIN,3,PT05M27.00S,shootingFoul2,attemptEquivalent,2,2,
0022500616,203944,J. Randle,1610612750,MIN,3,PT00M38.90S,bonus,attemptEquivalent,2,2,
0022500616,1641718,K. George,1610612762,UTA,3,PT00M30.40S,andOne,addOn,1,1,471
0022500616,1630162,A. Edwards,1610612750,MIN,3,PT00M18.00S,shootingFoul2,attemptEquivalent,2,2,
0022500616,203497,R. Gobert,1610612750,MIN,4,PT11M39.00S,shootingFoul2,attemptEquivalent,1,2,
0022500616,1642268,I. Collier,1610612762,UTA,4,PT10M01.00S,andOne,addOn,0,1,521
0022500616,1642268,I. Collier,1610612762,UTA,4,PT09M34.00S,shootingFoul2,attemptEquivalent,1,2,
0022500616,1628978,D. DiVincenzo,1610612750,MIN,4,PT08M34.00S,shootingFoul2,attemptEquivalent,2,2,
0022500616,203944,J. Randle,1610612750,MIN,4,PT05M25.00S,shootingFoul2,attemptEquivalent,1,2,
0022500616,1642268,I. Collier,1610612762,UTA,4,PT02M44.00S,andOne,addOn,1,1,626
0022500616,203994,J. Nurkić,1610612762,UTA,4,PT02M14.00S,andOne,addOn,0,1,631
0022500616,203497,R. Gobert,1610612750,MIN,4,PT02M13.00S,bonus,attemptEquivalent,0,2,
0022500616,1630162,A. Edwards,1610612750,MIN,4,PT01M21.00S,andOne,addOn,1,1,653
0022500616,203994,J. Nurkić,1610612762,UTA,4,PT00M52.60S,bonus,attemptEquivalent,2,2,
0022500616,1642268,I. Collier,1610612762,UTA,4,PT00M29.10S,bonus,attemptEquivalent,0,2,
0022500616,1642271,K. Filipowski,1610612762,UTA,4,PT00M15.60S,bonus,attemptEquivalent,1,2,
0022500619,1626181,N. Powell,1610612748,MIA,1,PT03M15.00S,shootingFoul2,attemptEquivalent,1,2,
0022500619,1631170,J. Jaquez Jr.,1610612748,MIA,1,PT00M11.10S,shootingFoul2,attemptEquivalent,1,2,
0022500619,1642066,M. Gardner,1610612748,MIA,2,PT10M10.00S,andOne,addOn,1,1,188
0022500619,201942,D. DeRozan,1610612758,SAC,2,PT07M14.00S,shootingFoul2,attemptEquivalent,2,2,
0022500619,1631107,N. Jović,1610612748,MIA,2,PT05M51.00S,bonus,attemptEquivalent,0,2,
0022500619,1627734,D. Sabonis,1610612758,SAC,2,PT04M16.00S,andOne,addOn,0,1,280
0022500619,201942,D. DeRozan,1610612758,SAC,2,PT03M47.00S,shootingFoul2,attemptEquivalent,2,2,
0022500619,1628389,B. Adebayo,1610612748,MIA,2,PT02M52.00S,shootingFoul2,attemptEquivalent,1,2,
0022500619,201566,R. Westbrook,1610612758,SAC,2,PT01M44.00S,shootingFoul2,attemptEquivalent,1,2,
0022500619,1631170,J. Jaquez Jr.,1610612748,MIA,2,PT01M29.00S,shootingFoul2,attemptEquivalent,1,2,
0022500619,201566,R. Westbrook,1610612758,SAC,2,PT01M12.00S,shootingFoul2,attemptEquivalent,2,2,
0022500619,203952,A. Wiggins,1610612748,MIA,2,PT00M58.70S,shootingFoul2,attemptEquivalent,2,2,
0022500619,203897,Z. LaVine,1610612758,SAC,3,PT09M13.00S,shootingFoul2,attemptEquivalent,1,2,
0022500619,201942,D. DeRozan,1610612758,SAC,3,PT08M55.00S,shootingFoul2,attemptEquivalent,2,2,
0022500619,1630173,P. Achiuwa,1610612758,SAC,3,PT05M41.00S,shootingFoul2,attemptEquivalent,2,2,
0022500619,1642857,K. Jakučionis,1610612748,MIA,3,PT02M27.00S,shootingFoul2,attemptEquivalent,1,2,
0022500619,201942,D. DeRozan,1610612758,SAC,3,PT02M17.00S,shootingFoul2,attemptEquivalent,2,2,
0022500619,1628370,M. Monk,1610612758,SAC,3,PT01M17.00S,shootingFoul2,attemptEquivalent,2,2,
0022500619,201942,D. DeRozan,1610612758,SAC,3,PT00M41.60S,shootingFoul2,attemptEquivalent,2,2,
0022500619,1628389,B. Adebayo,1610612748,MIA,4,PT10M28.00S,shootingFoul2,attemptEquivalent,2,2,
0022500619,1628389,B. Adebayo,1610612748,MIA,4,PT08M31.00S,shootingFoul2,attemptEquivalent,1,2,
0022500619,1641796,P. Larsson,1610612748,MIA,4,PT04M05.00S,andOne,addOn,1,1,620
0022500619,1641796,P. Larsson,1610612748,MIA,4,PT01M24.00S,flagrant,addOn,1,2,
0022500620,1641706,B. Miller,1610612766,CHA,1,PT07M55.00S,shootingFoul2,attemptEquivalent,2,2,
0022500620,1628386,J. Allen,1610612739,CLE,1,PT07M34.00S,shootingFoul2,attemptEquivalent,2,2,
0022500620,1630596,E. Mobley,1610612739,CLE,1,PT06M10.00S,andOne,addOn,1,1,64
0022500620,1628970,M. Bridges,1610612766,CHA,1,PT05M21.00S,andOne,addOn,0,1,82
0022500620,1629631,D. Hunter,1610612739,CLE,1,PT03M24.00S,shootingFoul2,attemptEquivalent,1,2,
0022500620,1641750,R. Kalkbrenner,1610612766,CHA,1,PT03M07.00S,andOne,addOn,1,1,138
0022500620,1628378,D. Mitchell,1610612739,CLE,1,PT00M55.40S,bonus,attemptEquivalent,2,2,
0022500620,1629731,D. Wade,1610612739,CLE,2,PT05M56.00S,shootingFoul2,attemptEquivalent,2,2,
0022500620,1631217,M. Diabaté,1610612766,CHA,3,PT11M12.00S,shootingFoul2,attemptEquivalent,1,2,
0022500620,1631217,M. Diabaté,1610612766,CHA,3,PT10M40.00S,shootingFoul2,attemptEquivalent,1,2,
0022500620,1641706,B. Miller,1610612766,CHA,3,PT06M24.00S,shootingFoul2,attemptEquivalent,2,2,
0022500620,1630596,E. Mobley,1610612739,CLE,3,PT05M36.00S,shootingFoul2,attemptEquivalent,1,2,
0022500620,1631217,M. Diabaté,1610612766,CHA,3,PT04M09.00S,bonus,attemptEquivalent,0,2,
0022500620,1628386,J. Allen,1610612739,CLE,3,PT03M09.00S,bonus,attemptEquivalent,1,2,
0022500620,1641854,C. Porter Jr.,1610612739,CLE,3,PT01M56.00S,shootingFoul2,attemptEquivalent,1,2,
0022500620,1630182,J. Green,1610612766,CHA,3,PT00M00.00S,shootingFoul2,attemptEquivalent,2,2,
0022500620,1628378,D. Mitchell,1610612739,CLE,4,PT05M18.00S,shootingFoul2,attemptEquivalent,2,2,
0022500620,1642851,K. Knueppel,1610612766,CHA,4,PT04M08.00S,andOne,addOn,1,1,679
0022500620,1628378,D. Mitchell,1610612739,CLE,4,PT03M54.00S,shootingFoul2,attemptEquivalent,1,2,
0022500620,1642851,K. Knueppel,1610612766,CHA,4,PT01M57.00S,bonus,attemptEquivalent,2,2,
0022500620,1642281,J. Tyson,1610612739,CLE,4,PT00M11.90S,bonus,attemptEquivalent,1,2,
0022500620,1628386,J. Allen,1610612739,CLE,4,PT00M02.30S,bonus,attemptEquivalent,2,2,
0022500625,203507,G. Antetokounmpo,1610612749,MIL,1,PT08M19.00S,shootingFoul2,attemptEquivalent,1,2,
0022500625,1628983,S. Gilgeous-Alexander,1610612760,OKC,1,PT00M00.20S,shootingFoul2,attemptEquivalent,1,2,
0022500625,1626171,B. Portis,1610612749,MIL,2,PT11M09.00S,andOne,addOn,1,1,149
0022500625,1631096,C. Holmgren,1610612760,OKC,2,PT04M04.00S,shootingFoul2,attemptEquivalent,1,2,
0022500625,1629026,K. Williams,1610612760,OKC,2,PT02M43.00S,andOne,addOn,0,1,245
0022500625,1642349,A. Mitchell,1610612760,OKC,2,PT01M15.00S,andOne,addOn,0,1,263
0022500625,203507,G. Antetokounmpo,1610612749,MIL,2,PT00M07.00S,bonus,attemptEquivalent,1,2,
0022500625,203507,G. Antetokounmpo,1610612749,MIL,3,PT10M36.00S,shootingFoul2,attemptEquivalent,1,2,
0022500625,1641717,C. Wallace,1610612760,OKC,3,PT09M15.00S,flagrant,addOn,1,2,
0022500625,1628398,K. Kuzma,1610612749,MIL,3,PT07M58.00S,andOne,addOn,1,1,355
0022500625,1628983,S. Gilgeous-Alexander,1610612760,OKC,3,PT05M43.00S,andOne,addOn,1,1,386
0022500625,1631096,C. Holmgren,1610612760,OKC,3,PT04M23.00S,bonus,attemptEquivalent,2,2,
0022500625,1628983,S. Gilgeous-Alexander,1610612760,OKC,3,PT02M32.00S,shootingFoul2,attemptEquivalent,2,2,
0022500625,1628983,S. Gilgeous-Alexander,1610612760,OKC,3,PT02M01.00S,shootingFoul2,attemptEquivalent,2,2,
0022500626,1627742,B. Ingram,1610612761,TOR,1,PT04M29.00S,shootingFoul2,attemptEquivalent,2,2,
0022500626,203471,D. Schröder,1610612758,SAC,2,PT11M13.00S,shootingFoul2,attemptEquivalent,2,2,
0022500626,203471,D. Schröder,1610612758,SAC,2,PT10M30.00S,andOne,addOn,1,1,179
0022500626,1630572,S. Mamukelashvili,1610612761,TOR,2,PT09M01.00S,shootingFoul2,attemptEquivalent,1,2,
0022500626,203897,Z. LaVine,1610612758,SAC,2,PT05M29.00S,shootingFoul2,attemptEquivalent,1,2,
0022500626,203897,Z. LaVine,1610612758,SAC,2,PT03M35.00S,shootingFoul2,attemptEquivalent,2,2,
0022500626,1627742,B. Ingram,1610612761,TOR,2,PT01M31.00S,shootingFoul2,attemptEquivalent,2,2,
0022500626,201566,R. Westbrook,1610612758,SAC,2,PT00M37.60S,shootingFoul3,attemptEquivalent,3,3,
0022500626,201942,D. DeRozan,1610612758,SAC,2,PT00M21.30S,bonus,attemptEquivalent,2,2,
0022500626,1630193,I. Quickley,1610612761,TOR,2,PT00M03.40S,andOne,addOn,1,1,329
0022500626,1630567,S. Barnes,1610612761,TOR,3,PT11M21.00S,shootingFoul2,attemptEquivalent,2,2,
0022500626,1642347,J. Shead,1610612761,TOR,3,PT09M37.00S,shootingFoul2,attemptEquivalent,2,2,
0022500626,1630193,I. Quickley,1610612761,TOR,3,PT06M03.00S,shootingFoul2,attemptEquivalent,2,2,
0022500626,1627742,B. Ingram,1610612761,TOR,3,PT05M30.00S,shootingFoul2,attemptEquivalent,2,2,
0022500626,1642367,J. Mogbo,1610612761,TOR,3,PT04M41.00S,flagrant,addOn,1,2,
0022500626,1628370,M. Monk,1610612758,SAC,3,PT04M22.00S,shootingFoul2,attemptEquivalent,2,2,
0022500626,201942,D. DeRozan,1610612758,SAC,3,PT03M24.00S,shootingFoul2,attemptEquivalent,1,2,
0022500626,201942,D. DeRozan,1610612758,SAC,3,PT01M19.00S,andOne,addOn,0,1,503
0022500626,1630567,S. Barnes,1610612761,TOR,3,PT01M04.00S,shootingFoul2,attemptEquivalent,2,2,
0022500626,1630193,I. Quickley,1610612761,TOR,4,PT11M22.00S,shootingFoul2,attemptEquivalent,2,2,
0022500626,1642875,M. Raynaud,1610612758,SAC,4,PT09M34.00S,shootingFoul2,attemptEquivalent,2,2,
0022500626,1630572,S. Mamukelashvili,1610612761,TOR,4,PT08M21.00S,shootingFoul2,attemptEquivalent,2,2,
0022500626,203471,D. Schröder,1610612758,SAC,4,PT04M40.00S,andOne,addOn,1,1,634
0022500626,203471,D. Schröder,1610612758,SAC,4,PT04M02.00S,shootingFoul2,attemptEquivalent,1,2,
0022500626,1630567,S. Barnes,1610612761,TOR,4,PT02M13.00S,shootingFoul2,attemptEquivalent,2,2,
0022500629,202685,J. Valančiūnas,1610612743,DEN,1,PT10M39.00S,shootingFoul2,attemptEquivalent,2,2,
0022500629,202685,J. Valančiūnas,1610612743,DEN,1,PT10M10.00S,shootingFoul2,attemptEquivalent,2,2,
0022500629,203932,A. Gordon,1610612743,DEN,1,PT05M46.00S,shootingFoul3,attemptEquivalent,3,3,
0022500629,1631212,P. Watson,1610612743,DEN,1,PT03M54.00S,shootingFoul2,attemptEquivalent,2,2,
0022500629,1631212,P. Watson,1610612743,DEN,1,PT01M49.00S,shootingFoul2,attemptEquivalent,2,2,
0022500629,1642273,K. George,1610612764,WAS,1,PT01M33.00S,shootingFoul2,attemptEquivalent,2,2,
0022500629,1642273,K. George,1610612764,WAS,2,PT08M51.00S,shootingFoul2,attemptEquivalent,2,2,
0022500629,1642259,A. Sarr,1610612764,WAS,2,PT08M01.00S,shootingFoul2,attemptEquivalent,2,2,
0022500629,203114,K. Middleton,1610612764,WAS,2,PT06M55.00S,shootingFoul2,attemptEquivalent,2,2,
0022500629,1642848,T. Johnson,1610612764,WAS,2,PT03M40.00S,shootingFoul2,attemptEquivalent,2,2,
0022500629,1642267,B. Carrington,1610612764,WAS,2,PT02M10.00S,bonus,attemptEquivalent,2,2,
0022500629,1631212,P. Watson,1610612743,DEN,3,PT05M43.00S,shootingFoul2,attemptEquivalent,2,2,
0022500629,1627750,J. Murray,1610612743,DEN,3,PT05M08.00S,andOne,addOn,1,1,414
0022500629,1642860,W. Riley,1610612764,WAS,3,PT01M30.00S,shootingFoul2,attemptEquivalent,2,2,
0022500629,1627750,J. Murray,1610612743,DEN,3,PT01M13.00S,andOne,addOn,1,1,468
0022500629,1642860,W. Riley,1610612764,WAS,3,PT00M35.50S,shootingFoul2,attemptEquivalent,0,2,
0022500629,1642364,J. Watkins,1610612764,WAS,3,PT00M16.40S,bonus,attemptEquivalent,1,2,
0022500629,1642259,A. Sarr,1610612764,WAS,4,PT11M08.00S,shootingFoul2,attemptEquivalent,1,2,
0022500629,1642259,A. Sarr,1610612764,WAS,4,PT09M22.00S,shootingFoul2,attemptEquivalent,2,2,
0022500629,1642273,K. George,1610612764,WAS,4,PT06M03.00S,shootingFoul2,attemptEquivalent,2,2,
0022500629,203932,A. Gordon,1610612743,DEN,4,PT04M51.00S,shootingFoul2,attemptEquivalent,2,2,
0022500629,1627750,J. Murray,1610612743,DEN,4,PT04M17.00S,shootingFoul2,attemptEquivalent,2,2,
0022500629,1631212,P. Watson,1610612743,DEN,4,PT01M50.00S,shootingFoul2,attemptEquivalent,2,2,
0022500629,1631212,P. Watson,1610612743,DEN,4,PT01M16.00S,bonus,attemptEquivalent,1,2,
0022500629,1629618,J. Pickett,1610612743,DEN,4,PT00M59.40S,bonus,attemptEquivalent,2,2,
0022500632,1641718,K. George,1610612762,UTA,1,PT08M15.00S,shootingFoul2,attemptEquivalent,2,2,
0022500632,1628368,D. Fox,1610612759,SAS,1,PT07M32.00S,shootingFoul2,attemptEquivalent,2,2,
0022500632,1642846,A. Bailey,1610612762,UTA,1,PT06M51.00S,andOne,addOn,1,1,56
0022500632,1642264,S. Castle,1610612759,SAS,1,PT03M36.00S,shootingFoul2,attemptEquivalent,0,2,
0022500632,1641718,K. George,1610612762,UTA,1,PT02M42.00S,shootingFoul2,attemptEquivalent,2,2,
0022500632,1641729,B. Sensabaugh,1610612762,UTA,1,PT00M45.00S,shootingFoul2,attemptEquivalent,2,2,
0022500632,1628368,D. Fox,1610612759,SAS,1,PT00M30.90S,shootingFoul3,attemptEquivalent,2,3,
0022500632,1641705,V. Wembanyama,1610612759,SAS,2,PT10M15.00S,shootingFoul2,attemptEquivalent,2,2,
0022500632,1642264,S. Castle,1610612759,SAS,2,PT10M07.00S,shootingFoul2,attemptEquivalent,2,2,
0022500632,1641705,V. Wembanyama,1610612759,SAS,2,PT09M09.00S,andOne,addOn,1,1,217
0022500632,1642262,C. Williams,1610612762,UTA,2,PT05M38.00S,shootingFoul2,attemptEquivalent,1,2,
0022500632,1629640,K. Johnson,1610612759,SAS,2,PT02M59.00S,andOne,addOn,1,1,305
0022500632,1642264,S. Castle,1610612759,SAS,2,PT02M08.00S,shootingFoul2,attemptEquivalent,1,2,
0022500632,1642264,S. Castle,1610612759,SAS,2,PT01M03.00S,bonus,attemptEquivalent,2,2,
0022500632,1641705,V. Wembanyama,1610612759,SAS,3,PT08M55.00S,andOne,addOn,1,1,385
0022500632,203994,J. Nurkić,1610612762,UTA,3,PT08M33.00S,andOne,addOn,0,1,391
0022500632,1641718,K. George,1610612762,UTA,3,PT08M09.00S,flagrant,addOn,1,1,
0022500632,203994,J. Nurkić,1610612762,UTA,3,PT05M09.00S,shootingFoul2,attemptEquivalent,2,2,
0022500632,1629640,K. Johnson,1610612759,SAS,3,PT04M52.00S,andOne,addOn,1,1,457
0022500632,1642264,S. Castle,1610612759,SAS,3,PT03M35.00S,shootingFoul2,attemptEquivalent,2,2,
0022500632,1642844,D. Harper,1610612759,SAS,3,PT01M55.00S,shootingFoul2,attemptEquivalent,2,2,
0022500638,201566,R. Westbrook,1610612758,SAC,1,PT09M12.00S,shootingFoul2,attemptEquivalent,2,2,
0022500638,1628386,J. Allen,1610612739,CLE,1,PT07M31.00S,shootingFoul2,attemptEquivalent,2,2,
0022500638,1630596,E. Mobley,1610612739,CLE,1,PT05M08.00S,andOne,addOn,1,1,86
0022500638,1628386,J. Allen,1610612739,CLE,1,PT01M22.00S,shootingFoul2,attemptEquivalent,2,2,
0022500638,203471,D. Schröder,1610612758,SAC,1,PT01M13.00S,shootingFoul2,attemptEquivalent,2,2,
0022500638,1627734,D. Sabonis,1610612758,SAC,1,PT00M30.90S,bonus,attemptEquivalent,2,2,
0022500638,1630596,E. Mobley,1610612739,CLE,2,PT10M41.00S,shootingFoul2,attemptEquivalent,1,2,
0022500638,201942,D. DeRozan,1610612758,SAC,2,PT10M27.00S,shootingFoul2,attemptEquivalent,2,2,
0022500638,201942,D. DeRozan,1610612758,SAC,2,PT09M45.00S,shootingFoul2,attemptEquivalent,1,2,
0022500638,1628378,D. Mitchell,1610612739,CLE,2,PT08M49.00S,shootingFoul3,attemptEquivalent,3,3,
0022500638,1628378,D. Mitchell,1610612739,CLE,2,PT08M24.00S,shootingFoul2,attemptEquivalent,2,2,
0022500638,1627734,D. Sabonis,1610612758,SAC,2,PT07M40.00S,andOne,addOn,1,1,237
0022500638,1630596,E. Mobley,1610612739,CLE,2,PT04M19.00S,andOne,addOn,1,1,286
0022500638,1642281,J. Tyson,1610612739,CLE,2,PT01M06.00S,shootingFoul2,attemptEquivalent,2,2,
0022500638,203471,D. Schröder,1610612758,SAC,2,PT00M01.90S,bonus,attemptEquivalent,2,2,
0022500638,1628386,J. Allen,1610612739,CLE,3,PT08M52.00S,shootingFoul2,attemptEquivalent,1,2,
0022500638,1630596,E. Mobley,1610612739,CLE,3,PT07M35.00S,andOne,addOn,0,1,396
0022500638,1642281,J. Tyson,1610612739,CLE,3,PT06M38.00S,andOne,addOn,0,1,412
0022500638,1629631,D. Hunter,1610612739,CLE,3,PT03M19.00S,shootingFoul2,attemptEquivalent,2,2,
0022500638,1628386,J. Allen,1610612739,CLE,3,PT01M45.00S,shootingFoul2,attemptEquivalent,2,2,
0022500638,1627734,D. Sabonis,1610612758,SAC,4,PT10M31.00S,shootingFoul2,attemptEquivalent,2,2,
0022500638,201942,D. DeRozan,1610612758,SAC,4,PT08M16.00S,shootingFoul2,attemptEquivalent,2,2,
0022500638,203471,D. Schröder,1610612758,SAC,4,PT06M06.00S,bonus,attemptEquivalent,2,2,
0022500638,201942,D. DeRozan,1610612758,SAC,4,PT02M12.00S,shootingFoul2,attemptEquivalent,2,2,
0022500638,1628386,J. Allen,1610612739,CLE,4,PT01M17.00S,shootingFoul2,attemptEquivalent,2,2,
0022500638,1628378,D. Mitchell,1610612739,CLE,4,PT00M15.70S,bonus,attemptEquivalent,1,2,
0022500641,1631096,C. Holmgren,1610612760,OKC,1,PT07M44.00S,shootingFoul2,attemptEquivalent,2,2,
0022500641,1629614,A. Nembhard,1610612754,IND,1,PT06M57.00S,shootingFoul2,attemptEquivalent,1,2,
0022500641,1630198,I. Joe,1610612760,OKC,1,PT06M44.00S,shootingFoul2,attemptEquivalent,2,2,
0022500641,1628983,S. Gilgeous-Alexander,1610612760,OKC,1,PT00M05.60S,shootingFoul2,attemptEquivalent,2,2,
0022500641,1630543,I. Jackson,1610612754,IND,2,PT09M36.00S,shootingFoul2,attemptEquivalent,0,2,
0022500641,1641717,C. Wallace,1610612760,OKC,2,PT05M43.00S,shootingFoul2,attemptEquivalent,1,2,
0022500641,1631096,C. Holmgren,1610612760,OKC,2,PT05M03.00S,shootingFoul2,attemptEquivalent,2,2,
0022500641,1628983,S. Gilgeous-Alexander,1610612760,OKC,2,PT04M08.00S,shootingFoul2,attemptEquivalent,2,2,
0022500641,1628983,S. Gilgeous-Alexander,1610612760,OKC,2,PT03M36.00S,shootingFoul2,attemptEquivalent,2,2,
0022500641,1627783,P. Siakam,1610612754,IND,2,PT00M50.40S,andOne,addOn,1,1,355
0022500641,1641716,J. Walker,1610612754,IND,3,PT09M56.00S,shootingFoul2,attemptEquivalent,0,2,
0022500641,1628983,S. Gilgeous-Alexander,1610612760,OKC,3,PT07M28.00S,andOne,addOn,1,1,424
0022500641,1641716,J. Walker,1610612754,IND,3,PT06M34.00S,andOne,addOn,0,1,436
0022500641,1630198,I. Joe,1610612760,OKC,3,PT03M23.00S,andOne,addOn,1,1,485
0022500641,1629026,K. Williams,1610612760,OKC,4,PT10M26.00S,shootingFoul2,attemptEquivalent,2,2,
0022500641,1631119,J. Williams,1610612760,OKC,4,PT08M48.00S,shootingFoul2,attemptEquivalent,2,2,
0022500641,1629614,A. Nembhard,1610612754,IND,4,PT05M55.00S,shootingFoul2,attemptEquivalent,2,2,
0022500641,1641716,J. Walker,1610612754,IND,4,PT05M28.00S,shootingFoul2,attemptEquivalent,1,2,
0022500641,1641716,J. Walker,1610612754,IND,4,PT04M44.00S,shootingFoul2,attemptEquivalent,2,2,
0022500641,1629026,K. Williams,1610612760,OKC,4,PT04M31.00S,andOne,addOn,0,1,641
0022500641,1628983,S. Gilgeous-Alexander,1610612760,OKC,4,PT04M20.00S,bonus,attemptEquivalent,2,2,
0022500641,1631096,C. Holmgren,1610612760,OKC,4,PT02M35.00S,bonus,attemptEquivalent,1,2,
0022500641,1631096,C. Holmgren,1610612760,OKC,4,PT01M33.00S,bonus,attemptEquivalent,2,2,
0022500641,1628983,S. Gilgeous-Alexander,1610612760,OKC,4,PT01M12.00S,andOne,addOn,1,1,692
0022500641,1641716,J. Walker,1610612754,IND,4,PT00M10.30S,bonus,attemptEquivalent,2,2,
0022500641,1628983,S. Gilgeous-Alexander,1610612760,OKC,4,PT00M07.80S,bonus,attemptEquivalent,2,2,
0022500641,1641716,J. Walker,1610612754,IND,4,PT00M06.00S,bonus,attemptEquivalent,2,2,
0022500641,1627783,P. Siakam,1610612754,IND,4,PT00M01.10S,bonus,attemptEquivalent,0,2,
0022500645,1631217,M. Diabaté,1610612766,CHA,1,PT07M12.00S,shootingFoul2,attemptEquivalent,1,2,
0022500645,1631217,M. Diabaté,1610612766,CHA,1,PT06M27.00S,shootingFoul2,attemptEquivalent,2,2,
0022500645,1642883,S. James,1610612766,CHA,1,PT02M15.00S,andOne,addOn,1,1,118
0022500645,1628970,M. Bridges,1610612766,CHA,2,PT10M33.00S,andOne,addOn,0,1,184
0022500645,1642848,T. Johnson,1610612764,WAS,2,PT09M11.00S,shootingFoul3,attemptEquivalent,2,3,
0022500645,1642848,T. Johnson,1610612764,WAS,2,PT06M46.00S,bonus,attemptEquivalent,2,2,
0022500645,1629012,C. Sexton,1610612766,CHA,2,PT05M07.00S,transitionTake,addOn,1,1,
0022500645,1641706,B. Miller,1610612766,CHA,2,PT03M11.00S,bonus,attemptEquivalent,2,2,
0022500645,1631217,M. Diabaté,1610612766,CHA,2,PT02M47.00S,bonus,attemptEquivalent,2,2,
0022500645,1642851,K. Knueppel,1610612766,CHA,2,PT00M42.90S,shootingFoul2,attemptEquivalent,2,2,
0022500645,1628970,M. Bridges,1610612766,CHA,3,PT09M08.00S,shootingFoul2,attemptEquivalent,1,2,
0022500645,1642364,J. Watkins,1610612764,WAS,3,PT02M34.00S,shootingFoul2,attemptEquivalent,2,2,
0022500645,1641750,R. Kalkbrenner,1610612766,CHA,3,PT01M35.00S,shootingFoul2,attemptEquivalent,0,2,
0022500645,1630163,L. Ball,1610612766,CHA,4,PT11M26.00S,andOne,addOn,1,1,517
0022500645,1642883,S. James,1610612766,CHA,4,PT05M30.00S,shootingFoul2,attemptEquivalent,1,2,
0022500645,1631217,M. Diabaté,1610612766,CHA,4,PT05M02.00S,shootingFoul2,attemptEquivalent,2,2,
0022500645,1642259,A. Sarr,1610612764,WAS,4,PT04M49.00S,andOne,addOn,1,1,607
0022500645,1641706,B. Miller,1610612766,CHA,4,PT04M26.00S,shootingFoul2,attemptEquivalent,2,2,
0022500645,1642851,K. Knueppel,1610612766,CHA,4,PT00M09.70S,bonus,attemptEquivalent,1,2,
0022500645,1628970,M. Bridges,1610612766,CHA,4,PT00M02.40S,bonus,attemptEquivalent,2,2,
0022500646,1630217,D. Bane,1610612753,ORL,1,PT05M05.00S,shootingFoul2,attemptEquivalent,2,2,
0022500646,1630596,E. Mobley,1610612739,CLE,1,PT04M19.00S,shootingFoul2,attemptEquivalent,2,2,
0022500646,1631094,P. Banchero,1610612753,ORL,1,PT02M43.00S,shootingFoul2,attemptEquivalent,2,2,
0022500646,1628386,J. Allen,1610612739,CLE,1,PT01M07.00S,bonus,attemptEquivalent,2,2,
0022500646,1641772,N. Tomlin,1610612739,CLE,1,PT00M51.90S,bonus,attemptEquivalent,1,2,
0022500646,1642869,N. Penda,1610612753,ORL,2,PT10M04.00S,shootingFoul2,attemptEquivalent,1,2,
0022500646,1631094,P. Banchero,1610612753,ORL,2,PT07M31.00S,shootingFoul2,attemptEquivalent,1,2,
0022500646,1642859,J. Richardson,1610612753,ORL,2,PT06M32.00S,bonus,attemptEquivalent,2,2,
0022500646,1628976,W. Carter Jr.,1610612753,ORL,2,PT06M09.00S,shootingFoul2,attemptEquivalent,2,2,
0022500646,1642281,J. Tyson,1610612739,CLE,2,PT05M55.00S,shootingFoul2,attemptEquivalent,2,2,
0022500646,1631094,P. Banchero,1610612753,ORL,2,PT04M18.00S,shootingFoul2,attemptEquivalent,2,2,
0022500646,1630591,J. Suggs,1610612753,ORL,2,PT01M52.00S,shootingFoul2,attemptEquivalent,2,2,
0022500646,1630596,E. Mobley,1610612739,CLE,3,PT09M56.00S,shootingFoul2,attemptEquivalent,2,2,
0022500646,1641710,A. Black,1610612753,ORL,3,PT05M28.00S,shootingFoul2,attemptEquivalent,1,2,
0022500646,1631094,P. Banchero,1610612753,ORL,3,PT03M24.00S,shootingFoul2,attemptEquivalent,2,2,
0022500646,1628418,T. Bryant,1610612739,CLE,3,PT03M13.00S,shootingFoul2,attemptEquivalent,1,2,
0022500646,1631094,P. Banchero,1610612753,ORL,3,PT01M20.00S,bonus,attemptEquivalent,1,2,
0022500646,1629021,M. Wagner,1610612753,ORL,3,PT01M13.00S,shootingFoul2,attemptEquivalent,2,2,
0022500646,1642878,T. Proctor,1610612739,CLE,4,PT09M54.00S,shootingFoul2,attemptEquivalent,2,2,
0022500646,1629021,M. Wagner,1610612753,ORL,4,PT09M39.00S,shootingFoul2,attemptEquivalent,2,2,
0022500646,1631094,P. Banchero,1610612753,ORL,4,PT07M08.00S,shootingFoul2,attemptEquivalent,2,2,
0022500646,1628976,W. Carter Jr.,1610612753,ORL,4,PT05M21.00S,bonus,attemptEquivalent,2,2,
0022500646,1628378,D. Mitchell,1610612739,CLE,4,PT03M31.00S,shootingFoul2,attemptEquivalent,2,2,
0022500646,1630217,D. Bane,1610612753,ORL,4,PT02M39.00S,bonus,attemptEquivalent,2,2,
0022500646,1628378,D. Mitchell,1610612739,CLE,4,PT00M52.10S,bonus,attemptEquivalent,2,2,
0022500646,1642281,J. Tyson,1610612739,CLE,4,PT00M38.30S,bonus,attemptEquivalent,2,2,
0022500649,1641718,K. George,1610612762,UTA,1,PT10M06.00S,andOne,addOn,1,1,30
0022500649,1629004,S. Mykhailiuk,1610612762,UTA,1,PT09M41.00S,shootingFoul2,attemptEquivalent,2,2,
0022500649,1631170,J. Jaquez Jr.,1610612748,MIA,1,PT05M42.00S,andOne,addOn,1,1,89
0022500649,1626181,N. Powell,1610612748,MIA,1,PT04M52.00S,shootingFoul2,attemptEquivalent,2,2,
0022500649,1631107,N. Jović,1610612748,MIA,1,PT03M55.00S,shootingFoul2,attemptEquivalent,1,2,
0022500649,1641729,B. Sensabaugh,1610612762,UTA,1,PT02M05.00S,shootingFoul2,attemptEquivalent,2,2,
0022500649,1631107,N. Jović,1610612748,MIA,1,PT01M37.00S,shootingFoul2,attemptEquivalent,2,2,
0022500649,1628389,B. Adebayo,1610612748,MIA,1,PT01M10.00S,shootingFoul2,attemptEquivalent,2,2,
0022500649,1642066,M. Gardner,1610612748,MIA,2,PT11M10.00S,shootingFoul2,attemptEquivalent,0,2,
0022500649,1641729,B. Sensabaugh,1610612762,UTA,2,PT09M03.00S,shootingFoul2,attemptEquivalent,2,2,
0022500649,1641796,P. Larsson,1610612748,MIA,2,PT08M54.00S,andOne,addOn,1,1,249
0022500649,1641796,P. Larsson,1610612748,MIA,2,PT07M20.00S,shootingFoul2,attemptEquivalent,2,2,
0022500649,203994,J. Nurkić,1610612762,UTA,2,PT06M19.00S,shootingFoul2,attemptEquivalent,0,2,
0022500649,1631107,N. Jović,1610612748,MIA,2,PT05M43.00S,shootingFoul2,attemptEquivalent,1,2,
0022500649,1641718,K. George,1610612762,UTA,2,PT03M46.00S,shootingFoul2,attemptEquivalent,1,2,
0022500649,1626181,N. Powell,1610612748,MIA,2,PT03M18.00S,shootingFoul2,attemptEquivalent,2,2,
0022500649,1626181,N. Powell,1610612748,MIA,2,PT02M52.00S,shootingFoul2,attemptEquivalent,1,2,
0022500649,203952,A. Wiggins,1610612748,MIA,2,PT00M42.60S,shootingFoul2,attemptEquivalent,2,2,
0022500649,1626181,N. Powell,1610612748,MIA,2,PT00M18.50S,shootingFoul2,attemptEquivalent,1,2,
0022500649,1642857,K. Jakučionis,1610612748,MIA,3,PT10M34.00S,shootingFoul2,attemptEquivalent,2,2,
0022500649,1626181,N. Powell,1610612748,MIA,3,PT04M39.00S,shootingFoul2,attemptEquivalent,1,2,
0022500649,203952,A. Wiggins,1610612748,MIA,3,PT02M32.00S,andOne,addOn,1,1,552
0022500649,1641718,K. George,1610612762,UTA,3,PT00M46.50S,shootingFoul2,attemptEquivalent,2,2,
0022500649,1642383,W. Clayton Jr.,1610612762,UTA,4,PT11M50.00S,shootingFoul2,attemptEquivalent,2,2,
0022500649,1642268,I. Collier,1610612762,UTA,4,PT11M28.00S,shootingFoul2,attemptEquivalent,1,2,
0022500649,1628389,B. Adebayo,1610612748,MIA,4,PT10M57.00S,shootingFoul2,attemptEquivalent,2,2,
0022500649,1631107,N. Jović,1610612748,MIA,4,PT10M10.00S,shootingFoul2,attemptEquivalent,2,2,
0022500649,1641729,B. Sensabaugh,1610612762,UTA,4,PT07M30.00S,andOne,addOn,1,1,661
0022500649,1628389,B. Adebayo,1610612748,MIA,4,PT07M21.00S,shootingFoul2,attemptEquivalent,2,2,
0022500649,1631107,N. Jović,1610612748,MIA,4,PT03M37.00S,flagrant,addOn,2,3,
0022500649,1641718,K. George,1610612762,UTA,4,PT03M08.00S,shootingFoul3,attemptEquivalent,3,3,
0022500649,1642268,I. Collier,1610612762,UTA,4,PT02M32.00S,bonus,attemptEquivalent,1,2,
0022500649,1642262,C. Williams,1610612762,UTA,4,PT02M02.00S,bonus,attemptEquivalent,1,2,
0022500649,1630696,D. Smith,1610612748,MIA,4,PT01M07.00S,shootingFoul2,attemptEquivalent,2,2,
0022500649,1642268,I. Collier,1610612762,UTA,4,PT00M32.90S,shootingFoul2,attemptEquivalent,2,2,
0022500649,1642352,K. Johnson,1610612748,MIA,4,PT00M09.10S,shootingFoul2,attemptEquivalent,2,2,
0022500650,1631105,J. Duren,1610612765,DET,1,PT11M50.00S,andOne,addOn,1,1,7
0022500650,201566,R. Westbrook,1610612758,SAC,1,PT11M32.00S,andOne,addOn,1,1,13
0022500650,1631105,J. Duren,1610612765,DET,1,PT10M55.00S,andOne,addOn,1,1,22
0022500650,1642363,N. Clifford,1610612758,SAC,1,PT07M07.00S,shootingFoul2,attemptEquivalent,0,2,
0022500650,203471,D. Schröder,1610612758,SAC,1,PT00M23.70S,shootingFoul2,attemptEquivalent,1,2,
0022500650,1630191,I. Stewart,1610612765,DET,1,PT00M22.60S,bonus,attemptEquivalent,2,2,
0022500650,201942,D. DeRozan,1610612758,SAC,1,PT00M10.30S,bonus,attemptEquivalent,1,2,
0022500650,1629750,J. Green,1610612765,DET,2,PT11M46.00S,shootingFoul2,attemptEquivalent,2,2,
0022500650,1627734,D. Sabonis,1610612758,SAC,2,PT09M20.00S,andOne,addOn,0,1,264
0022500650,1641842,R. Holland II,1610612765,DET,2,PT08M39.00S,shootingFoul2,attemptEquivalent,2,2,
0022500650,201942,D. DeRozan,1610612758,SAC,2,PT07M27.00S,andOne,addOn,1,1,298
0022500650,1630191,I. Stewart,1610612765,DET,2,PT07M13.00S,shootingFoul2,attemptEquivalent,2,2,
0022500650,1629750,J. Green,1610612765,DET,2,PT06M12.00S,shootingFoul2,attemptEquivalent,2,2,
0022500650,201942,D. DeRozan,1610612758,SAC,2,PT06M01.00S,shootingFoul2,attemptEquivalent,1,2,
0022500650,1641709,A. Thompson,1610612765,DET,2,PT05M29.00S,bonus,attemptEquivalent,1,2,
0022500650,1631105,J. Duren,1610612765,DET,2,PT01M03.00S,andOne,addOn,1,1,392
0022500650,1631105,J. Duren,1610612765,DET,3,PT11M07.00S,shootingFoul2,attemptEquivalent,1,2,
0022500650,201566,R. Westbrook,1610612758,SAC,3,PT10M06.00S,shootingFoul2,attemptEquivalent,2,2,
0022500650,1630595,C. Cunningham,1610612765,DET,3,PT07M55.00S,andOne,addOn,0,1,472
0022500650,203471,D. Schröder,1610612758,SAC,3,PT04M46.00S,andOne,addOn,1,1,509
0022500650,1642928,D. Cardwell,1610612758,SAC,3,PT02M54.00S,shootingFoul2,attemptEquivalent,0,2,
0022500650,1628370,M. Monk,1610612758,SAC,4,PT10M44.00S,shootingFoul2,attemptEquivalent,2,2,
0022500650,1630191,I. Stewart,1610612765,DET,4,PT10M23.00S,andOne,addOn,0,1,591
0022500650,1629750,J. Green,1610612765,DET,4,PT09M34.00S,shootingFoul2,attemptEquivalent,2,2,
0022500650,1629750,J. Green,1610612765,DET,4,PT08M03.00S,shootingFoul3,attemptEquivalent,3,3,
0022500650,1641842,R. Holland II,1610612765,DET,4,PT06M35.00S,shootingFoul2,attemptEquivalent,2,2,
0022500650,1631165,K. Ellis,1610612758,SAC,4,PT05M01.00S,bonus,attemptEquivalent,1,2,
0022500650,1642363,N. Clifford,1610612758,SAC,4,PT03M55.00S,shootingFoul2,attemptEquivalent,1,2,
0022500650,1642450,D. Jenkins,1610612765,DET,4,PT00M24.60S,bonus,attemptEquivalent,1,2,
0022500650,1642269,D. Carter,1610612758,SAC,4,PT00M16.00S,shootingFoul2,attemptEquivalent,2,2,
0022500653,1629652,L. Dort,1610612760,OKC,1,PT11M33.00S,shootingFoul2,attemptEquivalent,1,2,
0022500653,1630572,S. Mamukelashvili,1610612761,TOR,1,PT07M00.00S,shootingFoul2,attemptEquivalent,0,2,
0022500653,1630193,I. Quickley,1610612761,TOR,1,PT06M07.00S,shootingFoul2,attemptEquivalent,1,2,
0022500653,1630572,S. Mamukelashvili,1610612761,TOR,1,PT05M32.00S,shootingFoul2,attemptEquivalent,1,2,
0022500653,1631096,C. Holmgren,1610612760,OKC,1,PT04M17.00S,shootingFoul2,attemptEquivalent,1,2,
0022500653,1630567,S. Barnes,1610612761,TOR,1,PT02M15.00S,shootingFoul2,attemptEquivalent,2,2,
0022500653,1629026,K. Williams,1610612760,OKC,1,PT01M39.00S,shootingFoul2,attemptEquivalent,2,2,
0022500653,1628983,S. Gilgeous-Alexander,1610612760,OKC,1,PT00M54.70S,bonus,attemptEquivalent,2,2,
0022500653,1628983,S. Gilgeous-Alexander,1610612760,OKC,2,PT10M21.00S,shootingFoul2,attemptEquivalent,2,2,
0022500653,1642266,J. Walter,1610612761,TOR,2,PT08M58.00S,shootingFoul2,attemptEquivalent,2,2,
0022500653,1641717,C. Wallace,1610612760,OKC,2,PT08M46.00S,shootingFoul2,attemptEquivalent,1,2,
0022500653,1630534,O. Agbaji,1610612761,TOR,2,PT07M28.00S,shootingFoul2,attemptEquivalent,1,2,
0022500653,1630572,S. Mamukelashvili,1610612761,TOR,2,PT06M58.00S,shootingFoul2,attemptEquivalent,2,2,
0022500653,1628983,S. Gilgeous-Alexander,1610612760,OKC,2,PT00M33.40S,shootingFoul2,attemptEquivalent,1,2,
0022500653,1627742,B. Ingram,1610612761,TOR,3,PT11M45.00S,shootingFoul2,attemptEquivalent,1,2,
0022500653,1629652,L. Dort,1610612760,OKC,3,PT08M14.00S,shootingFoul2,attemptEquivalent,1,2,
0022500653,1630567,S. Barnes,1610612761,TOR,3,PT07M30.00S,shootingFoul2,attemptEquivalent,2,2,
0022500653,1630598,A. Wiggins,1610612760,OKC,3,PT06M40.00S,shootingFoul2,attemptEquivalent,1,2,
0022500653,1628983,S. Gilgeous-Alexander,1610612760,OKC,3,PT05M01.00S,shootingFoul2,attemptEquivalent,2,2,
0022500653,1629652,L. Dort,1610612760,OKC,3,PT03M46.00S,andOne,addOn,1,1,451
0022500653,1629026,K. Williams,1610612760,OKC,3,PT03M00.00S,shootingFoul2,attemptEquivalent,2,2,
0022500653,1630198,I. Joe,1610612760,OKC,3,PT00M45.90S,bonus,attemptEquivalent,2,2,
0022500653,1630598,A. Wiggins,1610612760,OKC,3,PT00M14.80S,shootingFoul2,attemptEquivalent,2,2,
0022500653,1629026,K. Williams,1610612760,OKC,4,PT07M38.00S,shootingFoul2,attemptEquivalent,2,2,
0022500653,1630572,S. Mamukelashvili,1610612761,TOR,4,PT06M24.00S,shootingFoul2,attemptEquivalent,1,2,
0022500653,1627742,B. Ingram,1610612761,TOR,4,PT05M54.00S,shootingFoul2,attemptEquivalent,2,2,
0022500653,1628983,S. Gilgeous-Alexander,1610612760,OKC,4,PT02M08.00S,shootingFoul2,attemptEquivalent,1,2,
0022500653,1642347,J. Shead,1610612761,TOR,4,PT00M13.00S,bonus,attemptEquivalent,0,2,
0022500653,1630193,I. Quickley,1610612761,TOR,4,PT00M08.20S,bonus,attemptEquivalent,2,2,
0022500658,1628378,D. Mitchell,1610612739,CLE,1,PT08M55.00S,shootingFoul2,attemptEquivalent,2,2,
0022500658,1631094,P. Banchero,1610612753,ORL,1,PT03M02.00S,shootingFoul2,attemptEquivalent,2,2,
0022500658,1630596,E. Mobley,1610612739,CLE,2,PT10M06.00S,shootingFoul2,attemptEquivalent,0,2,
0022500658,1628378,D. Mitchell,1610612739,CLE,2,PT09M01.00S,andOne,addOn,1,1,196
0022500658,1628386,J. Allen,1610612739,CLE,2,PT01M51.00S,andOne,addOn,0,1,308
0022500658,1631094,P. Banchero,1610612753,ORL,2,PT01M32.00S,andOne,addOn,1,1,314
0022500658,1631094,P. Banchero,1610612753,ORL,2,PT01M16.00S,shootingFoul2,attemptEquivalent,0,2,
0022500658,1631094,P. Banchero,1610612753,ORL,2,PT00M44.70S,bonus,attemptEquivalent,1,2,
0022500658,1628378,D. Mitchell,1610612739,CLE,3,PT10M57.00S,andOne,addOn,1,1,364
0022500658,1631094,P. Banchero,1610612753,ORL,3,PT09M47.00S,shootingFoul2,attemptEquivalent,2,2,
0022500658,1631094,P. Banchero,1610612753,ORL,3,PT09M12.00S,andOne,addOn,1,1,385
0022500658,1628386,J. Allen,1610612739,CLE,3,PT08M32.00S,shootingFoul2,attemptEquivalent,1,2,
0022500658,1630596,E. Mobley,1610612739,CLE,3,PT05M28.00S,shootingFoul2,attemptEquivalent,1,2,
0022500658,1641772,N. Tomlin,1610612739,CLE,3,PT01M47.00S,shootingFoul2,attemptEquivalent,1,2,
0022500658,1631094,P. Banchero,1610612753,ORL,3,PT01M06.00S,shootingFoul2,attemptEquivalent,1,2,
0022500658,1631094,P. Banchero,1610612753,ORL,3,PT00M43.30S,andOne,addOn,1,1,497
0022500658,1641772,N. Tomlin,1610612739,CLE,3,PT00M02.50S,shootingFoul2,attemptEquivalent,2,2,
0022500658,1630217,D. Bane,1610612753,ORL,4,PT11M21.00S,shootingFoul2,attemptEquivalent,2,2,
0022500658,1628378,D. Mitchell,1610612739,CLE,4,PT08M45.00S,shootingFoul2,attemptEquivalent,1,2,
0022500658,1629731,D. Wade,1610612739,CLE,4,PT04M29.00S,shootingFoul2,attemptEquivalent,2,2,
0022500658,1642281,J. Tyson,1610612739,CLE,4,PT02M55.00S,shootingFoul2,attemptEquivalent,2,2,
0022500658,1628378,D. Mitchell,1610612739,CLE,4,PT01M38.00S,bonus,attemptEquivalent,2,2,
0022500658,1628378,D. Mitchell,1610612739,CLE,4,PT00M48.70S,bonus,attemptEquivalent,2,2,
0022500664,1641731,B. Coulibaly,1610612764,WAS,1,PT10M55.00S,shootingFoul2,attemptEquivalent,2,2,
0022500664,1642259,A. Sarr,1610612764,WAS,1,PT08M44.00S,andOne,addOn,1,1,41
0022500664,1630166,D. Avdija,1610612757,POR,1,PT01M36.00S,bonus,attemptEquivalent,1,2,
0022500664,1631126,C. Love,1610612757,POR,1,PT00M32.00S,shootingFoul2,attemptEquivalent,1,2,
0022500664,1641739,T. Camara,1610612757,POR,2,PT10M37.00S,shootingFoul2,attemptEquivalent,0,2,
0022500664,1642259,A. Sarr,1610612764,WAS,2,PT06M45.00S,andOne,addOn,1,1,261
0022500664,1630166,D. Avdija,1610612757,POR,2,PT03M52.00S,shootingFoul2,attemptEquivalent,0,2,
0022500664,1630166,D. Avdija,1610612757,POR,2,PT00M59.20S,shootingFoul2,attemptEquivalent,1,2,
0022500664,203114,K. Middleton,1610612764,WAS,3,PT08M04.00S,shootingFoul2,attemptEquivalent,2,2,
0022500664,1631101,S. Sharpe,1610612757,POR,3,PT05M29.00S,shootingFoul2,attemptEquivalent,2,2,
0022500664,1642905,H. Yang,1610612757,POR,3,PT02M08.00S,shootingFoul2,attemptEquivalent,2,2,
0022500664,1630551,J. Champagnie,1610612764,WAS,3,PT01M56.00S,shootingFoul2,attemptEquivalent,1,2,
0022500664,1631126,C. Love,1610612757,POR,3,PT01M17.00S,shootingFoul2,attemptEquivalent,1,2,
0022500664,1642270,D. Clingan,1610612757,POR,4,PT11M32.00S,shootingFoul2,attemptEquivalent,2,2,
0022500664,1642259,A. Sarr,1610612764,WAS,4,PT08M51.00S,andOne,addOn,0,1,615
0022500664,1642259,A. Sarr,1610612764,WAS,4,PT08M00.00S,shootingFoul2,attemptEquivalent,2,2,
0022500664,1631101,S. Sharpe,1610612757,POR,4,PT04M30.00S,shootingFoul2,attemptEquivalent,2,2,
0022500664,1642267,B. Carrington,1610612764,WAS,4,PT03M31.00S,andOne,addOn,1,1,701
0022500664,1642273,K. George,1610612764,WAS,4,PT02M24.00S,bonus,attemptEquivalent,2,2,
0022500664,1642273,K. George,1610612764,WAS,4,PT01M01.00S,shootingFoul2,attemptEquivalent,2,2,
0022500664,1642273,K. George,1610612764,WAS,4,PT00M15.50S,bonus,attemptEquivalent,1,2,
0022500664,203114,K. Middleton,1610612764,WAS,4,PT00M06.50S,bonus,attemptEquivalent,2,2,
0022500665,201942,D. DeRozan,1610612758,SAC,1,PT07M39.00S,shootingFoul2,attemptEquivalent,2,2,
0022500665,201942,D. DeRozan,1610612758,SAC,1,PT03M42.00S,andOne,addOn,1,1,104
0022500665,1628973,J. Brunson,1610612752,NYK,1,PT03M02.00S,shootingFoul2,attemptEquivalent,2,2,
0022500665,1628973,J. Brunson,1610612752,NYK,1,PT01M02.00S,shootingFoul2,attemptEquivalent,2,2,
0022500665,201942,D. DeRozan,1610612758,SAC,2,PT11M09.00S,andOne,addOn,1,1,170
0022500665,203471,D. Schröder,1610612758,SAC,2,PT10M13.00S,shootingFoul2,attemptEquivalent,2,2,
0022500665,201942,D. DeRozan,1610612758,SAC,2,PT09M48.00S,shootingFoul2,attemptEquivalent,1,2,
0022500665,1628404,J. Hart,1610612752,NYK,2,PT09M07.00S,andOne,addOn,1,1,202
0022500665,1628973,J. Brunson,1610612752,NYK,2,PT04M16.00S,shootingFoul2,attemptEquivalent,1,2,
0022500665,1626157,K. Towns,1610612752,NYK,2,PT02M52.00S,bonus,attemptEquivalent,2,2,
0022500665,201942,D. DeRozan,1610612758,SAC,2,PT00M58.70S,shootingFoul2,attemptEquivalent,2,2,
0022500665,1626157,K. Towns,1610612752,NYK,3,PT10M52.00S,shootingFoul2,attemptEquivalent,2,2,
0022500665,1627734,D. Sabonis,1610612758,SAC,3,PT10M03.00S,shootingFoul2,attemptEquivalent,1,2,
0022500665,1628404,J. Hart,1610612752,NYK,3,PT09M16.00S,shootingFoul2,attemptEquivalent,2,2,
0022500665,1629011,M. Robinson,1610612752,NYK,3,PT05M54.00S,shootingFoul2,attemptEquivalent,1,2,
0022500665,1642875,M. Raynaud,1610612758,SAC,3,PT02M19.00S,bonus,attemptEquivalent,2,2,
0022500665,1628384,O. Anunoby,1610612752,NYK,3,PT01M37.00S,bonus,attemptEquivalent,2,2,
0022500667,1628983,S. Gilgeous-Alexander,1610612760,OKC,1,PT10M01.00S,shootingFoul2,attemptEquivalent,2,2,
0022500667,1630180,S. Bey,1610612740,NOP,1,PT09M23.00S,shootingFoul3,attemptEquivalent,3,3,
0022500667,1630529,H. Jones,1610612740,NOP,1,PT08M57.00S,shootingFoul2,attemptEquivalent,2,2,
0022500667,1628983,S. Gilgeous-Alexander,1610612760,OKC,1,PT00M17.40S,bonus,attemptEquivalent,1,2,
0022500667,1629627,Z. Williamson,1610612740,NOP,2,PT10M55.00S,shootingFoul2,attemptEquivalent,2,2,
0022500667,1642274,Y. Missi,1610612740,NOP,2,PT09M56.00S,shootingFoul2,attemptEquivalent,1,2,
0022500667,1628983,S. Gilgeous-Alexander,1610612760,OKC,2,PT08M03.00S,shootingFoul2,attemptEquivalent,2,2,
0022500667,1642274,Y. Missi,1610612740,NOP,2,PT07M00.00S,shootingFoul2,attemptEquivalent,0,2,
0022500667,1630598,A. Wiggins,1610612760,OKC,2,PT06M08.00S,shootingFoul2,attemptEquivalent,1,2,
0022500667,1630530,T. Murphy III,1610612740,NOP,2,PT03M51.00S,shootingFoul2,attemptEquivalent,2,2,
0022500667,1642852,D. Queen,1610612740,NOP,2,PT01M35.00S,andOne,addOn,1,1,343
0022500667,1628983,S. Gilgeous-Alexander,1610612760,OKC,2,PT01M23.00S,andOne,addOn,1,1,348
0022500667,1629627,Z. Williamson,1610612740,NOP,3,PT10M22.00S,andOne,addOn,1,1,402
0022500667,1631096,C. Holmgren,1610612760,OKC,3,PT09M18.00S,andOne,addOn,1,1,414
0022500667,1628983,S. Gilgeous-Alexander,1610612760,OKC,3,PT07M43.00S,shootingFoul3,attemptEquivalent,3,3,
0022500667,1630530,T. Murphy III,1610612740,NOP,3,PT06M49.00S,shootingFoul2,attemptEquivalent,1,2,
0022500667,1630180,S. Bey,1610612740,NOP,3,PT05M16.00S,shootingFoul2,attemptEquivalent,2,2,
0022500667,1628983,S. Gilgeous-Alexander,1610612760,OKC,3,PT04M41.00S,shootingFoul2,attemptEquivalent,2,2,
0022500667,1631096,C. Holmgren,1610612760,OKC,3,PT00M00.50S,shootingFoul2,attemptEquivalent,2,2,
0022500667,1630598,A. Wiggins,1610612760,OKC,4,PT05M24.00S,shootingFoul2,attemptEquivalent,2,2,
0022500667,1629627,Z. Williamson,1610612740,NOP,4,PT02M29.00S,shootingFoul2,attemptEquivalent,2,2,
0022500667,1631119,J. Williams,1610612760,OKC,4,PT00M34.50S,shootingFoul2,attemptEquivalent,2,2,
0022500667,1628983,S. Gilgeous-Alexander,1610612760,OKC,4,PT00M29.70S,bonus,attemptEquivalent,2,2,
0022500670,1627826,I. Zubac,1610612746,LAC,1,PT03M52.00S,shootingFoul2,attemptEquivalent,1,2,
0022500670,1642271,K. Filipowski,1610612762,UTA,1,PT03M04.00S,shootingFoul2,attemptEquivalent,1,2,
0022500670,1641757,J. Miller,1610612746,LAC,1,PT01M19.00S,shootingFoul2,attemptEquivalent,1,2,
0022500670,1641757,J. Miller,1610612746,LAC,2,PT11M48.00S,shootingFoul2,attemptEquivalent,1,2,
0022500670,1628374,L. Markkanen,1610612762,UTA,2,PT09M22.00S,shootingFoul2,attemptEquivalent,2,2,
0022500670,201572,B. Lopez,1610612746,LAC,2,PT06M44.00S,shootingFoul2,attemptEquivalent,2,2,
0022500670,1628381,J. Collins,1610612746,LAC,2,PT05M37.00S,shootingFoul2,attemptEquivalent,1,2,
0022500670,201935,J. Harden,1610612746,LAC,2,PT03M12.00S,bonus,attemptEquivalent,2,2,
0022500670,1628374,L. Markkanen,1610612762,UTA,2,PT02M18.00S,shootingFoul2,attemptEquivalent,2,2,
0022500670,1642262,C. Williams,1610612762,UTA,2,PT01M47.00S,shootingFoul2,attemptEquivalent,2,2,
0022500670,201935,J. Harden,1610612746,LAC,3,PT09M41.00S,shootingFoul2,attemptEquivalent,1,2,
0022500670,201572,B. Lopez,1610612746,LAC,3,PT04M14.00S,andOne,addOn,1,1,417
0022500670,203937,K. Anderson,1610612762,UTA,3,PT03M00.00S,andOne,addOn,1,1,431
0022500670,203937,K. Anderson,1610612762,UTA,3,PT02M39.00S,shootingFoul2,attemptEquivalent,2,2,
0022500670,1628374,L. Markkanen,1610612762,UTA,3,PT00M32.00S,shootingFoul3,attemptEquivalent,2,3,
0022500670,1641757,J. Miller,1610612746,LAC,4,PT07M12.00S,shootingFoul2,attemptEquivalent,2,2,
0022500670,1642271,K. Filipowski,1610612762,UTA,4,PT04M31.00S,shootingFoul2,attemptEquivalent,1,2,
0022500670,1641729,B. Sensabaugh,1610612762,UTA,4,PT03M41.00S,andOne,addOn,0,1,615
0022500670,1641757,J. Miller,1610612746,LAC,4,PT02M55.00S,shootingFoul2,attemptEquivalent,2,2,
0022500670,1642268,I. Collier,1610612762,UTA,4,PT02M44.00S,shootingFoul2,attemptEquivalent,2,2,
0022500670,1641757,J. Miller,1610612746,LAC,4,PT01M09.00S,shootingFoul2,attemptEquivalent,1,2,
0022500670,1642268,I. Collier,1610612762,UTA,4,PT00M14.90S,shootingFoul2,attemptEquivalent,2,2,
0022500671,1631222,J. LaRavia,1610612747,LAL,1,PT04M06.00S,shootingFoul2,attemptEquivalent,2,2,
0022500671,1629631,D. Hunter,1610612739,CLE,1,PT03M46.00S,shootingFoul2,attemptEquivalent,2,2,
0022500671,1629029,L. Dončić,1610612747,LAL,1,PT00M48.30S,shootingFoul2,attemptEquivalent,2,2,
0022500671,1629029,L. Dončić,1610612747,LAL,2,PT07M36.00S,shootingFoul2,attemptEquivalent,0,2,
0022500671,1629029,L. Dončić,1610612747,LAL,2,PT04M15.00S,shootingFoul2,attemptEquivalent,0,2,
0022500671,1630241,S. Merrill,1610612739,CLE,2,PT03M15.00S,shootingFoul2,attemptEquivalent,1,2,
0022500671,1629731,D. Wade,1610612739,CLE,2,PT03M02.00S,shootingFoul2,attemptEquivalent,1,2,
0022500671,1629637,J. Hayes,1610612747,LAL,2,PT02M36.00S,shootingFoul2,attemptEquivalent,1,2,
0022500671,2544,L. James,1610612747,LAL,2,PT02M00.00S,bonus,attemptEquivalent,2,2,
0022500671,1628386,J. Allen,1610612739,CLE,2,PT01M00.00S,shootingFoul2,attemptEquivalent,1,2,
0022500671,1629028,D. Ayton,1610612747,LAL,3,PT11M23.00S,shootingFoul2,attemptEquivalent,2,2,
0022500671,1642281,J. Tyson,1610612739,CLE,3,PT08M10.00S,andOne,addOn,1,1,391
0022500671,2544,L. James,1610612747,LAL,4,PT11M16.00S,shootingFoul2,attemptEquivalent,2,2,
0022500671,2544,L. James,1610612747,LAL,4,PT10M58.00S,shootingFoul2,attemptEquivalent,1,2,
0022500671,1628378,D. Mitchell,1610612739,CLE,4,PT09M15.00S,shootingFoul2,attemptEquivalent,2,2,
0022500671,1628378,D. Mitchell,1610612739,CLE,4,PT08M23.00S,shootingFoul2,attemptEquivalent,2,2,
0022500678,1641764,B. Podziemski,1610612744,GSW,1,PT05M07.00S,shootingFoul2,attemptEquivalent,2,2,
0022500678,201939,S. Curry,1610612744,GSW,1,PT03M10.00S,shootingFoul2,attemptEquivalent,2,2,
0022500678,1629001,D. Melton,1610612744,GSW,1,PT00M33.80S,shootingFoul2,attemptEquivalent,1,2,
0022500678,1641764,B. Podziemski,1610612744,GSW,2,PT05M31.00S,shootingFoul2,attemptEquivalent,2,2,
0022500678,1641718,K. George,1610612762,UTA,2,PT05M22.00S,shootingFoul2,attemptEquivalent,0,2,
0022500678,1641718,K. George,1610612762,UTA,2,PT04M53.00S,shootingFoul2,attemptEquivalent,2,2,
0022500678,1628374,L. Markkanen,1610612762,UTA,2,PT01M33.00S,transitionTake,addOn,1,1,
0022500678,1630611,G. Santos,1610612744,GSW,2,PT00M35.30S,shootingFoul3,attemptEquivalent,2,3,
0022500678,1630541,M. Moody,1610612744,GSW,3,PT09M42.00S,andOne,addOn,0,1,407
0022500678,203994,J. Nurkić,1610612762,UTA,3,PT07M33.00S,shootingFoul2,attemptEquivalent,2,2,
0022500678,201939,S. Curry,1610612744,GSW,3,PT07M27.00S,shootingFoul3,attemptEquivalent,3,3,
0022500678,1628374,L. Markkanen,1610612762,UTA,3,PT07M19.00S,andOne,addOn,1,1,451
0022500678,1641718,K. George,1610612762,UTA,3,PT05M58.00S,shootingFoul2,attemptEquivalent,2,2,
0022500678,201939,S. Curry,1610612744,GSW,3,PT04M49.00S,shootingFoul2,attemptEquivalent,2,2,
0022500678,1641729,B. Sensabaugh,1610612762,UTA,3,PT04M20.00S,shootingFoul2,attemptEquivalent,1,2,
0022500678,203937,K. Anderson,1610612762,UTA,3,PT03M15.00S,bonus,attemptEquivalent,2,2,
0022500678,1641764,B. Podziemski,1610612744,GSW,3,PT02M58.00S,bonus,attemptEquivalent,2,2,
0022500678,1629001,D. Melton,1610612744,GSW,3,PT02M08.00S,shootingFoul2,attemptEquivalent,2,2,
0022500678,1628374,L. Markkanen,1610612762,UTA,3,PT01M55.00S,shootingFoul2,attemptEquivalent,2,2,
0022500678,1641729,B. Sensabaugh,1610612762,UTA,3,PT00M58.30S,shootingFoul2,attemptEquivalent,2,2,
0022500678,201939,S. Curry,1610612744,GSW,4,PT10M29.00S,shootingFoul2,attemptEquivalent,1,2,
0022500678,1642268,I. Collier,1610612762,UTA,4,PT09M52.00S,shootingFoul2,attemptEquivalent,2,2,
0022500678,201939,S. Curry,1610612744,GSW,4,PT09M11.00S,andOne,addOn,1,1,618
0022500678,1630541,M. Moody,1610612744,GSW,4,PT03M50.00S,shootingFoul3,attemptEquivalent,3,3,
0022500678,1630311,P. Spencer,1610612744,GSW,4,PT03M29.00S,bonus,attemptEquivalent,1,2,
0022500678,1641729,B. Sensabaugh,1610612762,UTA,4,PT01M45.00S,shootingFoul3,attemptEquivalent,3,3,
0022500680,203471,D. Schröder,1610612758,SAC,1,PT08M41.00S,shootingFoul2,attemptEquivalent,2,2,
0022500680,203954,J. Embiid,1610612755,PHI,1,PT06M29.00S,shootingFoul2,attemptEquivalent,2,2,
0022500680,1626162,K. Oubre Jr.,1610612755,PHI,1,PT02M49.00S,shootingFoul2,attemptEquivalent,2,2,
0022500680,203897,Z. LaVine,1610612758,SAC,1,PT02M43.00S,shootingFoul2,attemptEquivalent,2,2,
0022500680,203954,J. Embiid,1610612755,PHI,1,PT01M58.00S,shootingFoul2,attemptEquivalent,2,2,
0022500680,201942,D. DeRozan,1610612758,SAC,1,PT00M00.40S,shootingFoul2,attemptEquivalent,1,2,
0022500680,201942,D. DeRozan,1610612758,SAC,2,PT11M47.00S,shootingFoul2,attemptEquivalent,1,2,
0022500680,1631230,D. Barlow,1610612755,PHI,2,PT10M11.00S,shootingFoul2,attemptEquivalent,2,2,
0022500680,1630178,T. Maxey,1610612755,PHI,2,PT06M56.00S,shootingFoul2,attemptEquivalent,2,2,
0022500680,1627734,D. Sabonis,1610612758,SAC,2,PT06M44.00S,bonus,attemptEquivalent,1,2,
0022500680,203471,D. Schröder,1610612758,SAC,2,PT06M12.00S,bonus,attemptEquivalent,2,2,
0022500680,201942,D. DeRozan,1610612758,SAC,2,PT05M07.00S,shootingFoul2,attemptEquivalent,2,2,
0022500680,1630178,T. Maxey,1610612755,PHI,2,PT04M14.00S,shootingFoul2,attemptEquivalent,2,2,
0022500680,201942,D. DeRozan,1610612758,SAC,2,PT00M22.70S,bonus,attemptEquivalent,2,2,
0022500680,1627734,D. Sabonis,1610612758,SAC,3,PT08M46.00S,shootingFoul2,attemptEquivalent,1,2,
0022500680,203954,J. Embiid,1610612755,PHI,3,PT08M15.00S,andOne,addOn,0,1,365
0022500680,203954,J. Embiid,1610612755,PHI,3,PT03M33.00S,shootingFoul2,attemptEquivalent,2,2,
0022500680,203954,J. Embiid,1610612755,PHI,3,PT03M15.00S,shootingFoul2,attemptEquivalent,0,2,
0022500680,203897,Z. LaVine,1610612758,SAC,3,PT02M24.00S,shootingFoul2,attemptEquivalent,2,2,
0022500680,1630178,T. Maxey,1610612755,PHI,3,PT01M31.00S,shootingFoul2,attemptEquivalent,2,2,
0022500680,1631230,D. Barlow,1610612755,PHI,3,PT00M23.60S,andOne,addOn,1,1,470
0022500680,1642875,M. Raynaud,1610612758,SAC,4,PT09M35.00S,shootingFoul2,attemptEquivalent,2,2,
0022500680,203897,Z. LaVine,1610612758,SAC,4,PT07M44.00S,andOne,addOn,1,1,544
0022500680,203954,J. Embiid,1610612755,PHI,4,PT06M14.00S,shootingFoul2,attemptEquivalent,2,2,
0022500680,203954,J. Embiid,1610612755,PHI,4,PT05M22.00S,bonus,attemptEquivalent,2,2,
0022500680,1630178,T. Maxey,1610612755,PHI,4,PT03M48.00S,shootingFoul2,attemptEquivalent,2,2,
0022500680,1630178,T. Maxey,1610612755,PHI,4,PT00M27.30S,shootingFoul2,attemptEquivalent,2,2,
0022500680,1630178,T. Maxey,1610612755,PHI,4,PT00M01.30S,andOne,addOn,0,1,632
0022500681,203114,K. Middleton,1610612764,WAS,1,PT08M09.00S,shootingFoul2,attemptEquivalent,2,2,
0022500681,1642273,K. George,1610612764,WAS,1,PT05M12.00S,andOne,addOn,1,1,90
0022500681,1642848,T. Johnson,1610612764,WAS,1,PT04M41.00S,bonus,attemptEquivalent,2,2,
0022500681,1626167,M. Turner,1610612749,MIL,1,PT04M27.00S,andOne,addOn,1,1,109
0022500681,1642267,B. Carrington,1610612764,WAS,1,PT00M39.50S,andOne,addOn,1,1,163
0022500681,1642860,W. Riley,1610612764,WAS,1,PT00M02.20S,shootingFoul3,attemptEquivalent,3,3,
0022500681,1642848,T. Johnson,1610612764,WAS,2,PT11M10.00S,flagrant,addOn,1,1,
0022500681,1642259,A. Sarr,1610612764,WAS,2,PT08M05.00S,shootingFoul2,attemptEquivalent,1,2,
0022500681,1626171,B. Portis,1610612749,MIL,2,PT07M10.00S,shootingFoul2,attemptEquivalent,1,2,
0022500681,1642364,J. Watkins,1610612764,WAS,2,PT04M53.00S,shootingFoul2,attemptEquivalent,2,2,
0022500681,1630551,J. Champagnie,1610612764,WAS,2,PT02M29.00S,shootingFoul2,attemptEquivalent,1,2,
0022500681,1642259,A. Sarr,1610612764,WAS,3,PT11M30.00S,shootingFoul2,attemptEquivalent,2,2,
0022500681,1626167,M. Turner,1610612749,MIL,3,PT11M15.00S,shootingFoul2,attemptEquivalent,2,2,
0022500681,1642860,W. Riley,1610612764,WAS,4,PT10M46.00S,andOne,addOn,0,1,538
0022500681,1628398,K. Kuzma,1610612749,MIL,4,PT10M06.00S,andOne,addOn,1,1,551
0022500681,1631103,M. Branham,1610612764,WAS,4,PT07M50.00S,shootingFoul2,attemptEquivalent,2,2,
0022500681,1628398,K. Kuzma,1610612749,MIL,4,PT04M24.00S,shootingFoul2,attemptEquivalent,2,2,
0022500681,1642267,B. Carrington,1610612764,WAS,4,PT00M40.50S,shootingFoul2,attemptEquivalent,2,2,
0022500681,203114,K. Middleton,1610612764,WAS,4,PT00M23.70S,bonus,attemptEquivalent,2,2,
0022500681,1641731,B. Coulibaly,1610612764,WAS,4,PT00M14.30S,bonus,attemptEquivalent,2,2,
0022500686,203497,R. Gobert,1610612750,MIN,1,PT09M33.00S,shootingFoul2,attemptEquivalent,1,2,
0022500686,1628392,I. Hartenstein,1610612760,OKC,1,PT04M57.00S,shootingFoul2,attemptEquivalent,2,2,
0022500686,203497,R. Gobert,1610612750,MIN,1,PT03M49.00S,shootingFoul2,attemptEquivalent,2,2,
0022500686,1628392,I. Hartenstein,1610612760,OKC,1,PT02M22.00S,shootingFoul2,attemptEquivalent,2,2,
0022500686,1628392,I. Hartenstein,1610612760,OKC,1,PT01M18.00S,andOne,addOn,0,1,135
0022500686,203944,J. Randle,1610612750,MIN,2,PT07M24.00S,andOne,addOn,1,1,215
0022500686,1628983,S. Gilgeous-Alexander,1610612760,OKC,2,PT06M34.00S,shootingFoul2,attemptEquivalent,2,2,
0022500686,1631096,C. Holmgren,1610612760,OKC,2,PT01M46.00S,shootingFoul2,attemptEquivalent,2,2,
0022500686,1630598,A. Wiggins,1610612760,OKC,3,PT10M55.00S,shootingFoul2,attemptEquivalent,2,2,
0022500686,1630162,A. Edwards,1610612750,MIN,3,PT03M56.00S,shootingFoul2,attemptEquivalent,1,2,
0022500686,1641717,C. Wallace,1610612760,OKC,3,PT02M10.00S,shootingFoul2,attemptEquivalent,2,2,
0022500686,1628983,S. Gilgeous-Alexander,1610612760,OKC,3,PT00M18.40S,bonus,attemptEquivalent,2,2,
0022500686,203497,R. Gobert,1610612750,MIN,3,PT00M07.00S,shootingFoul2,attemptEquivalent,0,2,
0022500686,1629675,N. Reid,1610612750,MIN,3,PT00M06.60S,bonus,attemptEquivalent,1,2,
0022500686,1629675,N. Reid,1610612750,MIN,4,PT11M39.00S,shootingFoul2,attemptEquivalent,1,2,
0022500686,1628392,I. Hartenstein,1610612760,OKC,4,PT10M39.00S,andOne,addOn,1,1,544
0022500686,203497,R. Gobert,1610612750,MIN,4,PT06M30.00S,shootingFoul2,attemptEquivalent,1,2,
0022500686,1630162,A. Edwards,1610612750,MIN,4,PT05M20.00S,shootingFoul2,attemptEquivalent,2,2,
0022500686,1642959,C. Youngblood,1610612760,OKC,4,PT01M25.00S,shootingFoul3,attemptEquivalent,2,3,
0022500688,1629029,L. Dončić,1610612747,LAL,1,PT06M45.00S,shootingFoul2,attemptEquivalent,1,2,
0022500688,1629029,L. Dončić,1610612747,LAL,1,PT02M49.00S,andOne,addOn,0,1,119
0022500688,1629060,R. Hachimura,1610612747,LAL,1,PT01M00.00S,shootingFoul2,attemptEquivalent,1,2,
0022500688,1630264,A. Gill,1610612764,WAS,1,PT00M43.80S,andOne,addOn,1,1,152
0022500688,1642273,K. George,1610612764,WAS,2,PT11M08.00S,shootingFoul2,attemptEquivalent,1,2,
0022500688,1642273,K. George,1610612764,WAS,2,PT10M08.00S,shootingFoul2,attemptEquivalent,2,2,
0022500688,1629060,R. Hachimura,1610612747,LAL,2,PT09M55.00S,shootingFoul2,attemptEquivalent,1,2,
0022500688,1629029,L. Dončić,1610612747,LAL,2,PT05M37.00S,shootingFoul2,attemptEquivalent,2,2,
0022500688,1641731,B. Coulibaly,1610612764,WAS,2,PT05M26.00S,shootingFoul2,attemptEquivalent,1,2,
0022500688,1629637,J. Hayes,1610612747,LAL,2,PT02M02.00S,shootingFoul2,attemptEquivalent,2,2,
0022500688,1642267,B. Carrington,1610612764,WAS,3,PT09M28.00S,andOne,addOn,1,1,376
0022500688,1631222,J. LaRavia,1610612747,LAL,3,PT08M36.00S,shootingFoul2,attemptEquivalent,1,2,
0022500688,2544,L. James,1610612747,LAL,3,PT07M37.00S,shootingFoul2,attemptEquivalent,2,2,
0022500688,1629028,D. Ayton,1610612747,LAL,3,PT05M15.00S,shootingFoul2,attemptEquivalent,2,2,
0022500688,1629060,R. Hachimura,1610612747,LAL,3,PT04M52.00S,shootingFoul2,attemptEquivalent,1,2,
0022500688,1629029,L. Dončić,1610612747,LAL,3,PT01M34.00S,bonus,attemptEquivalent,2,2,
0022500688,1629020,J. Vanderbilt,1610612747,LAL,3,PT00M38.20S,bonus,attemptEquivalent,1,2,
0022500688,1631103,M. Branham,1610612764,WAS,4,PT09M51.00S,shootingFoul2,attemptEquivalent,1,2,
0022500688,1631166,D. Timme,1610612747,LAL,4,PT09M09.00S,shootingFoul2,attemptEquivalent,2,2,
0022500688,1629028,D. Ayton,1610612747,LAL,4,PT07M15.00S,shootingFoul2,attemptEquivalent,2,2,
0022500688,1642261,D. Knecht,1610612747,LAL,4,PT03M25.00S,shootingFoul2,attemptEquivalent,2,2,
0022500688,1642355,B. James,1610612747,LAL,4,PT02M17.00S,shootingFoul3,attemptEquivalent,2,3,
0022500689,201942,D. DeRozan,1610612758,SAC,1,PT10M59.00S,shootingFoul2,attemptEquivalent,1,2,
0022500689,203897,Z. LaVine,1610612758,SAC,1,PT05M34.00S,shootingFoul2,attemptEquivalent,2,2,
0022500689,1642928,D. Cardwell,1610612758,SAC,1,PT05M10.00S,shootingFoul2,attemptEquivalent,2,2,
0022500689,203897,Z. LaVine,1610612758,SAC,1,PT04M31.00S,shootingFoul3,attemptEquivalent,2,3,
0022500689,1628370,M. Monk,1610612758,SAC,1,PT00M47.70S,shootingFoul3,attemptEquivalent,3,3,
0022500689,1641775,J. Walsh,1610612738,BOS,1,PT00M28.90S,shootingFoul2,attemptEquivalent,1,2,
0022500689,201942,D. DeRozan,1610612758,SAC,2,PT11M50.00S,andOne,addOn,1,1,174
0022500689,1630568,L. Garza,1610612738,BOS,2,PT11M26.00S,shootingFoul2,attemptEquivalent,2,2,
0022500689,1630573,S. Hauser,1610612738,BOS,2,PT09M56.00S,shootingFoul2,attemptEquivalent,2,2,
0022500689,1630568,L. Garza,1610612738,BOS,2,PT07M54.00S,andOne,addOn,0,1,232
0022500689,203897,Z. LaVine,1610612758,SAC,2,PT05M09.00S,shootingFoul2,attemptEquivalent,2,2,
0022500689,1642864,H. González,1610612738,BOS,2,PT04M31.00S,andOne,addOn,0,1,284
0022500689,203471,D. Schröder,1610612758,SAC,2,PT03M03.00S,shootingFoul2,attemptEquivalent,2,2,
0022500689,1629674,N. Queta,1610612738,BOS,2,PT01M49.00S,shootingFoul2,attemptEquivalent,0,2,
0022500689,1629674,N. Queta,1610612738,BOS,3,PT11M28.00S,shootingFoul2,attemptEquivalent,2,2,
0022500689,1641775,J. Walsh,1610612738,BOS,3,PT04M16.00S,shootingFoul2,attemptEquivalent,1,2,
0022500689,1628370,M. Monk,1610612758,SAC,3,PT03M09.00S,andOne,addOn,1,1,458
0022500689,1642875,M. Raynaud,1610612758,SAC,3,PT01M30.00S,andOne,addOn,1,1,474
0022500689,1629014,A. Simons,1610612738,BOS,4,PT08M02.00S,shootingFoul2,attemptEquivalent,2,2,
0022500689,1641815,I. Stevens,1610612758,SAC,4,PT02M15.00S,shootingFoul2,attemptEquivalent,2,2,
0022500689,1642363,N. Clifford,1610612758,SAC,4,PT00M21.60S,shootingFoul2,attemptEquivalent,2,2,
0022500693,1628415,D. Brooks,1610612756,PHX,1,PT09M57.00S,shootingFoul2,attemptEquivalent,2,2,
0022500693,1631221,C. Gillespie,1610612756,PHX,1,PT07M59.00S,shootingFoul2,attemptEquivalent,1,2,
0022500693,1628415,D. Brooks,1610612756,PHX,1,PT04M28.00S,shootingFoul2,attemptEquivalent,2,2,
0022500693,1629631,D. Hunter,1610612739,CLE,2,PT11M12.00S,andOne,addOn,0,1,194
0022500693,1628415,D. Brooks,1610612756,PHX,3,PT09M06.00S,shootingFoul2,attemptEquivalent,1,2,
0022500693,1628960,G. Allen,1610612756,PHX,3,PT03M11.00S,shootingFoul2,attemptEquivalent,1,2,
0022500693,1628415,D. Brooks,1610612756,PHX,3,PT00M28.80S,bonus,attemptEquivalent,2,2,
0022500693,1642878,T. Proctor,1610612739,CLE,4,PT07M28.00S,shootingFoul2,attemptEquivalent,2,2,
0022500693,1629631,D. Hunter,1610612739,CLE,4,PT06M53.00S,shootingFoul2,attemptEquivalent,1,2,
0022500693,1626204,L. Nance Jr.,1610612739,CLE,4,PT05M40.00S,bonus,attemptEquivalent,2,2,
0022500693,1641772,N. Tomlin,1610612739,CLE,4,PT05M25.00S,bonus,attemptEquivalent,2,2,
0022500693,1628366,L. Ball,1610612739,CLE,4,PT02M34.00S,awayFromPlay,addOn,0,1,
0022500693,1630587,I. Livers,1610612756,PHX,4,PT02M08.00S,shootingFoul2,attemptEquivalent,1,2,
0022500694,1629651,N. Claxton,1610612751,BKN,1,PT07M46.00S,shootingFoul2,attemptEquivalent,0,2,
0022500694,1641718,K. George,1610612762,UTA,1,PT07M35.00S,shootingFoul2,attemptEquivalent,0,2,
0022500694,1641718,K. George,1610612762,UTA,1,PT04M35.00S,shootingFoul2,attemptEquivalent,2,2,
0022500694,1630549,D. Sharpe,1610612751,BKN,1,PT02M22.00S,bonus,attemptEquivalent,2,2,
0022500694,1630560,C. Thomas,1610612751,BKN,1,PT00M42.10S,shootingFoul2,attemptEquivalent,2,2,
0022500694,1641729,B. Sensabaugh,1610612762,UTA,2,PT10M58.00S,shootingFoul2,attemptEquivalent,2,2,
0022500694,1630560,C. Thomas,1610612751,BKN,2,PT10M15.00S,shootingFoul2,attemptEquivalent,2,2,
0022500694,1641707,T. Hendricks,1610612762,UTA,2,PT09M12.00S,andOne,addOn,0,1,194
0022500694,1630560,C. Thomas,1610612751,BKN,2,PT09M05.00S,shootingFoul2,attemptEquivalent,2,2,
0022500694,1642856,E. Dëmin,1610612751,BKN,2,PT05M46.00S,shootingFoul2,attemptEquivalent,2,2,
0022500694,1641718,K. George,1610612762,UTA,2,PT04M33.00S,andOne,addOn,1,1,273
0022500694,1641718,K. George,1610612762,UTA,2,PT03M52.00S,shootingFoul2,attemptEquivalent,2,2,
0022500694,1641718,K. George,1610612762,UTA,2,PT00M38.30S,bonus,attemptEquivalent,2,2,
0022500694,1641718,K. George,1610612762,UTA,3,PT09M01.00S,andOne,addOn,0,1,360
0022500694,1629651,N. Claxton,1610612751,BKN,3,PT06M54.00S,shootingFoul2,attemptEquivalent,0,2,
0022500694,1642271,K. Filipowski,1610612762,UTA,3,PT04M54.00S,shootingFoul2,attemptEquivalent,0,2,
0022500694,1630549,D. Sharpe,1610612751,BKN,3,PT02M59.00S,shootingFoul2,attemptEquivalent,1,2,
0022500694,1641707,T. Hendricks,1610612762,UTA,3,PT01M42.00S,andOne,addOn,0,1,459
0022500694,1630549,D. Sharpe,1610612751,BKN,3,PT00M55.90S,shootingFoul2,attemptEquivalent,1,2,
0022500694,1630549,D. Sharpe,1610612751,BKN,4,PT11M33.00S,andOne,addOn,1,1,490
0022500694,1630549,D. Sharpe,1610612751,BKN,4,PT10M55.00S,shootingFoul2,attemptEquivalent,2,2,
0022500694,1642383,W. Clayton Jr.,1610612762,UTA,4,PT05M22.00S,shootingFoul2,attemptEquivalent,1,2,
0022500694,1642874,D. Wolf,1610612751,BKN,4,PT04M07.00S,shootingFoul2,attemptEquivalent,0,2,
0022500694,1629651,N. Claxton,1610612751,BKN,4,PT03M47.00S,bonus,attemptEquivalent,0,2,
0022500694,1642849,N. Traore,1610612751,BKN,4,PT02M40.00S,andOne,addOn,1,1,611
0022500694,1642856,E. Dëmin,1610612751,BKN,4,PT00M43.10S,bonus,attemptEquivalent,1,2,
0022500706,1642268,I. Collier,1610612762,UTA,1,PT10M02.00S,shootingFoul2,attemptEquivalent,2,2,
0022500706,1628374,L. Markkanen,1610612762,UTA,1,PT04M38.00S,andOne,addOn,1,1,99
0022500706,1630567,S. Barnes,1610612761,TOR,1,PT01M14.00S,shootingFoul2,attemptEquivalent,1,2,
0022500706,1630572,S. Mamukelashvili,1610612761,TOR,1,PT00M53.60S,shootingFoul2,attemptEquivalent,2,2,
0022500706,1642846,A. Bailey,1610612762,UTA,2,PT11M03.00S,shootingFoul2,attemptEquivalent,2,2,
0022500706,1629628,R. Barrett,1610612761,TOR,2,PT10M07.00S,andOne,addOn,0,1,195
0022500706,1642262,C. Williams,1610612762,UTA,2,PT09M47.00S,shootingFoul2,attemptEquivalent,1,2,
0022500706,1629628,R. Barrett,1610612761,TOR,2,PT07M56.00S,shootingFoul2,attemptEquivalent,2,2,
0022500706,1630572,S. Mamukelashvili,1610612761,TOR,2,PT06M04.00S,shootingFoul2,attemptEquivalent,2,2,
0022500706,203994,J. Nurkić,1610612762,UTA,2,PT05M43.00S,andOne,addOn,1,1,272
0022500706,1642268,I. Collier,1610612762,UTA,2,PT04M54.00S,shootingFoul2,attemptEquivalent,2,2,
0022500706,1642266,J. Walter,1610612761,TOR,2,PT04M14.00S,shootingFoul2,attemptEquivalent,2,2,
0022500706,1630567,S. Barnes,1610612761,TOR,2,PT03M19.00S,shootingFoul2,attemptEquivalent,1,2,
0022500706,203994,J. Nurkić,1610612762,UTA,2,PT03M03.00S,bonus,attemptEquivalent,0,2,
0022500706,1627742,B. Ingram,1610612761,TOR,2,PT01M21.00S,andOne,addOn,1,1,338
0022500706,1629628,R. Barrett,1610612761,TOR,3,PT11M44.00S,shootingFoul2,attemptEquivalent,1,2,
0022500706,1642268,I. Collier,1610612762,UTA,3,PT10M34.00S,shootingFoul2,attemptEquivalent,1,2,
0022500706,1642268,I. Collier,1610612762,UTA,3,PT08M46.00S,shootingFoul2,attemptEquivalent,2,2,
0022500706,1628374,L. Markkanen,1610612762,UTA,3,PT07M45.00S,andOne,addOn,1,1,414
0022500706,1630193,I. Quickley,1610612761,TOR,3,PT05M47.00S,shootingFoul2,attemptEquivalent,2,2,
0022500706,1641729,B. Sensabaugh,1610612762,UTA,3,PT04M55.00S,shootingFoul2,attemptEquivalent,2,2,
0022500706,1628374,L. Markkanen,1610612762,UTA,3,PT03M50.00S,andOne,addOn,1,1,471
0022500706,1628374,L. Markkanen,1610612762,UTA,3,PT02M47.00S,bonus,attemptEquivalent,2,2,
0022500706,1642266,J. Walter,1610612761,TOR,3,PT01M01.00S,shootingFoul3,attemptEquivalent,3,3,
0022500706,203994,J. Nurkić,1610612762,UTA,3,PT00M49.50S,bonus,attemptEquivalent,2,2,
0022500706,1629628,R. Barrett,1610612761,TOR,4,PT10M19.00S,shootingFoul2,attemptEquivalent,2,2,
0022500706,1629628,R. Barrett,1610612761,TOR,4,PT08M36.00S,shootingFoul2,attemptEquivalent,2,2,
0022500706,1642271,K. Filipowski,1610612762,UTA,4,PT08M23.00S,shootingFoul2,attemptEquivalent,2,2,
0022500706,1627742,B. Ingram,1610612761,TOR,4,PT06M08.00S,shootingFoul2,attemptEquivalent,2,2,
0022500706,1642268,I. Collier,1610612762,UTA,4,PT06M01.00S,shootingFoul2,attemptEquivalent,1,2,
0022500706,1627742,B. Ingram,1610612761,TOR,4,PT04M48.00S,transitionTake,addOn,1,1,
0022500706,1629004,S. Mykhailiuk,1610612762,UTA,4,PT04M26.00S,shootingFoul2,attemptEquivalent,2,2,
0022500706,203994,J. Nurkić,1610612762,UTA,4,PT00M22.50S,shootingFoul2,attemptEquivalent,1,2,
0022500706,1630567,S. Barnes,1610612761,TOR,4,PT00M19.90S,bonus,attemptEquivalent,1,2,
0022500706,1628374,L. Markkanen,1610612762,UTA,4,PT00M11.80S,bonus,attemptEquivalent,2,2,
0022500707,203114,K. Middleton,1610612764,WAS,1,PT09M44.00S,shootingFoul2,attemptEquivalent,1,2,
0022500707,203897,Z. LaVine,1610612758,SAC,1,PT08M21.00S,shootingFoul2,attemptEquivalent,2,2,
0022500707,1641731,B. Coulibaly,1610612764,WAS,1,PT05M52.00S,shootingFoul2,attemptEquivalent,2,2,
0022500707,201942,D. DeRozan,1610612758,SAC,1,PT02M22.00S,shootingFoul2,attemptEquivalent,1,2,
0022500707,201942,D. DeRozan,1610612758,SAC,1,PT01M24.00S,bonus,attemptEquivalent,2,2,
0022500707,201942,D. DeRozan,1610612758,SAC,2,PT08M41.00S,shootingFoul2,attemptEquivalent,2,2,
0022500707,201942,D. DeRozan,1610612758,SAC,2,PT07M42.00S,shootingFoul2,attemptEquivalent,2,2,
0022500707,1642363,N. Clifford,1610612758,SAC,2,PT01M36.00S,shootingFoul2,attemptEquivalent,2,2,
0022500707,1641731,B. Coulibaly,1610612764,WAS,2,PT01M26.00S,shootingFoul2,attemptEquivalent,2,2,
0022500707,1641731,B. Coulibaly,1610612764,WAS,3,PT09M33.00S,andOne,addOn,1,1,360
0022500707,201942,D. DeRozan,1610612758,SAC,3,PT08M54.00S,andOne,addOn,1,1,370
0022500707,1642363,N. Clifford,1610612758,SAC,3,PT07M29.00S,shootingFoul2,attemptEquivalent,2,2,
0022500707,203897,Z. LaVine,1610612758,SAC,3,PT05M56.00S,andOne,addOn,1,1,412
0022500707,1642364,J. Watkins,1610612764,WAS,3,PT03M10.00S,shootingFoul2,attemptEquivalent,1,2,
0022500707,1642928,D. Cardwell,1610612758,SAC,3,PT01M31.00S,shootingFoul2,attemptEquivalent,1,2,
0022500707,201942,D. DeRozan,1610612758,SAC,4,PT10M07.00S,shootingFoul2,attemptEquivalent,2,2,
0022500707,1642269,D. Carter,1610612758,SAC,4,PT09M42.00S,shootingFoul2,attemptEquivalent,2,2,
0022500707,1642358,A. Johnson,1610612764,WAS,4,PT07M04.00S,shootingFoul2,attemptEquivalent,1,2,
0022500707,1642860,W. Riley,1610612764,WAS,4,PT05M00.00S,shootingFoul2,attemptEquivalent,2,2,
0022500707,1641815,I. Stevens,1610612758,SAC,4,PT04M50.00S,bonus,attemptEquivalent,2,2,
0022500707,203897,Z. LaVine,1610612758,SAC,4,PT04M18.00S,shootingFoul2,attemptEquivalent,2,2,
0022500707,1642875,M. Raynaud,1610612758,SAC,4,PT01M37.00S,shootingFoul2,attemptEquivalent,1,2,
0022500707,1630536,S. Cooper,1610612764,WAS,4,PT00M03.50S,bonus,attemptEquivalent,1,2,
0022500710,1641772,N. Tomlin,1610612739,CLE,1,PT02M55.00S,shootingFoul2,attemptEquivalent,2,2,
0022500710,203924,J. Grant,1610612757,POR,1,PT00M30.10S,shootingFoul2,attemptEquivalent,1,2,
0022500710,1628386,J. Allen,1610612739,CLE,2,PT06M26.00S,shootingFoul2,attemptEquivalent,1,2,
0022500710,1628386,J. Allen,1610612739,CLE,2,PT01M59.00S,shootingFoul2,attemptEquivalent,0,2,
0022500710,1631321,S. Cissoko,1610612757,POR,3,PT11M37.00S,shootingFoul2,attemptEquivalent,1,2,
0022500710,1628386,J. Allen,1610612739,CLE,3,PT10M01.00S,shootingFoul2,attemptEquivalent,1,2,
0022500710,1631321,S. Cissoko,1610612757,POR,3,PT08M14.00S,andOne,addOn,1,1,431
0022500710,1628386,J. Allen,1610612739,CLE,3,PT06M22.00S,shootingFoul2,attemptEquivalent,2,2,
0022500710,1630241,S. Merrill,1610612739,CLE,3,PT05M03.00S,shootingFoul2,attemptEquivalent,2,2,
0022500710,1641854,C. Porter Jr.,1610612739,CLE,4,PT11M18.00S,shootingFoul2,attemptEquivalent,1,2,
0022500710,203924,J. Grant,1610612757,POR,4,PT11M03.00S,andOne,addOn,1,1,559
0022500710,1642270,D. Clingan,1610612757,POR,4,PT10M09.00S,andOne,addOn,1,1,574
0022500710,1631126,C. Love,1610612757,POR,4,PT09M39.00S,shootingFoul2,attemptEquivalent,2,2,
0022500710,1628386,J. Allen,1610612739,CLE,4,PT07M17.00S,shootingFoul2,attemptEquivalent,2,2,
0022500710,203924,J. Grant,1610612757,POR,4,PT06M17.00S,andOne,addOn,1,1,637
0022500710,203924,J. Grant,1610612757,POR,4,PT04M40.00S,shootingFoul2,attemptEquivalent,1,2,
0022500710,1628386,J. Allen,1610612739,CLE,4,PT03M43.00S,shootingFoul2,attemptEquivalent,2,2,
0022500710,1628418,T. Bryant,1610612739,CLE,4,PT02M03.00S,andOne,addOn,1,1,715
0022500711,1631096,C. Holmgren,1610612760,OKC,1,PT07M52.00S,shootingFoul2,attemptEquivalent,2,2,
0022500711,1627750,J. Murray,1610612743,DEN,1,PT07M08.00S,shootingFoul2,attemptEquivalent,1,2,
0022500711,1641717,C. Wallace,1610612760,OKC,1,PT03M56.00S,shootingFoul2,attemptEquivalent,2,2,
0022500711,1629026,K. Williams,1610612760,OKC,1,PT03M22.00S,andOne,addOn,1,1,100
0022500711,1628983,S. Gilgeous-Alexander,1610612760,OKC,1,PT01M41.00S,shootingFoul2,attemptEquivalent,2,2,
0022500711,203501,T. Hardaway Jr.,1610612743,DEN,1,PT00M45.20S,bonus,attemptEquivalent,2,2,
0022500711,1628971,B. Brown,1610612743,DEN,2,PT11M41.00S,shootingFoul2,attemptEquivalent,1,2,
0022500711,1628983,S. Gilgeous-Alexander,1610612760,OKC,2,PT10M11.00S,shootingFoul2,attemptEquivalent,1,2,
0022500711,1628983,S. Gilgeous-Alexander,1610612760,OKC,2,PT07M48.00S,shootingFoul2,attemptEquivalent,2,2,
0022500711,203501,T. Hardaway Jr.,1610612743,DEN,2,PT03M21.00S,shootingFoul2,attemptEquivalent,1,2,
0022500711,1631212,P. Watson,1610612743,DEN,2,PT01M02.00S,bonus,attemptEquivalent,1,2,
0022500711,203999,N. Jokić,1610612743,DEN,2,PT01M01.00S,bonus,attemptEquivalent,2,2,
0022500711,203999,N. Jokić,1610612743,DEN,3,PT09M02.00S,shootingFoul2,attemptEquivalent,1,2,
0022500711,1631212,P. Watson,1610612743,DEN,3,PT06M39.00S,shootingFoul2,attemptEquivalent,1,2,
0022500711,1628983,S. Gilgeous-Alexander,1610612760,OKC,3,PT03M22.00S,andOne,addOn,1,1,439
0022500711,1627750,J. Murray,1610612743,DEN,3,PT02M05.00S,bonus,attemptEquivalent,2,2,
0022500711,1628983,S. Gilgeous-Alexander,1610612760,OKC,3,PT01M08.00S,shootingFoul2,attemptEquivalent,2,2,
0022500711,1641717,C. Wallace,1610612760,OKC,4,PT10M57.00S,andOne,addOn,0,1,508
0022500711,1628971,B. Brown,1610612743,DEN,4,PT10M11.00S,shootingFoul2,attemptEquivalent,2,2,
0022500711,1631096,C. Holmgren,1610612760,OKC,4,PT08M26.00S,shootingFoul2,attemptEquivalent,2,2,
0022500711,1628983,S. Gilgeous-Alexander,1610612760,OKC,4,PT07M54.00S,shootingFoul2,attemptEquivalent,2,2,
0022500711,1630598,A. Wiggins,1610612760,OKC,4,PT05M53.00S,shootingFoul2,attemptEquivalent,1,2,
0022500711,1628983,S. Gilgeous-Alexander,1610612760,OKC,4,PT05M02.00S,shootingFoul2,attemptEquivalent,1,2,
0022500711,1631096,C. Holmgren,1610612760,OKC,4,PT04M51.00S,shootingFoul2,attemptEquivalent,2,2,
0022500711,1631096,C. Holmgren,1610612760,OKC,4,PT02M33.00S,shootingFoul2,attemptEquivalent,1,2,
0022500711,1641816,H. Tyson,1610612743,DEN,4,PT00M39.60S,shootingFoul2,attemptEquivalent,2,2,
0022500711,1631124,J. Strawther,1610612743,DEN,4,PT00M12.80S,shootingFoul2,attemptEquivalent,1,2,
0022500717,1641716,J. Walker,1610612754,IND,1,PT09M54.00S,shootingFoul2,attemptEquivalent,2,2,
0022500717,1628374,L. Markkanen,1610612762,UTA,1,PT08M36.00S,shootingFoul2,attemptEquivalent,1,2,
0022500717,1630543,I. Jackson,1610612754,IND,1,PT05M38.00S,shootingFoul2,attemptEquivalent,1,2,
0022500717,1642846,A. Bailey,1610612762,UTA,1,PT05M19.00S,shootingFoul2,attemptEquivalent,2,2,
0022500717,1642268,I. Collier,1610612762,UTA,1,PT01M25.00S,shootingFoul2,attemptEquivalent,1,2,
0022500717,1642268,I. Collier,1610612762,UTA,1,PT00M00.10S,shootingFoul2,attemptEquivalent,1,2,
0022500717,1628374,L. Markkanen,1610612762,UTA,2,PT11M26.00S,shootingFoul2,attemptEquivalent,2,2,
0022500717,1642277,J. Furphy,1610612754,IND,2,PT05M18.00S,shootingFoul2,attemptEquivalent,0,2,
0022500717,1631245,Q. Jackson,1610612754,IND,2,PT01M54.00S,shootingFoul2,attemptEquivalent,1,2,
0022500717,1641716,J. Walker,1610612754,IND,2,PT01M13.00S,shootingFoul2,attemptEquivalent,1,2,
0022500717,1631245,Q. Jackson,1610612754,IND,2,PT00M09.10S,shootingFoul2,attemptEquivalent,2,2,
0022500717,1628374,L. Markkanen,1610612762,UTA,3,PT10M51.00S,shootingFoul2,attemptEquivalent,2,2,
0022500717,1641716,J. Walker,1610612754,IND,3,PT08M14.00S,shootingFoul2,attemptEquivalent,2,2,
0022500717,1642262,C. Williams,1610612762,UTA,3,PT05M33.00S,shootingFoul2,attemptEquivalent,2,2,
0022500717,1642271,K. Filipowski,1610612762,UTA,3,PT04M28.00S,shootingFoul2,attemptEquivalent,1,2,
0022500717,1630543,I. Jackson,1610612754,IND,3,PT04M16.00S,shootingFoul2,attemptEquivalent,1,2,
0022500717,1642846,A. Bailey,1610612762,UTA,3,PT04M03.00S,shootingFoul2,attemptEquivalent,0,2,
0022500717,1631245,Q. Jackson,1610612754,IND,3,PT01M07.00S,shootingFoul2,attemptEquivalent,1,2,
0022500717,1630543,I. Jackson,1610612754,IND,3,PT00M17.70S,shootingFoul2,attemptEquivalent,1,2,
0022500717,1630679,E. Thompson,1610612754,IND,4,PT10M13.00S,andOne,addOn,1,1,495
0022500717,1642268,I. Collier,1610612762,UTA,4,PT09M23.00S,shootingFoul2,attemptEquivalent,1,2,
0022500717,1642880,K. Jones,1610612754,IND,4,PT06M19.00S,shootingFoul2,attemptEquivalent,2,2,
0022500717,1642846,A. Bailey,1610612762,UTA,4,PT06M06.00S,shootingFoul2,attemptEquivalent,1,2,
0022500717,1642268,I. Collier,1610612762,UTA,4,PT03M00.00S,shootingFoul2,attemptEquivalent,2,2,
0022500717,1641767,B. Sheppard,1610612754,IND,4,PT01M55.00S,andOne,addOn,1,1,609
0022500717,1641716,J. Walker,1610612754,IND,4,PT01M11.00S,bonus,attemptEquivalent,1,2,
0022500717,1642271,K. Filipowski,1610612762,UTA,4,PT00M54.30S,bonus,attemptEquivalent,2,2,
0022500718,1628384,O. Anunoby,1610612752,NYK,1,PT10M48.00S,andOne,addOn,0,1,18
0022500718,1628404,J. Hart,1610612752,NYK,1,PT04M04.00S,shootingFoul2,attemptEquivalent,1,2,
0022500718,1628973,J. Brunson,1610612752,NYK,1,PT03M41.00S,shootingFoul2,attemptEquivalent,1,2,
0022500718,1642860,W. Riley,1610612764,WAS,1,PT00M29.80S,shootingFoul2,attemptEquivalent,2,2,
0022500718,1628969,M. Bridges,1610612752,NYK,1,PT00M06.90S,shootingFoul3,attemptEquivalent,2,3,
0022500718,1642358,A. Johnson,1610612764,WAS,2,PT11M23.00S,shootingFoul2,attemptEquivalent,1,2,
0022500718,1628384,O. Anunoby,1610612752,NYK,2,PT10M29.00S,shootingFoul2,attemptEquivalent,2,2,
0022500718,1626157,K. Towns,1610612752,NYK,2,PT09M45.00S,andOne,addOn,0,1,205
0022500718,1626157,K. Towns,1610612752,NYK,2,PT07M09.00S,shootingFoul2,attemptEquivalent,2,2,
0022500718,1641731,B. Coulibaly,1610612764,WAS,2,PT06M57.00S,shootingFoul2,attemptEquivalent,0,2,
0022500718,1626157,K. Towns,1610612752,NYK,2,PT06M40.00S,andOne,addOn,1,1,267
0022500718,1642267,B. Carrington,1610612764,WAS,2,PT02M36.00S,shootingFoul3,attemptEquivalent,2,3,
0022500718,1628384,O. Anunoby,1610612752,NYK,2,PT01M57.00S,bonus,attemptEquivalent,2,2,
0022500718,1642273,K. George,1610612764,WAS,3,PT10M15.00S,shootingFoul2,attemptEquivalent,2,2,
0022500718,1626157,K. Towns,1610612752,NYK,3,PT07M38.00S,shootingFoul2,attemptEquivalent,1,2,
0022500718,1628969,M. Bridges,1610612752,NYK,3,PT06M48.00S,shootingFoul2,attemptEquivalent,2,2,
0022500718,1642259,A. Sarr,1610612764,WAS,3,PT05M29.00S,shootingFoul2,attemptEquivalent,0,2,
0022500718,1642259,A. Sarr,1610612764,WAS,3,PT04M29.00S,bonus,attemptEquivalent,2,2,
0022500718,1642267,B. Carrington,1610612764,WAS,3,PT03M59.00S,bonus,attemptEquivalent,0,2,
0022500718,1628973,J. Brunson,1610612752,NYK,3,PT02M51.00S,bonus,attemptEquivalent,2,2,
0022500718,1628963,M. Bagley III,1610612764,WAS,3,PT02M38.00S,shootingFoul2,attemptEquivalent,1,2,
0022500718,1630551,J. Champagnie,1610612764,WAS,3,PT00M54.20S,shootingFoul2,attemptEquivalent,0,2,
0022500718,1628973,J. Brunson,1610612752,NYK,3,PT00M48.20S,bonus,attemptEquivalent,2,2,
0022500718,1628963,M. Bagley III,1610612764,WAS,4,PT10M59.00S,shootingFoul2,attemptEquivalent,2,2,
0022500718,1642358,A. Johnson,1610612764,WAS,4,PT08M42.00S,shootingFoul2,attemptEquivalent,2,2,
0022500718,1630574,A. Hukporti,1610612752,NYK,4,PT05M24.00S,andOne,addOn,1,1,650
0022500718,1642358,A. Johnson,1610612764,WAS,4,PT04M22.00S,shootingFoul2,attemptEquivalent,2,2,
0022500718,1642860,W. Riley,1610612764,WAS,4,PT02M54.00S,bonus,attemptEquivalent,1,2,
0022500718,1642860,W. Riley,1610612764,WAS,4,PT00M58.40S,bonus,attemptEquivalent,2,2,
0022500723,1628976,W. Carter Jr.,1610612753,ORL,1,PT08M56.00S,shootingFoul2,attemptEquivalent,2,2,
0022500723,1631096,C. Holmgren,1610612760,OKC,1,PT08M36.00S,shootingFoul2,attemptEquivalent,1,2,
0022500723,1628983,S. Gilgeous-Alexander,1610612760,OKC,1,PT04M37.00S,shootingFoul2,attemptEquivalent,2,2,
0022500723,1629021,M. Wagner,1610612753,ORL,1,PT01M45.00S,shootingFoul2,attemptEquivalent,2,2,
0022500723,1627936,A. Caruso,1610612760,OKC,1,PT00M43.10S,bonus,attemptEquivalent,2,2,
0022500723,1631119,J. Williams,1610612760,OKC,1,PT00M18.90S,andOne,addOn,0,1,167
0022500723,1630591,J. Suggs,1610612753,ORL,1,PT00M05.90S,shootingFoul2,attemptEquivalent,2,2,
0022500723,1630598,A. Wiggins,1610612760,OKC,2,PT08M40.00S,shootingFoul2,attemptEquivalent,2,2,
0022500723,1630198,I. Joe,1610612760,OKC,2,PT06M38.00S,andOne,addOn,1,1,255
0022500723,1631096,C. Holmgren,1610612760,OKC,2,PT06M01.00S,shootingFoul2,attemptEquivalent,1,2,
0022500723,1629652,L. Dort,1610612760,OKC,2,PT04M07.00S,shootingFoul2,attemptEquivalent,2,2,
0022500723,1631094,P. Banchero,1610612753,ORL,3,PT10M39.00S,shootingFoul2,attemptEquivalent,2,2,
0022500723,1628392,I. Hartenstein,1610612760,OKC,3,PT09M43.00S,andOne,addOn,1,1,369
0022500723,1628392,I. Hartenstein,1610612760,OKC,3,PT09M12.00S,shootingFoul2,attemptEquivalent,2,2,
0022500723,1631094,P. Banchero,1610612753,ORL,3,PT04M37.00S,shootingFoul2,attemptEquivalent,2,2,
0022500723,1628983,S. Gilgeous-Alexander,1610612760,OKC,3,PT02M14.00S,shootingFoul2,attemptEquivalent,1,2,
0022500723,1631119,J. Williams,1610612760,OKC,3,PT00M11.50S,shootingFoul2,attemptEquivalent,1,2,
0022500723,1628392,I. Hartenstein,1610612760,OKC,4,PT10M55.00S,flagrant,addOn,1,2,
0022500723,1641717,C. Wallace,1610612760,OKC,4,PT09M43.00S,andOne,addOn,1,1,563
0022500723,1629026,K. Williams,1610612760,OKC,4,PT05M16.00S,shootingFoul2,attemptEquivalent,2,2,
0022500723,1642869,N. Penda,1610612753,ORL,4,PT00M53.70S,andOne,addOn,1,1,664
0022500731,1629660,T. Jerome,1610612763,MEM,1,PT07M17.00S,andOne,addOn,1,1,53
0022500731,201942,D. DeRozan,1610612758,SAC,1,PT06M19.00S,andOne,addOn,1,1,78
0022500731,1642285,C. Spencer,1610612763,MEM,1,PT02M57.00S,andOne,addOn,1,1,125
0022500731,1641713,G. Jackson,1610612763,MEM,2,PT11M39.00S,andOne,addOn,1,1,183
0022500731,203484,K. Caldwell-Pope,1610612763,MEM,2,PT10M38.00S,shootingFoul2,attemptEquivalent,2,2,
0022500731,1627734,D. Sabonis,1610612758,SAC,2,PT10M16.00S,andOne,addOn,1,1,199
0022500731,1630583,S. Aldama,1610612763,MEM,2,PT09M07.00S,shootingFoul2,attemptEquivalent,1,2,
0022500731,1627734,D. Sabonis,1610612758,SAC,2,PT08M56.00S,andOne,addOn,1,1,219
0022500731,203897,Z. LaVine,1610612758,SAC,2,PT07M08.00S,shootingFoul2,attemptEquivalent,2,2,
0022500731,201942,D. DeRozan,1610612758,SAC,2,PT03M32.00S,shootingFoul2,attemptEquivalent,1,2,
0022500731,1641765,O. Prosper,1610612763,MEM,2,PT02M48.00S,shootingFoul2,attemptEquivalent,1,2,
0022500731,201942,D. DeRozan,1610612758,SAC,2,PT01M20.00S,shootingFoul2,attemptEquivalent,1,2,
0022500731,1641713,G. Jackson,1610612763,MEM,2,PT00M24.00S,shootingFoul2,attemptEquivalent,1,2,
0022500731,1642907,C. Coward,1610612763,MEM,2,PT00M00.10S,bonus,attemptEquivalent,1,2,
0022500731,1629660,T. Jerome,1610612763,MEM,3,PT11M46.00S,shootingFoul2,attemptEquivalent,1,2,
0022500731,1630583,S. Aldama,1610612763,MEM,3,PT10M47.00S,shootingFoul2,attemptEquivalent,1,2,
0022500731,203897,Z. LaVine,1610612758,SAC,3,PT08M42.00S,shootingFoul2,attemptEquivalent,2,2,
0022500731,201942,D. DeRozan,1610612758,SAC,3,PT04M35.00S,shootingFoul2,attemptEquivalent,2,2,
0022500731,1642363,N. Clifford,1610612758,SAC,3,PT02M53.00S,shootingFoul2,attemptEquivalent,2,2,
0022500731,1641765,O. Prosper,1610612763,MEM,3,PT02M46.00S,shootingFoul2,attemptEquivalent,2,2,
0022500731,1641765,O. Prosper,1610612763,MEM,3,PT02M18.00S,bonus,attemptEquivalent,2,2,
0022500731,1628370,M. Monk,1610612758,SAC,3,PT02M05.00S,shootingFoul3,attemptEquivalent,3,3,
0022500731,1641765,O. Prosper,1610612763,MEM,3,PT00M02.70S,shootingFoul2,attemptEquivalent,1,2,
0022500731,1629660,T. Jerome,1610612763,MEM,4,PT10M27.00S,andOne,addOn,1,1,584
0022500731,1627734,D. Sabonis,1610612758,SAC,4,PT10M15.00S,shootingFoul2,attemptEquivalent,2,2,
0022500731,1629660,T. Jerome,1610612763,MEM,4,PT09M34.00S,andOne,addOn,1,1,600
0022500731,1629660,T. Jerome,1610612763,MEM,4,PT08M44.00S,awayFromPlay,addOn,1,1,
0022500731,1629631,D. Hunter,1610612758,SAC,4,PT05M39.00S,bonus,attemptEquivalent,1,2,
0022500731,1642928,D. Cardwell,1610612758,SAC,4,PT05M39.00S,bonus,attemptEquivalent,2,2,
0022500731,1642285,C. Spencer,1610612763,MEM,4,PT05M02.00S,bonus,attemptEquivalent,2,2,
0022500731,1642928,D. Cardwell,1610612758,SAC,4,PT04M36.00S,shootingFoul2,attemptEquivalent,1,2,
0022500731,201942,D. DeRozan,1610612758,SAC,4,PT01M04.00S,shootingFoul2,attemptEquivalent,2,2,
0022500732,1628378,D. Mitchell,1610612739,CLE,1,PT11M09.00S,shootingFoul2,attemptEquivalent,2,2,
0022500732,1628381,J. Collins,1610612746,LAC,1,PT09M03.00S,andOne,addOn,1,1,32
0022500732,202695,K. Leonard,1610612746,LAC,1,PT07M42.00S,andOne,addOn,1,1,44
0022500732,1642281,J. Tyson,1610612739,CLE,1,PT07M21.00S,shootingFoul2,attemptEquivalent,0,2,
0022500732,1627884,D. Jones Jr.,1610612746,LAC,2,PT11M50.00S,andOne,addOn,1,1,157
0022500732,202695,K. Leonard,1610612746,LAC,2,PT09M09.00S,shootingFoul2,attemptEquivalent,2,2,
0022500732,1627884,D. Jones Jr.,1610612746,LAC,2,PT05M58.00S,andOne,addOn,1,1,234
0022500732,1628386,J. Allen,1610612739,CLE,2,PT03M38.00S,andOne,addOn,0,1,263
0022500732,1628378,D. Mitchell,1610612739,CLE,2,PT03M15.00S,shootingFoul2,attemptEquivalent,2,2,
0022500732,1642281,J. Tyson,1610612739,CLE,2,PT01M10.00S,andOne,addOn,0,1,295
0022500732,1627884,D. Jones Jr.,1610612746,LAC,3,PT07M12.00S,shootingFoul2,attemptEquivalent,1,2,
0022500732,1628386,J. Allen,1610612739,CLE,3,PT05M02.00S,awayFromPlay,addOn,0,1,
0022500732,1628381,J. Collins,1610612746,LAC,3,PT04M53.00S,shootingFoul2,attemptEquivalent,2,2,
0022500732,1641772,N. Tomlin,1610612739,CLE,3,PT04M04.00S,shootingFoul2,attemptEquivalent,2,2,
0022500732,1628378,D. Mitchell,1610612739,CLE,3,PT02M17.00S,shootingFoul2,attemptEquivalent,2,2,
0022500732,1642949,Y. Niederhäuser,1610612746,LAC,4,PT02M43.00S,shootingFoul2,attemptEquivalent,2,2,
0022500733,1630595,C. Cunningham,1610612765,DET,1,PT07M23.00S,shootingFoul2,attemptEquivalent,2,2,
0022500733,1641709,A. Thompson,1610612765,DET,1,PT06M30.00S,shootingFoul2,attemptEquivalent,2,2,
0022500733,1630551,J. Champagnie,1610612764,WAS,1,PT05M02.00S,andOne,addOn,1,1,87
0022500733,1642273,K. George,1610612764,WAS,1,PT03M22.00S,shootingFoul2,attemptEquivalent,1,2,
0022500733,1641842,R. Holland II,1610612765,DET,1,PT03M04.00S,shootingFoul2,attemptEquivalent,1,2,
0022500733,1627747,C. LeVert,1610612765,DET,1,PT01M40.00S,andOne,addOn,1,1,142
0022500733,1642364,J. Watkins,1610612764,WAS,1,PT01M23.00S,shootingFoul2,attemptEquivalent,1,2,
0022500733,1630191,I. Stewart,1610612765,DET,1,PT00M52.70S,bonus,attemptEquivalent,2,2,
0022500733,1642860,W. Riley,1610612764,WAS,1,PT00M24.20S,andOne,addOn,0,1,170
0022500733,1630264,A. Gill,1610612764,WAS,2,PT06M02.00S,shootingFoul2,attemptEquivalent,1,2,
0022500733,1630595,C. Cunningham,1610612765,DET,2,PT04M13.00S,shootingFoul2,attemptEquivalent,2,2,
0022500733,1629130,D. Robinson,1610612765,DET,2,PT03M02.00S,bonus,attemptEquivalent,2,2,
0022500733,1641842,R. Holland II,1610612765,DET,2,PT01M56.00S,shootingFoul2,attemptEquivalent,2,2,
0022500733,1642259,A. Sarr,1610612764,WAS,2,PT01M34.00S,andOne,addOn,0,1,339
0022500733,1642267,B. Carrington,1610612764,WAS,3,PT11M00.00S,shootingFoul2,attemptEquivalent,2,2,
0022500733,1630595,C. Cunningham,1610612765,DET,3,PT10M41.00S,shootingFoul2,attemptEquivalent,1,2,
0022500733,1641709,A. Thompson,1610612765,DET,3,PT08M38.00S,shootingFoul2,attemptEquivalent,1,2,
0022500733,1630264,A. Gill,1610612764,WAS,3,PT06M46.00S,andOne,addOn,1,1,442
0022500733,1630595,C. Cunningham,1610612765,DET,3,PT04M57.00S,shootingFoul2,attemptEquivalent,2,2,
0022500733,1630194,P. Reed,1610612765,DET,3,PT04M34.00S,bonus,attemptEquivalent,1,2,
0022500733,1641774,T. Vukcevic,1610612764,WAS,3,PT03M10.00S,andOne,addOn,1,1,498
0022500733,1631111,W. Moore Jr.,1610612765,DET,3,PT00M32.50S,shootingFoul2,attemptEquivalent,2,2,
0022500733,1630595,C. Cunningham,1610612765,DET,4,PT10M11.00S,andOne,addOn,0,1,561
0022500733,1630595,C. Cunningham,1610612765,DET,4,PT08M36.00S,shootingFoul2,attemptEquivalent,2,2,
0022500733,1629750,J. Green,1610612765,DET,4,PT08M06.00S,shootingFoul2,attemptEquivalent,1,2,
0022500733,1630595,C. Cunningham,1610612765,DET,4,PT06M55.00S,shootingFoul2,attemptEquivalent,1,2,
0022500733,1629130,D. Robinson,1610612765,DET,4,PT04M15.00S,andOne,addOn,1,1,644
0022500733,1642860,W. Riley,1610612764,WAS,4,PT00M59.40S,shootingFoul2,attemptEquivalent,0,2,
0022500733,1641731,B. Coulibaly,1610612764,WAS,4,PT00M41.10S,bonus,attemptEquivalent,1,2,
0022500735,1629111,J. Landale,1610612737,ATL,1,PT11M01.00S,shootingFoul2,attemptEquivalent,1,2,
0022500735,1642268,I. Collier,1610612762,UTA,1,PT10M28.00S,shootingFoul2,attemptEquivalent,1,2,
0022500735,1630552,J. Johnson,1610612737,ATL,1,PT05M11.00S,shootingFoul2,attemptEquivalent,2,2,
0022500735,1642262,C. Williams,1610612762,UTA,1,PT03M29.00S,shootingFoul2,attemptEquivalent,1,2,
0022500735,1642271,K. Filipowski,1610612762,UTA,1,PT03M06.00S,shootingFoul2,attemptEquivalent,1,2,
0022500735,203468,C. McCollum,1610612737,ATL,1,PT00M47.50S,shootingFoul2,attemptEquivalent,2,2,
0022500735,1642271,K. Filipowski,1610612762,UTA,1,PT00M31.40S,andOne,addOn,1,1,167
0022500735,1642854,A. Newell,1610612737,ATL,2,PT11M42.00S,andOne,addOn,1,1,183
0022500735,1642268,I. Collier,1610612762,UTA,2,PT10M21.00S,shootingFoul2,attemptEquivalent,2,2,
0022500735,1642854,A. Newell,1610612737,ATL,2,PT07M54.00S,shootingFoul2,attemptEquivalent,0,2,
0022500735,1630557,C. Kispert,1610612737,ATL,2,PT06M12.00S,shootingFoul2,attemptEquivalent,2,2,
0022500735,1628374,L. Markkanen,1610612762,UTA,2,PT03M37.00S,shootingFoul2,attemptEquivalent,2,2,
0022500735,1630552,J. Johnson,1610612737,ATL,2,PT02M23.00S,andOne,addOn,1,1,311
0022500735,1629638,N. Alexander-Walker,1610612737,ATL,3,PT07M39.00S,shootingFoul2,attemptEquivalent,2,2,
0022500735,1630700,D. Daniels,1610612737,ATL,3,PT05M03.00S,shootingFoul2,attemptEquivalent,0,2,
0022500735,1641729,B. Sensabaugh,1610612762,UTA,3,PT02M55.00S,shootingFoul2,attemptEquivalent,2,2,
0022500735,1630557,C. Kispert,1610612737,ATL,3,PT02M19.00S,bonus,attemptEquivalent,2,2,
0022500735,1629638,N. Alexander-Walker,1610612737,ATL,3,PT01M51.00S,andOne,addOn,1,1,492
0022500735,1641729,B. Sensabaugh,1610612762,UTA,3,PT00M00.40S,shootingFoul2,attemptEquivalent,1,2,
0022500735,1630552,J. Johnson,1610612737,ATL,4,PT06M54.00S,andOne,addOn,0,1,592
0022500735,1642271,K. Filipowski,1610612762,UTA,4,PT06M18.00S,shootingFoul2,attemptEquivalent,1,2,
0022500735,1641729,B. Sensabaugh,1610612762,UTA,4,PT05M55.00S,shootingFoul2,attemptEquivalent,0,2,
0022500735,1630552,J. Johnson,1610612737,ATL,4,PT05M41.00S,andOne,addOn,1,1,623
0022500735,1629638,N. Alexander-Walker,1610612737,ATL,4,PT00M13.80S,bonus,attemptEquivalent,2,2,
0022500746,201566,R. Westbrook,1610612758,SAC,1,PT10M18.00S,shootingFoul2,attemptEquivalent,1,2,
0022500746,201942,D. DeRozan,1610612758,SAC,1,PT09M49.00S,shootingFoul2,attemptEquivalent,1,2,
0022500746,203897,Z. LaVine,1610612758,SAC,1,PT06M31.00S,shootingFoul2,attemptEquivalent,2,2,
0022500746,202695,K. Leonard,1610612746,LAC,1,PT05M09.00S,shootingFoul2,attemptEquivalent,2,2,
0022500746,1630173,P. Achiuwa,1610612758,SAC,1,PT04M56.00S,shootingFoul2,attemptEquivalent,2,2,
0022500746,201572,B. Lopez,1610612746,LAC,2,PT11M51.00S,shootingFoul2,attemptEquivalent,1,2,
0022500746,1641757,J. Miller,1610612746,LAC,2,PT11M23.00S,andOne,addOn,1,1,172
0022500746,202695,K. Leonard,1610612746,LAC,2,PT07M55.00S,shootingFoul2,attemptEquivalent,2,2,
0022500746,202695,K. Leonard,1610612746,LAC,2,PT06M54.00S,shootingFoul2,attemptEquivalent,2,2,
0022500746,201566,R. Westbrook,1610612758,SAC,2,PT06M38.00S,andOne,addOn,1,1,235
0022500746,202695,K. Leonard,1610612746,LAC,2,PT05M36.00S,shootingFoul2,attemptEquivalent,2,2,
0022500746,1627884,D. Jones Jr.,1610612746,LAC,2,PT03M43.00S,shootingFoul2,attemptEquivalent,1,2,
0022500746,1627739,K. Dunn,1610612746,LAC,2,PT03M23.00S,bonus,attemptEquivalent,1,2,
0022500746,1628381,J. Collins,1610612746,LAC,2,PT01M57.00S,shootingFoul2,attemptEquivalent,2,2,
0022500746,1629631,D. Hunter,1610612758,SAC,2,PT00M44.20S,shootingFoul2,attemptEquivalent,2,2,
0022500746,201572,B. Lopez,1610612746,LAC,3,PT11M45.00S,shootingFoul2,attemptEquivalent,2,2,
0022500746,201942,D. DeRozan,1610612758,SAC,3,PT11M27.00S,shootingFoul2,attemptEquivalent,2,2,
0022500746,1629631,D. Hunter,1610612758,SAC,3,PT08M27.00S,shootingFoul2,attemptEquivalent,2,2,
0022500746,1628381,J. Collins,1610612746,LAC,3,PT07M10.00S,andOne,addOn,1,1,407
0022500746,1642353,C. Christie,1610612746,LAC,3,PT00M45.40S,shootingFoul2,attemptEquivalent,2,2,
0022500746,1642363,N. Clifford,1610612758,SAC,4,PT11M52.00S,shootingFoul2,attemptEquivalent,2,2,
0022500746,1628381,J. Collins,1610612746,LAC,4,PT11M41.00S,shootingFoul2,attemptEquivalent,2,2,
0022500746,1627739,K. Dunn,1610612746,LAC,4,PT08M36.00S,andOne,addOn,1,1,544
0022500746,1627884,D. Jones Jr.,1610612746,LAC,4,PT06M12.00S,andOne,addOn,1,1,569
0022500746,1642363,N. Clifford,1610612758,SAC,4,PT05M18.00S,shootingFoul2,attemptEquivalent,2,2,
0022500746,202695,K. Leonard,1610612746,LAC,4,PT04M19.00S,transitionTake,addOn,1,1,
0022500746,1642269,D. Carter,1610612758,SAC,4,PT02M42.00S,andOne,addOn,0,1,624
0022500746,202695,K. Leonard,1610612746,LAC,4,PT02M29.00S,bonus,attemptEquivalent,2,2,
0022500746,1642269,D. Carter,1610612758,SAC,4,PT01M07.00S,bonus,attemptEquivalent,2,2,
0022500746,1627739,K. Dunn,1610612746,LAC,4,PT00M24.70S,bonus,attemptEquivalent,2,2,
0022500746,1627739,K. Dunn,1610612746,LAC,4,PT00M15.40S,bonus,attemptEquivalent,1,2,
0022500746,1642920,K. Sanders,1610612746,LAC,4,PT00M07.10S,bonus,attemptEquivalent,1,2,
0022500747,1629651,N. Claxton,1610612751,BKN,1,PT11M43.00S,shootingFoul2,attemptEquivalent,1,2,
0022500747,1630551,J. Champagnie,1610612764,WAS,1,PT10M59.00S,shootingFoul2,attemptEquivalent,2,2,
0022500747,1629008,M. Porter Jr.,1610612751,BKN,1,PT10M46.00S,shootingFoul2,attemptEquivalent,2,2,
0022500747,1642364,J. Watkins,1610612764,WAS,1,PT08M27.00S,shootingFoul2,attemptEquivalent,2,2,
0022500747,1630264,A. Gill,1610612764,WAS,1,PT03M03.00S,shootingFoul2,attemptEquivalent,1,2,
0022500747,1642933,K. Gilbert,1610612764,WAS,1,PT01M20.00S,shootingFoul2,attemptEquivalent,2,2,
0022500747,1630549,D. Sharpe,1610612751,BKN,2,PT09M48.00S,andOne,addOn,1,1,189
0022500747,1630551,J. Champagnie,1610612764,WAS,2,PT08M38.00S,shootingFoul2,attemptEquivalent,2,2,
0022500747,1629651,N. Claxton,1610612751,BKN,2,PT06M58.00S,shootingFoul2,attemptEquivalent,1,2,
0022500747,1629008,M. Porter Jr.,1610612751,BKN,2,PT06M57.00S,shootingFoul2,attemptEquivalent,2,2,
0022500747,1630551,J. Champagnie,1610612764,WAS,2,PT06M09.00S,shootingFoul2,attemptEquivalent,2,2,
0022500747,1630551,J. Champagnie,1610612764,WAS,2,PT05M51.00S,shootingFoul2,attemptEquivalent,2,2,
0022500747,1642849,N. Traore,1610612751,BKN,2,PT04M39.00S,andOne,addOn,1,1,282
0022500747,1630264,A. Gill,1610612764,WAS,2,PT04M21.00S,bonus,attemptEquivalent,2,2,
0022500747,1629651,N. Claxton,1610612751,BKN,2,PT03M47.00S,shootingFoul2,attemptEquivalent,1,2,
0022500747,1630551,J. Champagnie,1610612764,WAS,2,PT02M48.00S,bonus,attemptEquivalent,2,2,
0022500747,1641774,T. Vukcevic,1610612764,WAS,3,PT10M31.00S,andOne,addOn,1,1,360
0022500747,1642267,B. Carrington,1610612764,WAS,3,PT07M49.00S,flagrant,addOn,1,1,
0022500747,1642364,J. Watkins,1610612764,WAS,3,PT03M35.00S,shootingFoul2,attemptEquivalent,2,2,
0022500747,1642933,K. Gilbert,1610612764,WAS,3,PT02M18.00S,bonus,attemptEquivalent,2,2,
0022500747,1642879,B. Saraf,1610612751,BKN,4,PT09M31.00S,andOne,addOn,1,1,523
0022500747,1630536,S. Cooper,1610612764,WAS,4,PT06M16.00S,shootingFoul2,attemptEquivalent,2,2,
0022500747,1642860,W. Riley,1610612764,WAS,4,PT05M46.00S,andOne,addOn,1,1,574
0022500747,1641730,N. Clowney,1610612751,BKN,4,PT04M57.00S,shootingFoul2,attemptEquivalent,1,2,
0022500747,1642860,W. Riley,1610612764,WAS,4,PT04M46.00S,shootingFoul2,attemptEquivalent,1,2,
0022500747,1641730,N. Clowney,1610612751,BKN,4,PT04M36.00S,shootingFoul2,attemptEquivalent,2,2,
0022500747,1641730,N. Clowney,1610612751,BKN,4,PT01M03.00S,shootingFoul2,attemptEquivalent,1,2,
0022500750,1641710,A. Black,1610612753,ORL,1,PT10M37.00S,shootingFoul2,attemptEquivalent,2,2,
0022500750,1631094,P. Banchero,1610612753,ORL,1,PT07M06.00S,shootingFoul2,attemptEquivalent,2,2,
0022500750,1631094,P. Banchero,1610612753,ORL,1,PT05M47.00S,shootingFoul2,attemptEquivalent,2,2,
0022500750,1641718,K. George,1610612762,UTA,1,PT05M26.00S,andOne,addOn,1,1,90
0022500750,1642268,I. Collier,1610612762,UTA,1,PT01M53.00S,shootingFoul2,attemptEquivalent,1,2,
0022500750,1630217,D. Bane,1610612753,ORL,1,PT00M27.00S,shootingFoul2,attemptEquivalent,2,2,
0022500750,1628991,J. Jackson Jr.,1610612762,UTA,2,PT05M53.00S,shootingFoul2,attemptEquivalent,2,2,
0022500750,1641724,J. Howard,1610612753,ORL,2,PT05M40.00S,shootingFoul3,attemptEquivalent,2,3,
0022500750,1631094,P. Banchero,1610612753,ORL,2,PT04M41.00S,shootingFoul2,attemptEquivalent,0,2,
0022500750,1641729,B. Sensabaugh,1610612762,UTA,2,PT04M33.00S,shootingFoul2,attemptEquivalent,2,2,
0022500750,203994,J. Nurkić,1610612762,UTA,2,PT01M03.00S,bonus,attemptEquivalent,1,2,
0022500750,1631094,P. Banchero,1610612753,ORL,3,PT09M49.00S,shootingFoul2,attemptEquivalent,2,2,
0022500750,1642846,A. Bailey,1610612762,UTA,3,PT09M02.00S,shootingFoul2,attemptEquivalent,1,2,
0022500750,1628976,W. Carter Jr.,1610612753,ORL,3,PT08M19.00S,shootingFoul2,attemptEquivalent,2,2,
0022500750,1631094,P. Banchero,1610612753,ORL,3,PT06M16.00S,shootingFoul2,attemptEquivalent,2,2,
0022500750,1630217,D. Bane,1610612753,ORL,3,PT05M46.00S,shootingFoul2,attemptEquivalent,2,2,
0022500750,1642859,J. Richardson,1610612753,ORL,3,PT04M14.00S,bonus,attemptEquivalent,2,2,
0022500750,1631094,P. Banchero,1610612753,ORL,3,PT03M24.00S,shootingFoul2,attemptEquivalent,1,2,
0022500750,201567,K. Love,1610612762,UTA,3,PT03M09.00S,shootingFoul2,attemptEquivalent,2,2,
0022500750,201567,K. Love,1610612762,UTA,3,PT01M49.00S,bonus,attemptEquivalent,2,2,
0022500750,1630591,J. Suggs,1610612753,ORL,3,PT01M42.00S,bonus,attemptEquivalent,0,2,
0022500750,1642869,N. Penda,1610612753,ORL,3,PT00M52.50S,shootingFoul2,attemptEquivalent,2,2,
0022500750,1642271,K. Filipowski,1610612762,UTA,4,PT09M31.00S,shootingFoul2,attemptEquivalent,2,2,
0022500750,1642268,I. Collier,1610612762,UTA,4,PT09M01.00S,andOne,addOn,1,1,618
0022500750,1641710,A. Black,1610612753,ORL,4,PT08M03.00S,shootingFoul2,attemptEquivalent,2,2,
0022500750,1629021,M. Wagner,1610612753,ORL,4,PT06M19.00S,shootingFoul2,attemptEquivalent,2,2,
0022500750,1628976,W. Carter Jr.,1610612753,ORL,4,PT04M52.00S,bonus,attemptEquivalent,2,2,
0022500750,1642271,K. Filipowski,1610612762,UTA,4,PT04M30.00S,andOne,addOn,1,1,679
0022500750,1642271,K. Filipowski,1610612762,UTA,4,PT03M37.00S,bonus,attemptEquivalent,1,2,
0022500750,1630217,D. Bane,1610612753,ORL,4,PT03M24.00S,bonus,attemptEquivalent,1,2,
0022500750,1630217,D. Bane,1610612753,ORL,4,PT00M55.10S,bonus,attemptEquivalent,1,2,
0022500750,1630217,D. Bane,1610612753,ORL,4,PT00M28.30S,shootingFoul2,attemptEquivalent,2,2,
0022500750,1630591,J. Suggs,1610612753,ORL,4,PT00M08.70S,bonus,attemptEquivalent,2,2,
0022500756,1642281,J. Tyson,1610612739,CLE,1,PT10M05.00S,shootingFoul2,attemptEquivalent,2,2,
0022500756,201566,R. Westbrook,1610612758,SAC,1,PT08M05.00S,shootingFoul2,attemptEquivalent,0,2,
0022500756,201942,D. DeRozan,1610612758,SAC,1,PT07M47.00S,andOne,addOn,1,1,56
0022500756,1628386,J. Allen,1610612739,CLE,1,PT07M13.00S,shootingFoul2,attemptEquivalent,1,2,
0022500756,1642281,J. Tyson,1610612739,CLE,1,PT06M43.00S,shootingFoul2,attemptEquivalent,2,2,
0022500756,1642269,D. Carter,1610612758,SAC,1,PT04M52.00S,shootingFoul2,attemptEquivalent,2,2,
0022500756,1628418,T. Bryant,1610612739,CLE,1,PT03M26.00S,shootingFoul2,attemptEquivalent,2,2,
0022500756,203471,D. Schröder,1610612739,CLE,2,PT08M56.00S,andOne,addOn,1,1,215
0022500756,1642875,M. Raynaud,1610612758,SAC,2,PT07M51.00S,shootingFoul2,attemptEquivalent,2,2,
0022500756,1642269,D. Carter,1610612758,SAC,2,PT03M38.00S,shootingFoul2,attemptEquivalent,1,2,
0022500756,1628386,J. Allen,1610612739,CLE,2,PT03M27.00S,bonus,attemptEquivalent,2,2,
0022500756,1628378,D. Mitchell,1610612739,CLE,2,PT02M28.00S,shootingFoul2,attemptEquivalent,2,2,
0022500756,1630173,P. Achiuwa,1610612758,SAC,2,PT00M41.50S,shootingFoul2,attemptEquivalent,0,2,
0022500756,1642363,N. Clifford,1610612758,SAC,3,PT09M17.00S,shootingFoul2,attemptEquivalent,1,2,
0022500756,1630241,S. Merrill,1610612739,CLE,3,PT08M02.00S,shootingFoul2,attemptEquivalent,2,2,
0022500756,1631342,D. Plowden,1610612758,SAC,3,PT07M27.00S,shootingFoul2,attemptEquivalent,2,2,
0022500756,1641854,C. Porter Jr.,1610612739,CLE,3,PT05M15.00S,shootingFoul2,attemptEquivalent,1,2,
0022500756,1642269,D. Carter,1610612758,SAC,3,PT00M34.00S,andOne,addOn,1,1,479
0022500756,1642875,M. Raynaud,1610612758,SAC,4,PT10M04.00S,shootingFoul2,attemptEquivalent,2,2,
0022500756,1628378,D. Mitchell,1610612739,CLE,4,PT08M25.00S,andOne,addOn,1,1,544
0022500756,1641854,C. Porter Jr.,1610612739,CLE,4,PT07M25.00S,shootingFoul2,attemptEquivalent,1,2,
0022500756,201942,D. DeRozan,1610612758,SAC,4,PT06M50.00S,shootingFoul2,attemptEquivalent,2,2,
0022500756,1628386,J. Allen,1610612739,CLE,4,PT06M01.00S,shootingFoul2,attemptEquivalent,2,2,
0022500756,1628386,J. Allen,1610612739,CLE,4,PT03M43.00S,bonus,attemptEquivalent,2,2,
0022500756,1628378,D. Mitchell,1610612739,CLE,4,PT01M46.00S,bonus,attemptEquivalent,2,2,
0022500756,1628378,D. Mitchell,1610612739,CLE,4,PT00M35.60S,bonus,attemptEquivalent,2,2,
0022500756,201935,J. Harden,1610612739,CLE,4,PT00M21.90S,bonus,attemptEquivalent,2,2,
0022500756,201935,J. Harden,1610612739,CLE,4,PT00M10.90S,bonus,attemptEquivalent,2,2,
0022500758,1626181,N. Powell,1610612748,MIA,1,PT10M36.00S,shootingFoul2,attemptEquivalent,1,2,
0022500758,1641731,B. Coulibaly,1610612764,WAS,1,PT09M33.00S,shootingFoul2,attemptEquivalent,2,2,
0022500758,1626181,N. Powell,1610612748,MIA,1,PT06M11.00S,shootingFoul2,attemptEquivalent,2,2,
0022500758,1642276,K. Ware,1610612748,MIA,1,PT04M17.00S,shootingFoul2,attemptEquivalent,2,2,
0022500758,1631323,S. Fontecchio,1610612748,MIA,1,PT01M14.00S,shootingFoul3,attemptEquivalent,3,3,
0022500758,1642259,A. Sarr,1610612764,WAS,2,PT06M59.00S,shootingFoul2,attemptEquivalent,0,2,
0022500758,1626181,N. Powell,1610612748,MIA,2,PT03M52.00S,shootingFoul2,attemptEquivalent,1,2,
0022500758,1642273,K. George,1610612764,WAS,2,PT02M36.00S,bonus,attemptEquivalent,2,2,
0022500758,1628389,B. Adebayo,1610612748,MIA,2,PT01M28.00S,andOne,addOn,1,1,334
0022500758,1626181,N. Powell,1610612748,MIA,2,PT01M03.00S,shootingFoul2,attemptEquivalent,2,2,
0022500758,1630551,J. Champagnie,1610612764,WAS,3,PT11M23.00S,shootingFoul2,attemptEquivalent,2,2,
0022500758,1630551,J. Champagnie,1610612764,WAS,3,PT06M25.00S,shootingFoul2,attemptEquivalent,2,2,
0022500758,1642364,J. Watkins,1610612764,WAS,4,PT10M10.00S,andOne,addOn,0,1,568
0022500758,1642364,J. Watkins,1610612764,WAS,4,PT05M36.00S,flagrant,addOn,1,2,
0022500758,1630536,S. Cooper,1610612764,WAS,4,PT03M43.00S,andOne,addOn,0,1,658
0022500758,1630536,S. Cooper,1610612764,WAS,4,PT01M44.00S,shootingFoul2,attemptEquivalent,2,2,
0022500763,203994,J. Nurkić,1610612762,UTA,1,PT10M58.00S,shootingFoul2,attemptEquivalent,1,2,
0022500763,1631323,S. Fontecchio,1610612748,MIA,1,PT08M13.00S,flagrant,addOn,3,3,
0022500763,1642846,A. Bailey,1610612762,UTA,1,PT04M57.00S,shootingFoul2,attemptEquivalent,2,2,
0022500763,1642271,K. Filipowski,1610612762,UTA,1,PT02M36.00S,shootingFoul2,attemptEquivalent,2,2,
0022500763,1628374,L. Markkanen,1610612762,UTA,1,PT01M24.00S,shootingFoul2,attemptEquivalent,2,2,
0022500763,1642276,K. Ware,1610612748,MIA,2,PT10M28.00S,shootingFoul2,attemptEquivalent,1,2,
0022500763,1642268,I. Collier,1610612762,UTA,2,PT07M56.00S,shootingFoul2,attemptEquivalent,2,2,
0022500763,1628991,J. Jackson Jr.,1610612762,UTA,2,PT06M38.00S,shootingFoul2,attemptEquivalent,1,2,
0022500763,1628991,J. Jackson Jr.,1610612762,UTA,2,PT05M14.00S,shootingFoul2,attemptEquivalent,2,2,
0022500763,1628991,J. Jackson Jr.,1610612762,UTA,2,PT04M36.00S,shootingFoul2,attemptEquivalent,2,2,
0022500763,203952,A. Wiggins,1610612748,MIA,2,PT04M29.00S,shootingFoul2,attemptEquivalent,1,2,
0022500763,1630558,D. Mitchell,1610612748,MIA,2,PT03M09.00S,shootingFoul2,attemptEquivalent,2,2,
0022500763,203994,J. Nurkić,1610612762,UTA,2,PT02M24.00S,bonus,attemptEquivalent,0,2,
0022500763,1628389,B. Adebayo,1610612748,MIA,2,PT01M00.00S,bonus,attemptEquivalent,0,2,
0022500763,1628389,B. Adebayo,1610612748,MIA,2,PT00M03.10S,bonus,attemptEquivalent,2,2,
0022500763,1631323,S. Fontecchio,1610612748,MIA,3,PT11M49.00S,shootingFoul3,attemptEquivalent,3,3,
0022500763,1628991,J. Jackson Jr.,1610612762,UTA,3,PT10M25.00S,andOne,addOn,1,1,406
0022500763,1630558,D. Mitchell,1610612748,MIA,3,PT10M05.00S,shootingFoul2,attemptEquivalent,1,2,
0022500763,203952,A. Wiggins,1610612748,MIA,3,PT09M58.00S,shootingFoul2,attemptEquivalent,2,2,
0022500763,1628389,B. Adebayo,1610612748,MIA,3,PT06M45.00S,shootingFoul2,attemptEquivalent,2,2,
0022500763,1631107,N. Jović,1610612748,MIA,3,PT06M12.00S,shootingFoul2,attemptEquivalent,0,2,
0022500763,1630558,D. Mitchell,1610612748,MIA,3,PT05M31.00S,shootingFoul2,attemptEquivalent,2,2,
0022500763,1628374,L. Markkanen,1610612762,UTA,3,PT05M16.00S,shootingFoul2,attemptEquivalent,2,2,
0022500763,1641729,B. Sensabaugh,1610612762,UTA,3,PT03M59.00S,shootingFoul2,attemptEquivalent,2,2,
0022500763,1628389,B. Adebayo,1610612748,MIA,3,PT03M40.00S,andOne,addOn,1,1,497
0022500763,1631170,J. Jaquez Jr.,1610612748,MIA,3,PT01M33.00S,shootingFoul2,attemptEquivalent,2,2,
0022500763,1642271,K. Filipowski,1610612762,UTA,3,PT01M22.00S,shootingFoul2,attemptEquivalent,2,2,
0022500763,1630696,D. Smith,1610612748,MIA,3,PT00M45.90S,shootingFoul2,attemptEquivalent,2,2,
0022500763,1642271,K. Filipowski,1610612762,UTA,4,PT11M43.00S,shootingFoul2,attemptEquivalent,2,2,
0022500763,1631170,J. Jaquez Jr.,1610612748,MIA,4,PT11M06.00S,shootingFoul2,attemptEquivalent,1,2,
0022500763,1631170,J. Jaquez Jr.,1610612748,MIA,4,PT09M27.00S,shootingFoul2,attemptEquivalent,2,2,
0022500763,1631170,J. Jaquez Jr.,1610612748,MIA,4,PT09M08.00S,shootingFoul2,attemptEquivalent,1,2,
0022500763,203952,A. Wiggins,1610612748,MIA,4,PT07M25.00S,shootingFoul2,attemptEquivalent,1,2,
0022500763,203952,A. Wiggins,1610612748,MIA,4,PT04M55.00S,shootingFoul2,attemptEquivalent,0,2,
0022500763,1642271,K. Filipowski,1610612762,UTA,4,PT03M51.00S,shootingFoul2,attemptEquivalent,2,2,
0022500763,1628389,B. Adebayo,1610612748,MIA,4,PT03M07.00S,bonus,attemptEquivalent,1,2,
0022500763,1628389,B. Adebayo,1610612748,MIA,4,PT01M46.00S,andOne,addOn,0,1,688
0022500763,1641729,B. Sensabaugh,1610612762,UTA,4,PT00M03.00S,bonus,attemptEquivalent,2,2,
0022500766,1642363,N. Clifford,1610612758,SAC,1,PT10M59.00S,shootingFoul2,attemptEquivalent,1,2,
0022500766,201942,D. DeRozan,1610612758,SAC,1,PT05M13.00S,shootingFoul2,attemptEquivalent,2,2,
0022500766,1629627,Z. Williamson,1610612740,NOP,1,PT01M37.00S,shootingFoul2,attemptEquivalent,2,2,
0022500766,1642875,M. Raynaud,1610612758,SAC,2,PT08M15.00S,shootingFoul2,attemptEquivalent,1,2,
0022500766,1642875,M. Raynaud,1610612758,SAC,2,PT04M39.00S,shootingFoul2,attemptEquivalent,2,2,
0022500766,1631255,K. Matković,1610612740,NOP,2,PT04M29.00S,shootingFoul2,attemptEquivalent,2,2,
0022500766,1630180,S. Bey,1610612740,NOP,2,PT03M08.00S,shootingFoul2,attemptEquivalent,1,2,
0022500766,1629627,Z. Williamson,1610612740,NOP,3,PT11M42.00S,shootingFoul2,attemptEquivalent,2,2,
0022500766,201566,R. Westbrook,1610612758,SAC,3,PT06M46.00S,shootingFoul2,attemptEquivalent,2,2,
0022500766,1630529,H. Jones,1610612740,NOP,3,PT05M53.00S,shootingFoul2,attemptEquivalent,0,2,
0022500766,1642847,J. Fears,1610612740,NOP,3,PT03M07.00S,shootingFoul2,attemptEquivalent,2,2,
0022500766,1642269,D. Carter,1610612758,SAC,3,PT02M08.00S,shootingFoul2,attemptEquivalent,0,2,
0022500766,1642274,Y. Missi,1610612740,NOP,3,PT01M01.00S,andOne,addOn,0,1,516
0022500766,1642274,Y. Missi,1610612740,NOP,4,PT10M27.00S,shootingFoul2,attemptEquivalent,1,2,
0022500766,1642875,M. Raynaud,1610612758,SAC,4,PT00M18.60S,shootingFoul2,attemptEquivalent,2,2,
0022500767,1631124,J. Strawther,1610612743,DEN,1,PT10M14.00S,andOne,addOn,1,1,23
0022500767,203999,N. Jokić,1610612743,DEN,1,PT03M34.00S,bonus,attemptEquivalent,2,2,
0022500767,1628378,D. Mitchell,1610612739,CLE,1,PT03M25.00S,andOne,addOn,0,1,125
0022500767,1627750,J. Murray,1610612743,DEN,1,PT02M11.00S,shootingFoul2,attemptEquivalent,2,2,
0022500767,202685,J. Valančiūnas,1610612743,DEN,1,PT01M47.00S,bonus,attemptEquivalent,2,2,
0022500767,202685,J. Valančiūnas,1610612743,DEN,1,PT00M12.90S,bonus,attemptEquivalent,2,2,
0022500767,1628378,D. Mitchell,1610612739,CLE,2,PT08M55.00S,shootingFoul2,attemptEquivalent,2,2,
0022500767,1628971,B. Brown,1610612743,DEN,2,PT03M58.00S,shootingFoul2,attemptEquivalent,1,2,
0022500767,1628378,D. Mitchell,1610612739,CLE,2,PT03M08.00S,andOne,addOn,1,1,304
0022500767,201935,J. Harden,1610612739,CLE,2,PT00M51.10S,shootingFoul3,attemptEquivalent,3,3,
0022500767,203999,N. Jokić,1610612743,DEN,3,PT10M19.00S,shootingFoul2,attemptEquivalent,1,2,
0022500767,203999,N. Jokić,1610612743,DEN,3,PT09M55.00S,shootingFoul2,attemptEquivalent,2,2,
0022500767,201935,J. Harden,1610612739,CLE,3,PT08M13.00S,andOne,addOn,1,1,398
0022500767,201935,J. Harden,1610612739,CLE,3,PT04M16.00S,shootingFoul2,attemptEquivalent,2,2,
0022500767,203501,T. Hardaway Jr.,1610612743,DEN,3,PT03M43.00S,shootingFoul2,attemptEquivalent,1,2,
0022500767,203471,D. Schröder,1610612739,CLE,3,PT02M49.00S,shootingFoul2,attemptEquivalent,1,2,
0022500767,1628418,T. Bryant,1610612739,CLE,3,PT02M16.00S,bonus,attemptEquivalent,2,2,
0022500767,1627750,J. Murray,1610612743,DEN,3,PT02M04.00S,bonus,attemptEquivalent,2,2,
0022500767,202685,J. Valančiūnas,1610612743,DEN,3,PT01M31.00S,shootingFoul2,attemptEquivalent,2,2,
0022500767,1628378,D. Mitchell,1610612739,CLE,3,PT01M25.00S,bonus,attemptEquivalent,2,2,
0022500767,1631124,J. Strawther,1610612743,DEN,4,PT11M47.00S,shootingFoul2,attemptEquivalent,1,2,
0022500767,203999,N. Jokić,1610612743,DEN,4,PT10M54.00S,shootingFoul2,attemptEquivalent,2,2,
0022500767,1628386,J. Allen,1610612739,CLE,4,PT09M49.00S,shootingFoul2,attemptEquivalent,1,2,
0022500767,203999,N. Jokić,1610612743,DEN,4,PT08M11.00S,shootingFoul2,attemptEquivalent,1,2,
0022500767,1631128,C. Braun,1610612743,DEN,4,PT07M28.00S,shootingFoul2,attemptEquivalent,2,2,
0022500767,202685,J. Valančiūnas,1610612743,DEN,4,PT05M52.00S,shootingFoul2,attemptEquivalent,0,2,
0022500767,202685,J. Valančiūnas,1610612743,DEN,4,PT04M25.00S,bonus,attemptEquivalent,2,2,
0022500767,1628386,J. Allen,1610612739,CLE,4,PT03M24.00S,shootingFoul2,attemptEquivalent,1,2,
0022500767,203999,N. Jokić,1610612743,DEN,4,PT01M47.00S,shootingFoul2,attemptEquivalent,2,2,
0022500767,1628378,D. Mitchell,1610612739,CLE,4,PT00M00.90S,bonus,attemptEquivalent,2,2,
0022500776,1628378,D. Mitchell,1610612739,CLE,1,PT11M11.00S,shootingFoul2,attemptEquivalent,2,2,
0022500776,1641731,B. Coulibaly,1610612764,WAS,1,PT10M28.00S,shootingFoul2,attemptEquivalent,1,2,
0022500776,201935,J. Harden,1610612739,CLE,1,PT09M49.00S,shootingFoul2,attemptEquivalent,2,2,
0022500776,201935,J. Harden,1610612739,CLE,1,PT09M21.00S,shootingFoul2,attemptEquivalent,2,2,
0022500776,1642273,K. George,1610612764,WAS,1,PT08M40.00S,shootingFoul2,attemptEquivalent,2,2,
0022500776,1642364,J. Watkins,1610612764,WAS,1,PT07M43.00S,shootingFoul2,attemptEquivalent,0,2,
0022500776,1642273,K. George,1610612764,WAS,1,PT06M50.00S,shootingFoul2,attemptEquivalent,2,2,
0022500776,1628386,J. Allen,1610612739,CLE,1,PT05M32.00S,shootingFoul2,attemptEquivalent,2,2,
0022500776,1642273,K. George,1610612764,WAS,1,PT04M53.00S,bonus,attemptEquivalent,2,2,
0022500776,201935,J. Harden,1610612739,CLE,1,PT04M46.00S,shootingFoul3,attemptEquivalent,2,3,
0022500776,1631165,K. Ellis,1610612739,CLE,1,PT03M03.00S,bonus,attemptEquivalent,1,2,
0022500776,1642273,K. George,1610612764,WAS,1,PT02M51.00S,bonus,attemptEquivalent,2,2,
0022500776,1628418,T. Bryant,1610612739,CLE,1,PT02M36.00S,bonus,attemptEquivalent,2,2,
0022500776,203471,D. Schröder,1610612739,CLE,2,PT09M48.00S,shootingFoul2,attemptEquivalent,2,2,
0022500776,203471,D. Schröder,1610612739,CLE,2,PT09M31.00S,shootingFoul2,attemptEquivalent,2,2,
0022500776,201935,J. Harden,1610612739,CLE,2,PT04M21.00S,shootingFoul3,attemptEquivalent,2,3,
0022500776,1630241,S. Merrill,1610612739,CLE,2,PT03M33.00S,andOne,addOn,1,1,332
0022500776,1641731,B. Coulibaly,1610612764,WAS,3,PT11M18.00S,andOne,addOn,1,1,393
0022500776,1628378,D. Mitchell,1610612739,CLE,3,PT09M10.00S,shootingFoul2,attemptEquivalent,2,2,
0022500776,1628386,J. Allen,1610612739,CLE,3,PT08M00.00S,shootingFoul2,attemptEquivalent,1,2,
0022500776,201935,J. Harden,1610612739,CLE,3,PT07M13.00S,shootingFoul2,attemptEquivalent,2,2,
0022500776,1642281,J. Tyson,1610612739,CLE,3,PT06M34.00S,shootingFoul2,attemptEquivalent,2,2,
0022500776,1642281,J. Tyson,1610612739,CLE,3,PT06M08.00S,shootingFoul2,attemptEquivalent,1,2,
0022500776,1642860,W. Riley,1610612764,WAS,3,PT01M12.00S,shootingFoul2,attemptEquivalent,2,2,
0022500776,1630702,J. Hardy,1610612764,WAS,4,PT11M04.00S,shootingFoul2,attemptEquivalent,2,2,
0022500776,1628378,D. Mitchell,1610612739,CLE,4,PT10M12.00S,andOne,addOn,1,1,589
0022500776,1628386,J. Allen,1610612739,CLE,4,PT05M55.00S,shootingFoul2,attemptEquivalent,2,2,
0022500786,1628991,J. Jackson Jr.,1610612762,UTA,1,PT09M13.00S,andOne,addOn,1,1,37
0022500786,1642363,N. Clifford,1610612758,SAC,1,PT05M21.00S,shootingFoul2,attemptEquivalent,1,2,
0022500786,1628991,J. Jackson Jr.,1610612762,UTA,1,PT02M58.00S,shootingFoul2,attemptEquivalent,2,2,
0022500786,1631342,D. Plowden,1610612758,SAC,1,PT01M19.00S,shootingFoul2,attemptEquivalent,2,2,
0022500786,201942,D. DeRozan,1610612758,SAC,2,PT10M03.00S,shootingFoul2,attemptEquivalent,2,2,
0022500786,1642269,D. Carter,1610612758,SAC,2,PT05M44.00S,shootingFoul2,attemptEquivalent,2,2,
0022500786,1628991,J. Jackson Jr.,1610612762,UTA,2,PT03M59.00S,shootingFoul2,attemptEquivalent,2,2,
0022500786,1642269,D. Carter,1610612758,SAC,2,PT03M53.00S,bonus,attemptEquivalent,2,2,
0022500786,1628374,L. Markkanen,1610612762,UTA,2,PT03M35.00S,shootingFoul2,attemptEquivalent,2,2,
0022500786,1628374,L. Markkanen,1610612762,UTA,2,PT02M38.00S,shootingFoul2,attemptEquivalent,2,2,
0022500786,1642269,D. Carter,1610612758,SAC,2,PT02M02.00S,shootingFoul2,attemptEquivalent,1,2,
0022500786,1642269,D. Carter,1610612758,SAC,2,PT01M33.00S,shootingFoul2,attemptEquivalent,1,2,
0022500786,1642363,N. Clifford,1610612758,SAC,3,PT11M52.00S,andOne,addOn,1,1,351
0022500786,1642928,D. Cardwell,1610612758,SAC,3,PT10M01.00S,shootingFoul2,attemptEquivalent,1,2,
0022500786,201942,D. DeRozan,1610612758,SAC,3,PT08M07.00S,shootingFoul2,attemptEquivalent,2,2,
0022500786,1642875,M. Raynaud,1610612758,SAC,3,PT05M06.00S,andOne,addOn,1,1,433
0022500786,1642269,D. Carter,1610612758,SAC,3,PT04M09.00S,shootingFoul2,attemptEquivalent,2,2,
0022500786,1628991,J. Jackson Jr.,1610612762,UTA,3,PT03M03.00S,shootingFoul2,attemptEquivalent,1,2,
0022500786,1642363,N. Clifford,1610612758,SAC,4,PT05M13.00S,shootingFoul2,attemptEquivalent,2,2,
0022500786,1642269,D. Carter,1610612758,SAC,4,PT02M32.00S,shootingFoul2,attemptEquivalent,2,2,
0022500786,1642271,K. Filipowski,1610612762,UTA,4,PT01M21.00S,shootingFoul2,attemptEquivalent,2,2,
0022500786,1642928,D. Cardwell,1610612758,SAC,4,PT00M41.20S,shootingFoul2,attemptEquivalent,1,2,
0022500790,1642271,K. Filipowski,1610612762,UTA,1,PT09M54.00S,shootingFoul2,attemptEquivalent,1,2,
0022500790,1642270,D. Clingan,1610612757,POR,1,PT09M18.00S,shootingFoul2,attemptEquivalent,2,2,
0022500790,1642270,D. Clingan,1610612757,POR,1,PT07M46.00S,shootingFoul2,attemptEquivalent,1,2,
0022500790,1642268,I. Collier,1610612762,UTA,1,PT06M02.00S,shootingFoul2,attemptEquivalent,1,2,
0022500790,1642268,I. Collier,1610612762,UTA,1,PT04M21.00S,shootingFoul2,attemptEquivalent,1,2,
0022500790,1642905,H. Yang,1610612757,POR,1,PT04M08.00S,shootingFoul2,attemptEquivalent,2,2,
0022500790,1641729,B. Sensabaugh,1610612762,UTA,1,PT03M53.00S,shootingFoul2,attemptEquivalent,1,2,
0022500790,1629723,J. Konchar,1610612762,UTA,1,PT03M04.00S,shootingFoul2,attemptEquivalent,2,2,
0022500790,1630249,V. Krejčí,1610612757,POR,2,PT11M32.00S,andOne,addOn,1,1,190
0022500790,1630249,V. Krejčí,1610612757,POR,2,PT10M18.00S,andOne,addOn,0,1,204
0022500790,201950,J. Holiday,1610612757,POR,2,PT09M36.00S,shootingFoul2,attemptEquivalent,2,2,
0022500790,1641729,B. Sensabaugh,1610612762,UTA,2,PT08M17.00S,andOne,addOn,1,1,253
0022500790,1641739,T. Camara,1610612757,POR,2,PT08M03.00S,shootingFoul2,attemptEquivalent,0,2,
0022500790,1641729,B. Sensabaugh,1610612762,UTA,2,PT04M34.00S,andOne,addOn,1,1,313
0022500790,1642271,K. Filipowski,1610612762,UTA,2,PT03M22.00S,shootingFoul2,attemptEquivalent,1,2,
0022500790,1642268,I. Collier,1610612762,UTA,2,PT01M13.00S,shootingFoul2,attemptEquivalent,2,2,
0022500790,203924,J. Grant,1610612757,POR,3,PT10M51.00S,shootingFoul2,attemptEquivalent,2,2,
0022500790,1642270,D. Clingan,1610612757,POR,3,PT09M57.00S,andOne,addOn,0,1,402
0022500790,201950,J. Holiday,1610612757,POR,3,PT09M18.00S,andOne,addOn,1,1,412
0022500790,1642270,D. Clingan,1610612757,POR,3,PT07M01.00S,shootingFoul2,attemptEquivalent,2,2,
0022500790,1642268,I. Collier,1610612762,UTA,3,PT06M31.00S,shootingFoul2,attemptEquivalent,2,2,
0022500790,1641729,B. Sensabaugh,1610612762,UTA,3,PT05M18.00S,shootingFoul2,attemptEquivalent,2,2,
0022500790,1630703,S. Henderson,1610612757,POR,3,PT05M09.00S,bonus,attemptEquivalent,2,2,
0022500790,1629723,J. Konchar,1610612762,UTA,3,PT04M58.00S,andOne,addOn,0,1,492
0022500790,201950,J. Holiday,1610612757,POR,3,PT04M32.00S,bonus,attemptEquivalent,1,2,
0022500790,201950,J. Holiday,1610612757,POR,3,PT04M11.00S,bonus,attemptEquivalent,2,2,
0022500790,1630703,S. Henderson,1610612757,POR,3,PT03M43.00S,shootingFoul2,attemptEquivalent,2,2,
0022500790,1642268,I. Collier,1610612762,UTA,3,PT02M56.00S,bonus,attemptEquivalent,2,2,
0022500790,1642268,I. Collier,1610612762,UTA,3,PT00M37.20S,shootingFoul2,attemptEquivalent,1,2,
0022500790,1630703,S. Henderson,1610612757,POR,3,PT00M31.00S,bonus,attemptEquivalent,1,2,
0022500790,1642262,C. Williams,1610612762,UTA,4,PT10M16.00S,andOne,addOn,1,1,602
0022500790,1642270,D. Clingan,1610612757,POR,4,PT04M50.00S,shootingFoul2,attemptEquivalent,2,2,
0022500790,1641729,B. Sensabaugh,1610612762,UTA,4,PT02M06.00S,shootingFoul2,attemptEquivalent,1,2,
0022500790,1631321,S. Cissoko,1610612757,POR,4,PT00M50.60S,andOne,addOn,1,1,728
0022500790,1641729,B. Sensabaugh,1610612762,UTA,4,PT00M34.80S,andOne,addOn,1,1,743
0022500793,1628386,J. Allen,1610612739,CLE,1,PT11M45.00S,shootingFoul2,attemptEquivalent,1,2,
0022500793,1628386,J. Allen,1610612739,CLE,1,PT09M50.00S,shootingFoul2,attemptEquivalent,1,2,
0022500793,1629008,M. Porter Jr.,1610612751,BKN,1,PT07M56.00S,shootingFoul2,attemptEquivalent,2,2,
0022500793,1628386,J. Allen,1610612739,CLE,1,PT04M29.00S,bonus,attemptEquivalent,2,2,
0022500793,203471,D. Schröder,1610612739,CLE,2,PT08M35.00S,shootingFoul2,attemptEquivalent,1,2,
0022500793,201935,J. Harden,1610612739,CLE,2,PT07M25.00S,shootingFoul2,attemptEquivalent,1,2,
0022500793,1628386,J. Allen,1610612739,CLE,2,PT06M52.00S,shootingFoul2,attemptEquivalent,0,2,
0022500793,1628386,J. Allen,1610612739,CLE,2,PT04M25.00S,bonus,attemptEquivalent,1,2,
0022500793,1628378,D. Mitchell,1610612739,CLE,2,PT01M26.00S,andOne,addOn,1,1,312
0022500793,1630549,D. Sharpe,1610612751,BKN,3,PT10M35.00S,shootingFoul2,attemptEquivalent,2,2,
0022500793,1642849,N. Traore,1610612751,BKN,3,PT07M17.00S,shootingFoul2,attemptEquivalent,1,2,
0022500793,1642281,J. Tyson,1610612739,CLE,3,PT04M49.00S,shootingFoul2,attemptEquivalent,2,2,
0022500793,203471,D. Schröder,1610612739,CLE,3,PT01M09.00S,shootingFoul2,attemptEquivalent,2,2,
0022500793,1642874,D. Wolf,1610612751,BKN,4,PT10M41.00S,shootingFoul2,attemptEquivalent,1,2,
0022500793,1629611,T. Mann,1610612751,BKN,4,PT10M00.00S,shootingFoul2,attemptEquivalent,1,2,
0022500793,1642874,D. Wolf,1610612751,BKN,4,PT07M17.00S,shootingFoul2,attemptEquivalent,0,2,
0022500793,1642400,T. Enaruna,1610612739,CLE,4,PT05M29.00S,andOne,addOn,0,1,589
0022500793,1642856,E. Dëmin,1610612751,BKN,4,PT01M09.00S,bonus,attemptEquivalent,2,2,
0022500795,1630643,J. Huff,1610612754,IND,1,PT11M06.00S,shootingFoul2,attemptEquivalent,2,2,
0022500795,1641774,T. Vukcevic,1610612764,WAS,1,PT08M43.00S,shootingFoul2,attemptEquivalent,2,2,
0022500795,1642848,T. Johnson,1610612764,WAS,1,PT06M59.00S,shootingFoul2,attemptEquivalent,2,2,
0022500795,1630643,J. Huff,1610612754,IND,1,PT06M10.00S,shootingFoul2,attemptEquivalent,2,2,
0022500795,1642860,W. Riley,1610612764,WAS,1,PT04M24.00S,andOne,addOn,1,1,116
0022500795,1642860,W. Riley,1610612764,WAS,1,PT01M26.00S,shootingFoul2,attemptEquivalent,1,2,
0022500795,1641716,J. Walker,1610612754,IND,1,PT00M34.60S,shootingFoul2,attemptEquivalent,1,2,
0022500795,1630643,J. Huff,1610612754,IND,2,PT08M29.00S,shootingFoul2,attemptEquivalent,2,2,
0022500795,1642955,K. Richmond,1610612764,WAS,2,PT05M51.00S,andOne,addOn,1,1,246
0022500795,1630174,A. Nesmith,1610612754,IND,2,PT00M58.50S,shootingFoul2,attemptEquivalent,2,2,
0022500795,1641731,B. Coulibaly,1610612764,WAS,3,PT11M41.00S,shootingFoul2,attemptEquivalent,1,2,
0022500795,1641731,B. Coulibaly,1610612764,WAS,3,PT11M18.00S,shootingFoul2,attemptEquivalent,2,2,
0022500795,1630643,J. Huff,1610612754,IND,3,PT10M22.00S,shootingFoul2,attemptEquivalent,2,2,
0022500795,1641716,J. Walker,1610612754,IND,3,PT09M59.00S,shootingFoul2,attemptEquivalent,2,2,
0022500795,1642267,B. Carrington,1610612764,WAS,3,PT06M20.00S,shootingFoul2,attemptEquivalent,0,2,
0022500795,1643007,T. Peter,1610612754,IND,3,PT05M04.00S,shootingFoul2,attemptEquivalent,1,2,
0022500795,1642955,K. Richmond,1610612764,WAS,3,PT02M46.00S,shootingFoul2,attemptEquivalent,2,2,
0022500795,1630695,M. Potter,1610612754,IND,3,PT02M26.00S,shootingFoul2,attemptEquivalent,2,2,
0022500795,1643007,T. Peter,1610612754,IND,3,PT01M36.00S,bonus,attemptEquivalent,0,2,
0022500795,1641716,J. Walker,1610612754,IND,3,PT01M10.00S,bonus,attemptEquivalent,1,2,
0022500795,1641716,J. Walker,1610612754,IND,3,PT00M31.00S,bonus,attemptEquivalent,2,2,
0022500795,1631214,A. Williams,1610612764,WAS,4,PT08M43.00S,shootingFoul2,attemptEquivalent,1,2,
0022500795,1641716,J. Walker,1610612754,IND,4,PT05M51.00S,shootingFoul2,attemptEquivalent,2,2,
0022500795,1630536,S. Cooper,1610612764,WAS,4,PT00M10.50S,bonus,attemptEquivalent,2,2,
0022500800,201942,D. DeRozan,1610612758,SAC,1,PT10M23.00S,shootingFoul2,attemptEquivalent,1,2,
0022500800,201942,D. DeRozan,1610612758,SAC,1,PT07M27.00S,andOne,addOn,1,1,53
0022500800,1631094,P. Banchero,1610612753,ORL,1,PT05M57.00S,shootingFoul2,attemptEquivalent,2,2,
0022500800,1628370,M. Monk,1610612758,SAC,1,PT03M42.00S,shootingFoul2,attemptEquivalent,1,2,
0022500800,1629021,M. Wagner,1610612753,ORL,1,PT03M26.00S,shootingFoul2,attemptEquivalent,2,2,
0022500800,1642269,D. Carter,1610612758,SAC,1,PT02M36.00S,shootingFoul2,attemptEquivalent,2,2,
0022500800,1629021,M. Wagner,1610612753,ORL,1,PT01M24.00S,shootingFoul2,attemptEquivalent,0,2,
0022500800,1629021,M. Wagner,1610612753,ORL,2,PT09M23.00S,shootingFoul2,attemptEquivalent,2,2,
0022500800,1642363,N. Clifford,1610612758,SAC,2,PT09M06.00S,shootingFoul2,attemptEquivalent,2,2,
0022500800,1628370,M. Monk,1610612758,SAC,2,PT08M49.00S,transitionTake,addOn,0,1,
0022500800,1631094,P. Banchero,1610612753,ORL,2,PT08M29.00S,andOne,addOn,1,1,235
0022500800,1628975,J. Carter,1610612753,ORL,2,PT08M07.00S,transitionTake,addOn,1,1,
0022500800,1631094,P. Banchero,1610612753,ORL,2,PT06M32.00S,shootingFoul2,attemptEquivalent,2,2,
0022500800,201942,D. DeRozan,1610612758,SAC,2,PT04M11.00S,shootingFoul2,attemptEquivalent,2,2,
0022500800,1642875,M. Raynaud,1610612758,SAC,3,PT11M20.00S,andOne,addOn,1,1,373
0022500800,1630217,D. Bane,1610612753,ORL,3,PT07M35.00S,andOne,addOn,0,1,406
0022500800,201942,D. DeRozan,1610612758,SAC,3,PT06M35.00S,shootingFoul2,attemptEquivalent,2,2,
0022500800,1642269,D. Carter,1610612758,SAC,3,PT04M25.00S,shootingFoul2,attemptEquivalent,2,2,
0022500800,1642269,D. Carter,1610612758,SAC,3,PT01M32.00S,shootingFoul2,attemptEquivalent,1,2,
0022500800,1630217,D. Bane,1610612753,ORL,3,PT00M59.30S,shootingFoul2,attemptEquivalent,2,2,
0022500800,1629021,M. Wagner,1610612753,ORL,3,PT00M05.00S,shootingFoul2,attemptEquivalent,2,2,
0022500802,1628386,J. Allen,1610612739,CLE,1,PT11M14.00S,shootingFoul2,attemptEquivalent,2,2,
0022500802,1628378,D. Mitchell,1610612739,CLE,1,PT10M37.00S,shootingFoul2,attemptEquivalent,1,2,
0022500802,1630163,L. Ball,1610612766,CHA,1,PT09M31.00S,shootingFoul2,attemptEquivalent,2,2,
0022500802,1630163,L. Ball,1610612766,CHA,1,PT07M14.00S,shootingFoul2,attemptEquivalent,2,2,
0022500802,201935,J. Harden,1610612739,CLE,1,PT05M13.00S,shootingFoul2,attemptEquivalent,2,2,
0022500802,1628386,J. Allen,1610612739,CLE,1,PT04M38.00S,andOne,addOn,1,1,99
0022500802,1628378,D. Mitchell,1610612739,CLE,1,PT01M34.00S,shootingFoul3,attemptEquivalent,3,3,
0022500802,1628378,D. Mitchell,1610612739,CLE,1,PT00M57.80S,bonus,attemptEquivalent,2,2,
0022500802,1641772,N. Tomlin,1610612739,CLE,2,PT10M12.00S,shootingFoul2,attemptEquivalent,2,2,
0022500802,1630182,J. Green,1610612766,CHA,2,PT01M38.00S,andOne,addOn,1,1,304
0022500802,1628378,D. Mitchell,1610612739,CLE,2,PT01M02.00S,shootingFoul2,attemptEquivalent,2,2,
0022500802,1641750,R. Kalkbrenner,1610612766,CHA,2,PT00M44.30S,bonus,attemptEquivalent,2,2,
0022500802,1642851,K. Knueppel,1610612766,CHA,2,PT00M16.00S,bonus,attemptEquivalent,2,2,
0022500802,1642851,K. Knueppel,1610612766,CHA,3,PT11M44.00S,andOne,addOn,0,1,349
0022500802,1628386,J. Allen,1610612739,CLE,3,PT09M49.00S,shootingFoul2,attemptEquivalent,1,2,
0022500802,1630163,L. Ball,1610612766,CHA,3,PT09M31.00S,shootingFoul2,attemptEquivalent,2,2,
0022500802,203471,D. Schröder,1610612739,CLE,3,PT04M38.00S,shootingFoul2,attemptEquivalent,2,2,
0022500802,1630182,J. Green,1610612766,CHA,3,PT03M32.00S,shootingFoul2,attemptEquivalent,2,2,
0022500802,203471,D. Schröder,1610612739,CLE,3,PT01M21.00S,bonus,attemptEquivalent,2,2,
0022500802,1642883,S. James,1610612766,CHA,3,PT00M14.30S,shootingFoul2,attemptEquivalent,2,2,
0022500802,1630163,L. Ball,1610612766,CHA,4,PT10M46.00S,shootingFoul2,attemptEquivalent,2,2,
0022500802,1641706,B. Miller,1610612766,CHA,4,PT05M48.00S,andOne,addOn,1,1,596
0022500802,201935,J. Harden,1610612739,CLE,4,PT03M37.00S,shootingFoul2,attemptEquivalent,2,2,
0022500802,1642851,K. Knueppel,1610612766,CHA,4,PT01M28.00S,shootingFoul2,attemptEquivalent,2,2,
0022500802,1641706,B. Miller,1610612766,CHA,4,PT00M58.00S,andOne,addOn,1,1,649
0022500802,1628378,D. Mitchell,1610612739,CLE,4,PT00M23.20S,bonus,attemptEquivalent,2,2,
0022500802,1628378,D. Mitchell,1610612739,CLE,4,PT00M15.30S,bonus,attemptEquivalent,2,2,
0022500803,1630643,J. Huff,1610612754,IND,1,PT09M58.00S,shootingFoul2,attemptEquivalent,1,2,
0022500803,1641767,B. Sheppard,1610612754,IND,1,PT08M35.00S,shootingFoul2,attemptEquivalent,1,2,
0022500803,1642860,W. Riley,1610612764,WAS,1,PT03M48.00S,shootingFoul2,attemptEquivalent,2,2,
0022500803,1630536,S. Cooper,1610612764,WAS,1,PT03M20.00S,shootingFoul2,attemptEquivalent,1,2,
0022500803,1631245,Q. Jackson,1610612754,IND,1,PT02M43.00S,bonus,attemptEquivalent,2,2,
0022500803,1642860,W. Riley,1610612764,WAS,1,PT00M59.80S,shootingFoul3,attemptEquivalent,1,3,
0022500803,1630264,A. Gill,1610612764,WAS,2,PT11M00.00S,shootingFoul2,attemptEquivalent,1,2,
0022500803,1631214,A. Williams,1610612764,WAS,2,PT10M33.00S,andOne,addOn,1,1,204
0022500803,1631245,Q. Jackson,1610612754,IND,2,PT10M02.00S,shootingFoul2,attemptEquivalent,2,2,
0022500803,1641767,B. Sheppard,1610612754,IND,2,PT06M55.00S,shootingFoul2,attemptEquivalent,1,2,
0022500803,1641716,J. Walker,1610612754,IND,2,PT04M00.00S,shootingFoul2,attemptEquivalent,1,2,
0022500803,1641716,J. Walker,1610612754,IND,2,PT00M38.00S,shootingFoul2,attemptEquivalent,2,2,
0022500803,1642848,T. Johnson,1610612764,WAS,2,PT00M04.40S,andOne,addOn,1,1,359
0022500803,1642860,W. Riley,1610612764,WAS,3,PT06M17.00S,andOne,addOn,1,1,436
0022500803,1642860,W. Riley,1610612764,WAS,3,PT05M26.00S,shootingFoul2,attemptEquivalent,2,2,
0022500803,1631214,A. Williams,1610612764,WAS,3,PT03M49.00S,shootingFoul2,attemptEquivalent,2,2,
0022500803,1641738,K. Brown,1610612754,IND,3,PT02M05.00S,shootingFoul3,attemptEquivalent,2,3,
0022500803,1631214,A. Williams,1610612764,WAS,4,PT04M19.00S,shootingFoul2,attemptEquivalent,2,2,
0022500803,1642880,K. Jones,1610612754,IND,4,PT03M23.00S,shootingFoul2,attemptEquivalent,0,2,
0022500803,1630695,M. Potter,1610612754,IND,4,PT03M00.00S,shootingFoul2,attemptEquivalent,2,2,
0022500803,1630536,S. Cooper,1610612764,WAS,4,PT01M55.00S,andOne,addOn,1,1,644
0022500804,1643133,L. Lovering,1610612763,MEM,1,PT11M27.00S,shootingFoul2,attemptEquivalent,1,2,
0022500804,1641713,G. Jackson,1610612763,MEM,1,PT08M56.00S,shootingFoul2,attemptEquivalent,1,2,
0022500804,1642268,I. Collier,1610612762,UTA,1,PT05M55.00S,shootingFoul2,attemptEquivalent,2,2,
0022500804,1642285,C. Spencer,1610612763,MEM,1,PT01M57.00S,shootingFoul2,attemptEquivalent,2,2,
0022500804,1641989,E. Harkless,1610612762,UTA,1,PT01M00.00S,andOne,addOn,0,1,151
0022500804,1642271,K. Filipowski,1610612762,UTA,2,PT11M44.00S,andOne,addOn,1,1,182
0022500804,201567,K. Love,1610612762,UTA,2,PT07M36.00S,andOne,addOn,0,1,236
0022500804,1641713,G. Jackson,1610612763,MEM,2,PT06M27.00S,shootingFoul2,attemptEquivalent,1,2,
0022500804,1641713,G. Jackson,1610612763,MEM,2,PT04M56.00S,shootingFoul2,attemptEquivalent,0,2,
0022500804,203937,K. Anderson,1610612763,MEM,2,PT04M08.00S,shootingFoul2,attemptEquivalent,2,2,
0022500804,1642942,J. Mashack,1610612763,MEM,2,PT03M16.00S,shootingFoul2,attemptEquivalent,1,2,
0022500804,1642268,I. Collier,1610612762,UTA,2,PT01M27.00S,shootingFoul2,attemptEquivalent,1,2,
0022500804,1642377,J. Wells,1610612763,MEM,3,PT11M25.00S,shootingFoul2,attemptEquivalent,2,2,
0022500804,203937,K. Anderson,1610612763,MEM,3,PT02M42.00S,andOne,addOn,1,1,469
0022500804,1642914,J. Small,1610612763,MEM,3,PT02M28.00S,shootingFoul2,attemptEquivalent,0,2,
0022500804,1643133,L. Lovering,1610612763,MEM,3,PT01M20.00S,andOne,addOn,0,1,497
0022500804,1641765,O. Prosper,1610612763,MEM,4,PT07M54.00S,shootingFoul2,attemptEquivalent,1,2,
0022500804,1631246,V. Williams Jr.,1610612762,UTA,4,PT06M20.00S,shootingFoul2,attemptEquivalent,1,2,
0022500804,1641713,G. Jackson,1610612763,MEM,4,PT06M10.00S,shootingFoul2,attemptEquivalent,2,2,
0022500804,1642268,I. Collier,1610612762,UTA,4,PT01M51.00S,shootingFoul2,attemptEquivalent,1,2,
0022500804,1642262,C. Williams,1610612762,UTA,4,PT00M45.70S,shootingFoul2,attemptEquivalent,1,2,
0022500804,1641765,O. Prosper,1610612763,MEM,4,PT00M41.30S,bonus,attemptEquivalent,2,2,
0022500804,1642942,J. Mashack,1610612763,MEM,4,PT00M25.10S,bonus,attemptEquivalent,0,2,
0022500804,1642846,A. Bailey,1610612762,UTA,4,PT00M17.10S,shootingFoul3,attemptEquivalent,2,3,
0022500804,1642914,J. Small,1610612763,MEM,4,PT00M12.60S,bonus,attemptEquivalent,2,2,
0022500804,1642914,J. Small,1610612763,MEM,4,PT00M10.20S,bonus,attemptEquivalent,2,2,
0022500815,1631099,K. Murray,1610612758,SAC,1,PT04M42.00S,shootingFoul2,attemptEquivalent,2,2,
0022500815,1631099,K. Murray,1610612758,SAC,1,PT02M53.00S,shootingFoul3,attemptEquivalent,2,3,
0022500815,201942,D. DeRozan,1610612758,SAC,1,PT02M30.00S,shootingFoul2,attemptEquivalent,2,2,
0022500815,1642844,D. Harper,1610612759,SAS,1,PT02M14.00S,shootingFoul2,attemptEquivalent,2,2,
0022500815,201942,D. DeRozan,1610612758,SAC,1,PT00M33.70S,shootingFoul2,attemptEquivalent,2,2,
0022500815,203084,H. Barnes,1610612759,SAS,2,PT09M43.00S,andOne,addOn,1,1,197
0022500815,1642875,M. Raynaud,1610612758,SAC,2,PT09M01.00S,shootingFoul2,attemptEquivalent,2,2,
0022500815,1641705,V. Wembanyama,1610612759,SAS,2,PT06M45.00S,andOne,addOn,1,1,245
0022500815,1642264,S. Castle,1610612759,SAS,2,PT05M37.00S,shootingFoul2,attemptEquivalent,1,2,
0022500815,1642264,S. Castle,1610612759,SAS,2,PT05M17.00S,shootingFoul2,attemptEquivalent,2,2,
0022500815,1642264,S. Castle,1610612759,SAS,2,PT05M02.00S,shootingFoul2,attemptEquivalent,2,2,
0022500815,201942,D. DeRozan,1610612758,SAC,2,PT04M50.00S,shootingFoul2,attemptEquivalent,2,2,
0022500815,1628436,L. Kornet,1610612759,SAS,2,PT03M49.00S,shootingFoul2,attemptEquivalent,2,2,
0022500815,1629640,K. Johnson,1610612759,SAS,2,PT01M44.00S,shootingFoul2,attemptEquivalent,2,2,
0022500815,1628368,D. Fox,1610612759,SAS,2,PT01M28.00S,shootingFoul2,attemptEquivalent,1,2,
0022500815,201942,D. DeRozan,1610612758,SAC,2,PT01M08.00S,shootingFoul2,attemptEquivalent,2,2,
0022500815,1641705,V. Wembanyama,1610612759,SAS,3,PT11M31.00S,andOne,addOn,1,1,375
0022500815,1628368,D. Fox,1610612759,SAS,3,PT10M24.00S,shootingFoul2,attemptEquivalent,2,2,
0022500815,201942,D. DeRozan,1610612758,SAC,3,PT10M10.00S,shootingFoul2,attemptEquivalent,2,2,
0022500815,1641705,V. Wembanyama,1610612759,SAS,3,PT08M22.00S,shootingFoul2,attemptEquivalent,1,2,
0022500815,1642875,M. Raynaud,1610612758,SAC,3,PT08M16.00S,shootingFoul2,attemptEquivalent,2,2,
0022500815,1641705,V. Wembanyama,1610612759,SAS,3,PT06M45.00S,bonus,attemptEquivalent,2,2,
0022500815,1642264,S. Castle,1610612759,SAS,3,PT02M55.00S,shootingFoul2,attemptEquivalent,1,2,
0022500815,1629640,K. Johnson,1610612759,SAS,3,PT01M24.00S,bonus,attemptEquivalent,1,2,
0022500815,1631342,D. Plowden,1610612758,SAC,4,PT10M09.00S,shootingFoul2,attemptEquivalent,2,2,
0022500815,203926,D. McDermott,1610612758,SAC,4,PT03M54.00S,bonus,attemptEquivalent,2,2,
0022500815,1630173,P. Achiuwa,1610612758,SAC,4,PT01M25.00S,shootingFoul2,attemptEquivalent,1,2,
0022500817,1630198,I. Joe,1610612760,OKC,1,PT07M46.00S,shootingFoul2,attemptEquivalent,2,2,
0022500817,1628378,D. Mitchell,1610612739,CLE,1,PT02M54.00S,andOne,addOn,0,1,127
0022500817,1629652,L. Dort,1610612760,OKC,1,PT02M03.00S,andOne,addOn,0,1,140
0022500817,1642281,J. Tyson,1610612739,CLE,1,PT00M45.80S,shootingFoul2,attemptEquivalent,2,2,
0022500817,203471,D. Schröder,1610612739,CLE,1,PT00M21.60S,bonus,attemptEquivalent,2,2,
0022500817,1631096,C. Holmgren,1610612760,OKC,2,PT06M13.00S,shootingFoul2,attemptEquivalent,2,2,
0022500817,1641717,C. Wallace,1610612760,OKC,2,PT03M32.00S,shootingFoul2,attemptEquivalent,2,2,
0022500817,1628386,J. Allen,1610612739,CLE,2,PT02M16.00S,shootingFoul2,attemptEquivalent,2,2,
0022500817,1628378,D. Mitchell,1610612739,CLE,2,PT01M48.00S,shootingFoul2,attemptEquivalent,2,2,
0022500817,1628392,I. Hartenstein,1610612760,OKC,2,PT01M00.00S,shootingFoul2,attemptEquivalent,0,2,
0022500817,1631119,J. Williams,1610612760,OKC,3,PT08M57.00S,shootingFoul2,attemptEquivalent,1,2,
0022500817,1629652,L. Dort,1610612760,OKC,3,PT07M55.00S,andOne,addOn,0,1,402
0022500817,1630198,I. Joe,1610612760,OKC,3,PT07M01.00S,bonus,attemptEquivalent,2,2,
0022500817,201935,J. Harden,1610612739,CLE,3,PT05M07.00S,shootingFoul2,attemptEquivalent,1,2,
0022500817,1642272,J. McCain,1610612760,OKC,3,PT04M00.00S,bonus,attemptEquivalent,2,2,
0022500817,203471,D. Schröder,1610612739,CLE,3,PT03M21.00S,shootingFoul2,attemptEquivalent,2,2,
0022500817,1631096,C. Holmgren,1610612760,OKC,3,PT00M11.20S,bonus,attemptEquivalent,1,2,
0022500817,1630596,E. Mobley,1610612739,CLE,4,PT08M18.00S,shootingFoul2,attemptEquivalent,2,2,
0022500817,1628386,J. Allen,1610612739,CLE,4,PT05M37.00S,shootingFoul2,attemptEquivalent,0,2,
0022500817,1628386,J. Allen,1610612739,CLE,4,PT03M17.00S,shootingFoul2,attemptEquivalent,1,2,
0022500817,1628392,I. Hartenstein,1610612760,OKC,4,PT00M21.00S,bonus,attemptEquivalent,1,2,
0022500817,1631096,C. Holmgren,1610612760,OKC,4,PT00M18.70S,bonus,attemptEquivalent,1,2,
0022500817,1631096,C. Holmgren,1610612760,OKC,4,PT00M09.40S,bonus,attemptEquivalent,1,2,
0022500822,1642267,B. Carrington,1610612764,WAS,1,PT09M00.00S,shootingFoul2,attemptEquivalent,1,2,
0022500822,1641750,R. Kalkbrenner,1610612766,CHA,1,PT07M08.00S,shootingFoul2,attemptEquivalent,2,2,
0022500822,1642851,K. Knueppel,1610612766,CHA,1,PT06M39.00S,shootingFoul2,attemptEquivalent,1,2,
0022500822,1641790,P. Hall,1610612766,CHA,1,PT04M28.00S,shootingFoul2,attemptEquivalent,2,2,
0022500822,1630182,J. Green,1610612766,CHA,1,PT03M48.00S,shootingFoul2,attemptEquivalent,2,2,
0022500822,1641706,B. Miller,1610612766,CHA,1,PT02M22.00S,shootingFoul2,attemptEquivalent,1,2,
0022500822,1641731,B. Coulibaly,1610612764,WAS,1,PT02M14.00S,shootingFoul2,attemptEquivalent,0,2,
0022500822,1642275,T. Salaün,1610612766,CHA,1,PT01M57.00S,bonus,attemptEquivalent,1,2,
0022500822,1642851,K. Knueppel,1610612766,CHA,2,PT10M47.00S,shootingFoul2,attemptEquivalent,1,2,
0022500822,1642273,K. George,1610612764,WAS,2,PT09M45.00S,shootingFoul2,attemptEquivalent,2,2,
0022500822,1642851,K. Knueppel,1610612766,CHA,2,PT09M29.00S,andOne,addOn,1,1,230
0022500822,1629684,G. Williams,1610612766,CHA,2,PT08M56.00S,shootingFoul3,attemptEquivalent,2,3,
0022500822,1630536,S. Cooper,1610612764,WAS,2,PT07M52.00S,andOne,addOn,1,1,253
0022500822,1630163,L. Ball,1610612766,CHA,2,PT05M16.00S,awayFromPlay,addOn,1,1,
0022500822,1642860,W. Riley,1610612764,WAS,2,PT01M26.00S,shootingFoul2,attemptEquivalent,2,2,
0022500822,1630536,S. Cooper,1610612764,WAS,2,PT00M56.60S,bonus,attemptEquivalent,1,2,
0022500822,1630163,L. Ball,1610612766,CHA,2,PT00M27.80S,bonus,attemptEquivalent,2,2,
0022500822,1641731,B. Coulibaly,1610612764,WAS,3,PT06M57.00S,shootingFoul2,attemptEquivalent,2,2,
0022500822,1642273,K. George,1610612764,WAS,3,PT03M36.00S,andOne,addOn,1,1,478
0022500822,1630544,T. Mann,1610612766,CHA,4,PT08M22.00S,shootingFoul2,attemptEquivalent,2,2,
0022500822,1630702,J. Hardy,1610612764,WAS,4,PT08M06.00S,shootingFoul2,attemptEquivalent,2,2,
0022500822,1642364,J. Watkins,1610612764,WAS,4,PT03M50.00S,andOne,addOn,0,1,617
0022500822,1642883,S. James,1610612766,CHA,4,PT00M54.80S,shootingFoul2,attemptEquivalent,0,2,
0022500829,1641765,O. Prosper,1610612763,MEM,1,PT00M15.20S,andOne,addOn,1,1,154
0022500829,1630590,S. Pippen Jr.,1610612763,MEM,2,PT07M02.00S,clearPath,addOn,2,2,
0022500829,1631099,K. Murray,1610612758,SAC,2,PT03M15.00S,shootingFoul3,attemptEquivalent,1,3,
0022500829,201566,R. Westbrook,1610612758,SAC,2,PT02M11.00S,shootingFoul2,attemptEquivalent,2,2,
0022500829,201942,D. DeRozan,1610612758,SAC,2,PT01M37.00S,shootingFoul2,attemptEquivalent,2,2,
0022500829,1631342,D. Plowden,1610612758,SAC,2,PT00M03.90S,shootingFoul3,attemptEquivalent,2,3,
0022500829,201942,D. DeRozan,1610612758,SAC,3,PT10M51.00S,shootingFoul2,attemptEquivalent,1,2,
0022500829,1630173,P. Achiuwa,1610612758,SAC,3,PT09M36.00S,andOne,addOn,1,1,374
0022500829,201942,D. DeRozan,1610612758,SAC,3,PT05M57.00S,shootingFoul2,attemptEquivalent,2,2,
0022500829,1630173,P. Achiuwa,1610612758,SAC,3,PT03M47.00S,shootingFoul2,attemptEquivalent,1,2,
0022500829,1642914,J. Small,1610612763,MEM,3,PT02M33.00S,shootingFoul3,attemptEquivalent,2,3,
0022500829,1641765,O. Prosper,1610612763,MEM,3,PT01M19.00S,shootingFoul2,attemptEquivalent,2,2,
0022500829,1642363,N. Clifford,1610612758,SAC,3,PT00M56.70S,andOne,addOn,1,1,512
0022500829,1642914,J. Small,1610612763,MEM,3,PT00M05.00S,shootingFoul2,attemptEquivalent,2,2,
0022500829,1630590,S. Pippen Jr.,1610612763,MEM,4,PT11M06.00S,shootingFoul2,attemptEquivalent,2,2,
0022500829,1631342,D. Plowden,1610612758,SAC,4,PT09M46.00S,flagrant,addOn,1,1,
0022500829,1628370,M. Monk,1610612758,SAC,4,PT09M24.00S,andOne,addOn,1,1,570
0022500829,1630590,S. Pippen Jr.,1610612763,MEM,4,PT08M28.00S,shootingFoul2,attemptEquivalent,2,2,
0022500829,201566,R. Westbrook,1610612758,SAC,4,PT08M16.00S,shootingFoul2,attemptEquivalent,2,2,
0022500829,1641713,G. Jackson,1610612763,MEM,4,PT06M51.00S,shootingFoul2,attemptEquivalent,1,2,
0022500829,1642914,J. Small,1610612763,MEM,4,PT04M54.00S,andOne,addOn,1,1,637
0022500829,1642377,J. Wells,1610612763,MEM,4,PT04M25.00S,bonus,attemptEquivalent,2,2,
0022500829,201566,R. Westbrook,1610612758,SAC,4,PT03M11.00S,shootingFoul3,attemptEquivalent,2,3,
0022500830,1641708,A. Thompson,1610612745,HOU,1,PT10M03.00S,shootingFoul2,attemptEquivalent,1,2,
0022500830,1642268,I. Collier,1610612762,UTA,1,PT09M37.00S,shootingFoul2,attemptEquivalent,1,2,
0022500830,1642268,I. Collier,1610612762,UTA,1,PT08M45.00S,shootingFoul2,attemptEquivalent,2,2,
0022500830,1641708,A. Thompson,1610612745,HOU,1,PT06M57.00S,andOne,addOn,1,1,70
0022500830,1631246,V. Williams Jr.,1610612762,UTA,1,PT03M00.00S,shootingFoul2,attemptEquivalent,1,2,
0022500830,1628374,L. Markkanen,1610612762,UTA,1,PT02M25.00S,shootingFoul2,attemptEquivalent,2,2,
0022500830,1628374,L. Markkanen,1610612762,UTA,1,PT00M25.70S,andOne,addOn,1,1,173
0022500830,1628374,L. Markkanen,1610612762,UTA,2,PT11M07.00S,andOne,addOn,1,1,192
0022500830,1628374,L. Markkanen,1610612762,UTA,2,PT10M43.00S,shootingFoul2,attemptEquivalent,2,2,
0022500830,1642271,K. Filipowski,1610612762,UTA,2,PT06M30.00S,shootingFoul2,attemptEquivalent,0,2,
0022500830,1628374,L. Markkanen,1610612762,UTA,2,PT02M15.00S,shootingFoul2,attemptEquivalent,2,2,
0022500830,1642268,I. Collier,1610612762,UTA,3,PT10M50.00S,shootingFoul2,attemptEquivalent,2,2,
0022500830,1642268,I. Collier,1610612762,UTA,3,PT04M44.00S,shootingFoul2,attemptEquivalent,2,2,
0022500830,1641729,B. Sensabaugh,1610612762,UTA,3,PT02M24.00S,shootingFoul2,attemptEquivalent,1,2,
0022500830,1641729,B. Sensabaugh,1610612762,UTA,3,PT00M25.70S,andOne,addOn,1,1,500
0022500830,1629004,S. Mykhailiuk,1610612762,UTA,3,PT00M10.80S,andOne,addOn,1,1,506
0022500830,1641708,A. Thompson,1610612745,HOU,3,PT00M02.10S,shootingFoul2,attemptEquivalent,2,2,
0022500830,1631095,J. Smith Jr.,1610612745,HOU,4,PT04M54.00S,shootingFoul2,attemptEquivalent,1,2,
0022500830,1642271,K. Filipowski,1610612762,UTA,4,PT03M32.00S,shootingFoul2,attemptEquivalent,2,2,
0022500830,1630578,A. Sengun,1610612745,HOU,4,PT03M13.00S,shootingFoul2,attemptEquivalent,2,2,
0022500830,1642271,K. Filipowski,1610612762,UTA,4,PT01M57.00S,shootingFoul2,attemptEquivalent,2,2,
0022500830,1628988,A. Holiday,1610612745,HOU,4,PT01M04.00S,shootingFoul2,attemptEquivalent,2,2,
0022500830,1642268,I. Collier,1610612762,UTA,4,PT00M57.90S,bonus,attemptEquivalent,2,2,
0022500832,1630552,J. Johnson,1610612737,ATL,1,PT10M56.00S,shootingFoul2,attemptEquivalent,1,2,
0022500832,203468,C. McCollum,1610612737,ATL,1,PT09M12.00S,shootingFoul3,attemptEquivalent,3,3,
0022500832,1641731,B. Coulibaly,1610612764,WAS,1,PT08M53.00S,andOne,addOn,0,1,51
0022500832,1642273,K. George,1610612764,WAS,1,PT06M22.00S,shootingFoul2,attemptEquivalent,2,2,
0022500832,1629216,G. Vincent,1610612737,ATL,1,PT01M45.00S,andOne,addOn,1,1,147
0022500832,1629638,N. Alexander-Walker,1610612737,ATL,1,PT00M04.50S,shootingFoul2,attemptEquivalent,2,2,
0022500832,203468,C. McCollum,1610612737,ATL,2,PT07M53.00S,andOne,addOn,1,1,238
0022500832,1642273,K. George,1610612764,WAS,2,PT06M55.00S,shootingFoul2,attemptEquivalent,2,2,
0022500832,1629638,N. Alexander-Walker,1610612737,ATL,2,PT06M22.00S,shootingFoul2,attemptEquivalent,2,2,
0022500832,1642848,T. Johnson,1610612764,WAS,2,PT05M48.00S,bonus,attemptEquivalent,2,2,
0022500832,1631243,M. Gueye,1610612737,ATL,2,PT05M10.00S,shootingFoul2,attemptEquivalent,2,2,
0022500832,1641731,B. Coulibaly,1610612764,WAS,3,PT06M15.00S,shootingFoul2,attemptEquivalent,2,2,
0022500832,1630228,J. Kuminga,1610612737,ATL,3,PT04M21.00S,shootingFoul2,attemptEquivalent,1,2,
0022500832,1630228,J. Kuminga,1610612737,ATL,3,PT01M23.00S,andOne,addOn,1,1,534
0022500832,1630228,J. Kuminga,1610612737,ATL,3,PT01M04.00S,bonus,attemptEquivalent,2,2,
0022500832,1630228,J. Kuminga,1610612737,ATL,3,PT00M11.10S,bonus,attemptEquivalent,2,2,
0022500832,1642860,W. Riley,1610612764,WAS,4,PT06M16.00S,shootingFoul2,attemptEquivalent,2,2,
0022500832,1630557,C. Kispert,1610612737,ATL,4,PT05M56.00S,shootingFoul2,attemptEquivalent,2,2,
0022500832,1642860,W. Riley,1610612764,WAS,4,PT05M01.00S,andOne,addOn,1,1,660
0022500832,1631214,A. Williams,1610612764,WAS,4,PT04M44.00S,andOne,addOn,1,1,666
0022500832,1630264,A. Gill,1610612764,WAS,4,PT03M03.00S,bonus,attemptEquivalent,1,2,
0022500832,1642258,Z. Risacher,1610612737,ATL,4,PT01M47.00S,bonus,attemptEquivalent,1,2,
0022500832,1630536,S. Cooper,1610612764,WAS,4,PT00M41.00S,bonus,attemptEquivalent,1,2,
0022500835,1628378,D. Mitchell,1610612739,CLE,1,PT10M02.00S,shootingFoul2,attemptEquivalent,2,2,
0022500835,1628973,J. Brunson,1610612752,NYK,1,PT09M38.00S,shootingFoul2,attemptEquivalent,2,2,
0022500835,1626157,K. Towns,1610612752,NYK,1,PT08M24.00S,shootingFoul2,attemptEquivalent,1,2,
0022500835,1628386,J. Allen,1610612739,CLE,1,PT04M56.00S,andOne,addOn,0,1,94
0022500835,1629011,M. Robinson,1610612752,NYK,1,PT02M32.00S,shootingFoul2,attemptEquivalent,1,2,
0022500835,1626157,K. Towns,1610612752,NYK,2,PT08M59.00S,andOne,addOn,1,1,237
0022500835,1630596,E. Mobley,1610612739,CLE,2,PT08M43.00S,shootingFoul2,attemptEquivalent,1,2,
0022500835,1628378,D. Mitchell,1610612739,CLE,2,PT08M25.00S,bonus,attemptEquivalent,2,2,
0022500835,1628969,M. Bridges,1610612752,NYK,2,PT08M13.00S,shootingFoul2,attemptEquivalent,2,2,
0022500835,1628973,J. Brunson,1610612752,NYK,2,PT04M00.00S,andOne,addOn,1,1,314
0022500835,1628386,J. Allen,1610612739,CLE,2,PT03M49.00S,shootingFoul2,attemptEquivalent,2,2,
0022500835,1628378,D. Mitchell,1610612739,CLE,2,PT00M51.10S,shootingFoul2,attemptEquivalent,2,2,
0022500835,1628973,J. Brunson,1610612752,NYK,3,PT11M28.00S,shootingFoul2,attemptEquivalent,1,2,
0022500835,1628378,D. Mitchell,1610612739,CLE,3,PT11M16.00S,shootingFoul3,attemptEquivalent,2,3,
0022500835,1628969,M. Bridges,1610612752,NYK,3,PT08M08.00S,shootingFoul2,attemptEquivalent,2,2,
0022500835,1628386,J. Allen,1610612739,CLE,3,PT07M55.00S,shootingFoul2,attemptEquivalent,2,2,
0022500835,1628969,M. Bridges,1610612752,NYK,3,PT06M27.00S,shootingFoul2,attemptEquivalent,1,2,
0022500835,1629011,M. Robinson,1610612752,NYK,3,PT01M09.00S,shootingFoul2,attemptEquivalent,0,2,
0022500835,1630596,E. Mobley,1610612739,CLE,4,PT11M23.00S,shootingFoul2,attemptEquivalent,1,2,
0022500835,1630596,E. Mobley,1610612739,CLE,4,PT10M16.00S,shootingFoul2,attemptEquivalent,1,2,
0022500835,1628973,J. Brunson,1610612752,NYK,4,PT06M37.00S,shootingFoul2,attemptEquivalent,1,2,
0022500835,1628386,J. Allen,1610612739,CLE,4,PT05M43.00S,shootingFoul2,attemptEquivalent,1,2,
0022500835,1642281,J. Tyson,1610612739,CLE,4,PT04M10.00S,andOne,addOn,1,1,666
0022500835,1628378,D. Mitchell,1610612739,CLE,4,PT02M54.00S,shootingFoul2,attemptEquivalent,1,2,
0022500835,1628378,D. Mitchell,1610612739,CLE,4,PT02M42.00S,bonus,attemptEquivalent,2,2,
0022500835,1628418,T. Bryant,1610612739,CLE,4,PT01M05.00S,shootingFoul2,attemptEquivalent,2,2,
0022500845,1631099,K. Murray,1610612758,SAC,1,PT04M08.00S,shootingFoul3,attemptEquivalent,3,3,
0022500845,203991,C. Capela,1610612745,HOU,1,PT03M23.00S,shootingFoul2,attemptEquivalent,2,2,
0022500845,201566,R. Westbrook,1610612758,SAC,1,PT02M20.00S,andOne,addOn,1,1,118
0022500845,1642263,R. Sheppard,1610612745,HOU,1,PT01M00.00S,bonus,attemptEquivalent,2,2,
0022500845,1631116,P. Baldwin Jr.,1610612758,SAC,2,PT09M51.00S,shootingFoul2,attemptEquivalent,1,2,
0022500845,1628370,M. Monk,1610612758,SAC,2,PT09M20.00S,shootingFoul2,attemptEquivalent,2,2,
0022500845,1630578,A. Sengun,1610612745,HOU,2,PT08M41.00S,shootingFoul2,attemptEquivalent,2,2,
0022500845,201942,D. DeRozan,1610612758,SAC,2,PT05M59.00S,shootingFoul2,attemptEquivalent,1,2,
0022500845,1631106,T. Eason,1610612745,HOU,2,PT05M18.00S,andOne,addOn,1,1,259
0022500845,201942,D. DeRozan,1610612758,SAC,2,PT03M56.00S,shootingFoul2,attemptEquivalent,2,2,
0022500845,1642875,M. Raynaud,1610612758,SAC,2,PT02M58.00S,bonus,attemptEquivalent,1,2,
0022500845,1630578,A. Sengun,1610612745,HOU,2,PT02M43.00S,shootingFoul2,attemptEquivalent,2,2,
0022500845,1630578,A. Sengun,1610612745,HOU,2,PT01M22.00S,flagrant,addOn,1,2,
0022500845,201942,D. DeRozan,1610612758,SAC,3,PT09M12.00S,shootingFoul2,attemptEquivalent,2,2,
0022500845,201142,K. Durant,1610612745,HOU,3,PT06M53.00S,shootingFoul3,attemptEquivalent,3,3,
0022500845,201942,D. DeRozan,1610612758,SAC,3,PT05M47.00S,shootingFoul2,attemptEquivalent,2,2,
0022500845,1642263,R. Sheppard,1610612745,HOU,3,PT02M13.00S,transitionTake,addOn,1,1,
0022500845,1630578,A. Sengun,1610612745,HOU,3,PT01M58.00S,shootingFoul2,attemptEquivalent,2,2,
0022500845,1629006,J. Okogie,1610612745,HOU,4,PT10M38.00S,shootingFoul2,attemptEquivalent,1,2,
0022500845,1629234,D. Eubanks,1610612758,SAC,4,PT00M58.40S,shootingFoul2,attemptEquivalent,1,2,
0022500850,1630228,J. Kuminga,1610612737,ATL,1,PT10M17.00S,shootingFoul2,attemptEquivalent,1,2,
0022500850,1641774,T. Vukcevic,1610612764,WAS,1,PT09M06.00S,shootingFoul2,attemptEquivalent,2,2,
0022500850,1641774,T. Vukcevic,1610612764,WAS,1,PT06M08.00S,shootingFoul2,attemptEquivalent,2,2,
0022500850,1630228,J. Kuminga,1610612737,ATL,1,PT02M21.00S,shootingFoul2,attemptEquivalent,2,2,
0022500850,1630551,J. Champagnie,1610612764,WAS,2,PT09M53.00S,shootingFoul2,attemptEquivalent,1,2,
0022500850,1629111,J. Landale,1610612737,ATL,2,PT08M53.00S,shootingFoul2,attemptEquivalent,1,2,
0022500850,1630557,C. Kispert,1610612737,ATL,2,PT08M05.00S,shootingFoul3,attemptEquivalent,3,3,
0022500850,1642848,T. Johnson,1610612764,WAS,2,PT06M28.00S,shootingFoul2,attemptEquivalent,2,2,
0022500850,1641731,B. Coulibaly,1610612764,WAS,2,PT04M34.00S,shootingFoul2,attemptEquivalent,2,2,
0022500850,1630228,J. Kuminga,1610612737,ATL,2,PT02M37.00S,shootingFoul2,attemptEquivalent,1,2,
0022500850,1630228,J. Kuminga,1610612737,ATL,2,PT02M10.00S,bonus,attemptEquivalent,2,2,
0022500850,1630168,O. Okongwu,1610612737,ATL,2,PT01M15.00S,bonus,attemptEquivalent,2,2,
0022500850,1642258,Z. Risacher,1610612737,ATL,2,PT00M57.00S,andOne,addOn,0,1,320
0022500850,203468,C. McCollum,1610612737,ATL,2,PT00M34.10S,andOne,addOn,1,1,327
0022500850,203468,C. McCollum,1610612737,ATL,2,PT00M10.80S,transitionTake,addOn,1,1,
0022500850,203468,C. McCollum,1610612737,ATL,3,PT11M15.00S,shootingFoul2,attemptEquivalent,2,2,
0022500850,1642258,Z. Risacher,1610612737,ATL,3,PT10M00.00S,shootingFoul2,attemptEquivalent,1,2,
0022500850,1630168,O. Okongwu,1610612737,ATL,3,PT08M50.00S,shootingFoul2,attemptEquivalent,2,2,
0022500850,203468,C. McCollum,1610612737,ATL,3,PT06M35.00S,bonus,attemptEquivalent,1,2,
0022500850,1630551,J. Champagnie,1610612764,WAS,3,PT04M29.00S,shootingFoul2,attemptEquivalent,2,2,
0022500850,1629111,J. Landale,1610612737,ATL,3,PT03M05.00S,bonus,attemptEquivalent,1,2,
0022500850,1630557,C. Kispert,1610612737,ATL,4,PT10M44.00S,shootingFoul2,attemptEquivalent,2,2,
0022500850,1630551,J. Champagnie,1610612764,WAS,4,PT07M44.00S,shootingFoul2,attemptEquivalent,2,2,
0022500850,1630168,O. Okongwu,1610612737,ATL,4,PT07M34.00S,shootingFoul2,attemptEquivalent,2,2,
0022500850,1631132,C. Koloko,1610612737,ATL,4,PT01M30.00S,shootingFoul2,attemptEquivalent,2,2,
0022500850,1631132,C. Koloko,1610612737,ATL,4,PT00M59.80S,bonus,attemptEquivalent,2,2,
0022500850,1630702,J. Hardy,1610612764,WAS,4,PT00M43.70S,shootingFoul2,attemptEquivalent,2,2,
0022500854,201942,D. DeRozan,1610612758,SAC,1,PT09M45.00S,shootingFoul2,attemptEquivalent,2,2,
0022500854,1630230,N. Marshall,1610612742,DAL,1,PT09M33.00S,shootingFoul2,attemptEquivalent,1,2,
0022500854,1628997,C. Martin,1610612742,DAL,1,PT06M23.00S,shootingFoul2,attemptEquivalent,1,2,
0022500854,1642269,D. Carter,1610612758,SAC,1,PT05M21.00S,shootingFoul2,attemptEquivalent,2,2,
0022500854,203114,K. Middleton,1610612742,DAL,1,PT04M21.00S,shootingFoul2,attemptEquivalent,2,2,
0022500854,1630230,N. Marshall,1610612742,DAL,1,PT03M08.00S,shootingFoul2,attemptEquivalent,2,2,
0022500854,1631116,P. Baldwin Jr.,1610612758,SAC,1,PT02M10.00S,shootingFoul2,attemptEquivalent,1,2,
0022500854,1630314,B. Williams,1610612742,DAL,1,PT01M54.00S,shootingFoul2,attemptEquivalent,0,2,
0022500854,1642358,A. Johnson,1610612742,DAL,2,PT09M57.00S,andOne,addOn,1,1,191
0022500854,1626145,T. Jones,1610612742,DAL,2,PT07M23.00S,shootingFoul2,attemptEquivalent,1,2,
0022500854,1629234,D. Eubanks,1610612758,SAC,2,PT06M09.00S,andOne,addOn,1,1,242
0022500854,201942,D. DeRozan,1610612758,SAC,2,PT05M22.00S,shootingFoul2,attemptEquivalent,1,2,
0022500854,1630230,N. Marshall,1610612742,DAL,2,PT03M51.00S,shootingFoul2,attemptEquivalent,1,2,
0022500854,203114,K. Middleton,1610612742,DAL,2,PT02M19.00S,andOne,addOn,1,1,302
0022500854,203114,K. Middleton,1610612742,DAL,3,PT09M16.00S,shootingFoul2,attemptEquivalent,2,2,
0022500854,201942,D. DeRozan,1610612758,SAC,3,PT07M08.00S,shootingFoul2,attemptEquivalent,2,2,
0022500854,1642875,M. Raynaud,1610612758,SAC,3,PT06M31.00S,shootingFoul2,attemptEquivalent,2,2,
0022500854,203939,D. Powell,1610612742,DAL,3,PT04M48.00S,andOne,addOn,0,1,422
0022500854,1630619,M. Cisse,1610612742,DAL,3,PT02M15.00S,shootingFoul2,attemptEquivalent,0,2,
0022500854,1630619,M. Cisse,1610612742,DAL,3,PT02M12.00S,shootingFoul2,attemptEquivalent,2,2,
0022500854,1628370,M. Monk,1610612758,SAC,3,PT02M02.00S,shootingFoul2,attemptEquivalent,2,2,
0022500854,1630230,N. Marshall,1610612742,DAL,3,PT00M28.20S,shootingFoul2,attemptEquivalent,1,2,
0022500854,1630314,B. Williams,1610612742,DAL,4,PT10M08.00S,shootingFoul2,attemptEquivalent,1,2,
0022500854,1642875,M. Raynaud,1610612758,SAC,4,PT08M57.00S,shootingFoul2,attemptEquivalent,2,2,
0022500854,1642358,A. Johnson,1610612742,DAL,4,PT08M45.00S,andOne,addOn,1,1,548
0022500854,1642269,D. Carter,1610612758,SAC,4,PT06M53.00S,shootingFoul2,attemptEquivalent,0,2,
0022500854,1642875,M. Raynaud,1610612758,SAC,4,PT06M32.00S,shootingFoul2,attemptEquivalent,2,2,
0022500854,1630314,B. Williams,1610612742,DAL,4,PT05M48.00S,shootingFoul2,attemptEquivalent,1,2,
0022500854,1631342,D. Plowden,1610612758,SAC,4,PT05M24.00S,shootingFoul2,attemptEquivalent,2,2,
0022500854,1630230,N. Marshall,1610612742,DAL,4,PT03M05.00S,shootingFoul2,attemptEquivalent,1,2,
0022500854,1630230,N. Marshall,1610612742,DAL,4,PT02M18.00S,andOne,addOn,1,1,637
0022500854,1642269,D. Carter,1610612758,SAC,4,PT02M05.00S,shootingFoul2,attemptEquivalent,1,2,
0022500854,1630314,B. Williams,1610612742,DAL,4,PT01M56.00S,andOne,addOn,1,1,647
0022500856,1627749,D. Murray,1610612740,NOP,1,PT10M35.00S,andOne,addOn,1,1,18
0022500856,1630180,S. Bey,1610612740,NOP,1,PT08M33.00S,shootingFoul2,attemptEquivalent,2,2,
0022500856,1642846,A. Bailey,1610612762,UTA,1,PT07M21.00S,shootingFoul2,attemptEquivalent,2,2,
0022500856,1629627,Z. Williamson,1610612740,NOP,1,PT05M46.00S,shootingFoul2,attemptEquivalent,1,2,
0022500856,1642262,C. Williams,1610612762,UTA,1,PT05M16.00S,andOne,addOn,1,1,93
0022500856,1630180,S. Bey,1610612740,NOP,1,PT04M08.00S,shootingFoul2,attemptEquivalent,2,2,
0022500856,1642396,B. Hinson,1610612762,UTA,1,PT03M18.00S,andOne,addOn,0,1,125
0022500856,1641989,E. Harkless,1610612762,UTA,1,PT02M57.00S,shootingFoul2,attemptEquivalent,2,2,
0022500856,1631255,K. Matković,1610612740,NOP,1,PT02M30.00S,andOne,addOn,1,1,145
0022500856,1642846,A. Bailey,1610612762,UTA,1,PT02M03.00S,andOne,addOn,1,1,154
0022500856,1642852,D. Queen,1610612740,NOP,1,PT01M49.00S,bonus,attemptEquivalent,1,2,
0022500856,1642847,J. Fears,1610612740,NOP,1,PT00M54.70S,andOne,addOn,1,1,169
0022500856,1642852,D. Queen,1610612740,NOP,2,PT10M08.00S,shootingFoul2,attemptEquivalent,2,2,
0022500856,1629627,Z. Williamson,1610612740,NOP,2,PT08M04.00S,andOne,addOn,1,1,249
0022500856,1642847,J. Fears,1610612740,NOP,2,PT06M09.00S,shootingFoul2,attemptEquivalent,1,2,
0022500856,1642271,K. Filipowski,1610612762,UTA,2,PT05M23.00S,shootingFoul2,attemptEquivalent,1,2,
0022500856,1630180,S. Bey,1610612740,NOP,2,PT04M42.00S,andOne,addOn,1,1,314
0022500856,1642262,C. Williams,1610612762,UTA,2,PT04M27.00S,shootingFoul2,attemptEquivalent,0,2,
0022500856,1630180,S. Bey,1610612740,NOP,2,PT03M00.00S,shootingFoul2,attemptEquivalent,2,2,
0022500856,1642262,C. Williams,1610612762,UTA,2,PT02M32.00S,shootingFoul2,attemptEquivalent,1,2,
0022500856,1642268,I. Collier,1610612762,UTA,2,PT01M38.00S,shootingFoul2,attemptEquivalent,1,2,
0022500856,1641989,E. Harkless,1610612762,UTA,2,PT00M08.90S,shootingFoul2,attemptEquivalent,1,2,
0022500856,1627749,D. Murray,1610612740,NOP,3,PT08M36.00S,shootingFoul2,attemptEquivalent,2,2,
0022500856,1641729,B. Sensabaugh,1610612762,UTA,3,PT08M10.00S,shootingFoul2,attemptEquivalent,2,2,
0022500856,1641729,B. Sensabaugh,1610612762,UTA,3,PT04M05.00S,shootingFoul2,attemptEquivalent,1,2,
0022500856,201567,K. Love,1610612762,UTA,3,PT02M16.00S,andOne,addOn,1,1,548
0022500856,1630529,H. Jones,1610612740,NOP,4,PT11M31.00S,shootingFoul2,attemptEquivalent,2,2,
0022500856,1641989,E. Harkless,1610612762,UTA,4,PT07M58.00S,shootingFoul2,attemptEquivalent,2,2,
0022500856,1630180,S. Bey,1610612740,NOP,4,PT06M40.00S,shootingFoul2,attemptEquivalent,2,2,
0022500856,1627749,D. Murray,1610612740,NOP,4,PT04M25.00S,shootingFoul2,attemptEquivalent,2,2,
0022500862,203999,N. Jokić,1610612743,DEN,1,PT11M08.00S,andOne,addOn,1,1,11
0022500862,203999,N. Jokić,1610612743,DEN,1,PT10M24.00S,shootingFoul2,attemptEquivalent,1,2,
0022500862,1631128,C. Braun,1610612743,DEN,1,PT07M18.00S,andOne,addOn,0,1,60
0022500862,1631096,C. Holmgren,1610612760,OKC,1,PT07M01.00S,shootingFoul2,attemptEquivalent,0,2,
0022500862,1627750,J. Murray,1610612743,DEN,1,PT04M48.00S,bonus,attemptEquivalent,2,2,
0022500862,1631128,C. Braun,1610612743,DEN,1,PT03M33.00S,shootingFoul2,attemptEquivalent,2,2,
0022500862,1628983,S. Gilgeous-Alexander,1610612760,OKC,1,PT00M33.70S,shootingFoul2,attemptEquivalent,2,2,
0022500862,1631128,C. Braun,1610612743,DEN,2,PT05M12.00S,shootingFoul2,attemptEquivalent,2,2,
0022500862,1628983,S. Gilgeous-Alexander,1610612760,OKC,2,PT01M39.00S,bonus,attemptEquivalent,2,2,
0022500862,1628392,I. Hartenstein,1610612760,OKC,3,PT10M29.00S,shootingFoul2,attemptEquivalent,1,2,
0022500862,1628983,S. Gilgeous-Alexander,1610612760,OKC,3,PT08M28.00S,shootingFoul2,attemptEquivalent,2,2,
0022500862,1627750,J. Murray,1610612743,DEN,3,PT04M44.00S,shootingFoul2,attemptEquivalent,2,2,
0022500862,1628983,S. Gilgeous-Alexander,1610612760,OKC,3,PT01M57.00S,shootingFoul2,attemptEquivalent,1,2,
0022500862,1628983,S. Gilgeous-Alexander,1610612760,OKC,3,PT01M01.00S,bonus,attemptEquivalent,2,2,
0022500862,1627750,J. Murray,1610612743,DEN,4,PT09M16.00S,shootingFoul2,attemptEquivalent,1,2,
0022500862,203999,N. Jokić,1610612743,DEN,4,PT08M03.00S,flagrant,addOn,1,2,
0022500862,1629661,C. Johnson,1610612743,DEN,4,PT07M09.00S,shootingFoul2,attemptEquivalent,2,2,
0022500862,1627750,J. Murray,1610612743,DEN,4,PT05M34.00S,flagrant,addOn,2,2,
0022500862,1628983,S. Gilgeous-Alexander,1610612760,OKC,4,PT03M05.00S,shootingFoul2,attemptEquivalent,2,2,
0022500862,1631096,C. Holmgren,1610612760,OKC,5,PT01M57.00S,bonus,attemptEquivalent,2,2,
0022500862,1631096,C. Holmgren,1610612760,OKC,5,PT00M28.60S,bonus,attemptEquivalent,2,2,
0022500862,1641717,C. Wallace,1610612760,OKC,5,PT00M25.30S,bonus,attemptEquivalent,2,2,
0022500862,1641717,C. Wallace,1610612760,OKC,5,PT00M14.20S,bonus,attemptEquivalent,2,2,
0022500862,1631119,J. Williams,1610612760,OKC,5,PT00M03.60S,bonus,attemptEquivalent,2,2,
0022500865,1627742,B. Ingram,1610612761,TOR,1,PT09M28.00S,shootingFoul2,attemptEquivalent,2,2,
0022500865,1629628,R. Barrett,1610612761,TOR,1,PT08M19.00S,shootingFoul2,attemptEquivalent,1,2,
0022500865,1627751,J. Poeltl,1610612761,TOR,1,PT06M57.00S,shootingFoul2,attemptEquivalent,2,2,
0022500865,1629628,R. Barrett,1610612761,TOR,2,PT10M58.00S,shootingFoul2,attemptEquivalent,1,2,
0022500865,1641774,T. Vukcevic,1610612764,WAS,2,PT10M41.00S,shootingFoul2,attemptEquivalent,2,2,
0022500865,1627751,J. Poeltl,1610612761,TOR,2,PT09M47.00S,shootingFoul2,attemptEquivalent,2,2,
0022500865,1630193,I. Quickley,1610612761,TOR,2,PT08M11.00S,shootingFoul2,attemptEquivalent,2,2,
0022500865,1627742,B. Ingram,1610612761,TOR,2,PT08M01.00S,shootingFoul2,attemptEquivalent,1,2,
0022500865,1641731,B. Coulibaly,1610612764,WAS,2,PT06M35.00S,shootingFoul2,attemptEquivalent,0,2,
0022500865,1627742,B. Ingram,1610612761,TOR,2,PT06M20.00S,bonus,attemptEquivalent,2,2,
0022500865,1642860,W. Riley,1610612764,WAS,2,PT05M12.00S,shootingFoul3,attemptEquivalent,3,3,
0022500865,1630572,S. Mamukelashvili,1610612761,TOR,2,PT04M09.00S,andOne,addOn,1,1,289
0022500865,1642273,K. George,1610612764,WAS,2,PT02M12.00S,bonus,attemptEquivalent,1,2,
0022500865,1630567,S. Barnes,1610612761,TOR,3,PT09M15.00S,shootingFoul2,attemptEquivalent,2,2,
0022500865,1642267,B. Carrington,1610612764,WAS,3,PT09M08.00S,bonus,attemptEquivalent,2,2,
0022500865,1629628,R. Barrett,1610612761,TOR,3,PT05M56.00S,shootingFoul2,attemptEquivalent,2,2,
0022500865,1630193,I. Quickley,1610612761,TOR,3,PT04M49.00S,shootingFoul2,attemptEquivalent,2,2,
0022500865,1642848,T. Johnson,1610612764,WAS,3,PT03M48.00S,bonus,attemptEquivalent,1,2,
0022500865,1630567,S. Barnes,1610612761,TOR,3,PT02M03.00S,bonus,attemptEquivalent,2,2,
0022500865,1630702,J. Hardy,1610612764,WAS,3,PT01M19.00S,andOne,addOn,1,1,510
0022500865,1642860,W. Riley,1610612764,WAS,3,PT00M47.10S,shootingFoul2,attemptEquivalent,2,2,
0022500865,1627751,J. Poeltl,1610612761,TOR,3,PT00M33.40S,andOne,addOn,0,1,520
0022500865,1642364,J. Watkins,1610612764,WAS,4,PT10M36.00S,andOne,addOn,0,1,559
0022500865,1630193,I. Quickley,1610612761,TOR,4,PT04M42.00S,andOne,addOn,1,1,625
0022500865,1642860,W. Riley,1610612764,WAS,4,PT02M45.00S,shootingFoul2,attemptEquivalent,1,2,
0022500865,1630536,S. Cooper,1610612764,WAS,4,PT00M20.90S,shootingFoul2,attemptEquivalent,2,2,
0022500867,201599,D. Jordan,1610612740,NOP,1,PT11M45.00S,shootingFoul2,attemptEquivalent,1,2,
0022500867,1630180,S. Bey,1610612740,NOP,1,PT08M58.00S,shootingFoul2,attemptEquivalent,2,2,
0022500867,1642846,A. Bailey,1610612762,UTA,1,PT07M52.00S,shootingFoul2,attemptEquivalent,2,2,
0022500867,1629627,Z. Williamson,1610612740,NOP,1,PT06M10.00S,shootingFoul2,attemptEquivalent,2,2,
0022500867,1641718,K. George,1610612762,UTA,1,PT05M39.00S,shootingFoul2,attemptEquivalent,2,2,
0022500867,1642852,D. Queen,1610612740,NOP,1,PT05M22.00S,bonus,attemptEquivalent,1,2,
0022500867,1642274,Y. Missi,1610612740,NOP,2,PT11M24.00S,andOne,addOn,0,1,192
0022500867,1642268,I. Collier,1610612762,UTA,2,PT09M46.00S,transitionTake,addOn,1,1,
0022500867,1642847,J. Fears,1610612740,NOP,2,PT09M33.00S,shootingFoul2,attemptEquivalent,2,2,
0022500867,1642847,J. Fears,1610612740,NOP,2,PT06M55.00S,shootingFoul2,attemptEquivalent,2,2,
0022500867,1630180,S. Bey,1610612740,NOP,2,PT05M11.00S,bonus,attemptEquivalent,1,2,
0022500867,1641718,K. George,1610612762,UTA,2,PT03M53.00S,shootingFoul2,attemptEquivalent,1,2,
0022500867,1642268,I. Collier,1610612762,UTA,2,PT03M26.00S,shootingFoul2,attemptEquivalent,1,2,
0022500867,1630180,S. Bey,1610612740,NOP,2,PT01M21.00S,shootingFoul2,attemptEquivalent,2,2,
0022500867,1641718,K. George,1610612762,UTA,3,PT10M05.00S,shootingFoul2,attemptEquivalent,2,2,
0022500867,1641718,K. George,1610612762,UTA,3,PT08M31.00S,shootingFoul2,attemptEquivalent,2,2,
0022500867,1630180,S. Bey,1610612740,NOP,3,PT07M10.00S,shootingFoul2,attemptEquivalent,1,2,
0022500867,1641718,K. George,1610612762,UTA,3,PT07M01.00S,andOne,addOn,1,1,433
0022500867,1631121,B. McGowens,1610612740,NOP,3,PT05M11.00S,andOne,addOn,1,1,454
0022500867,1630180,S. Bey,1610612740,NOP,3,PT04M34.00S,shootingFoul2,attemptEquivalent,1,2,
0022500867,1642268,I. Collier,1610612762,UTA,3,PT02M57.00S,shootingFoul2,attemptEquivalent,2,2,
0022500867,1642268,I. Collier,1610612762,UTA,3,PT01M45.00S,andOne,addOn,1,1,519
0022500867,1642271,K. Filipowski,1610612762,UTA,3,PT00M45.50S,shootingFoul2,attemptEquivalent,2,2,
0022500867,1642271,K. Filipowski,1610612762,UTA,4,PT10M28.00S,andOne,addOn,1,1,570
0022500867,1642271,K. Filipowski,1610612762,UTA,4,PT09M48.00S,shootingFoul2,attemptEquivalent,1,2,
0022500867,1642271,K. Filipowski,1610612762,UTA,4,PT07M36.00S,shootingFoul2,attemptEquivalent,2,2,
0022500867,1642274,Y. Missi,1610612740,NOP,4,PT07M24.00S,shootingFoul2,attemptEquivalent,1,2,
0022500867,1642271,K. Filipowski,1610612762,UTA,4,PT04M54.00S,bonus,attemptEquivalent,2,2,
0022500867,1642268,I. Collier,1610612762,UTA,4,PT03M44.00S,shootingFoul2,attemptEquivalent,2,2,
0022500867,1631121,B. McGowens,1610612740,NOP,4,PT03M26.00S,andOne,addOn,1,1,661
0022500867,1642847,J. Fears,1610612740,NOP,4,PT01M04.00S,shootingFoul2,attemptEquivalent,2,2,
0022500867,1641989,E. Harkless,1610612762,UTA,4,PT00M52.40S,shootingFoul3,attemptEquivalent,2,3,
0022500867,1631255,K. Matković,1610612740,NOP,4,PT00M40.80S,bonus,attemptEquivalent,2,2,
0022500876,1630314,B. Williams,1610612742,DAL,1,PT10M30.00S,shootingFoul2,attemptEquivalent,2,2,
0022500876,1631096,C. Holmgren,1610612760,OKC,1,PT10M22.00S,shootingFoul2,attemptEquivalent,2,2,
0022500876,1628997,C. Martin,1610612742,DAL,1,PT09M49.00S,shootingFoul2,attemptEquivalent,0,2,
0022500876,1628392,I. Hartenstein,1610612760,OKC,1,PT05M53.00S,shootingFoul2,attemptEquivalent,1,2,
0022500876,1628997,C. Martin,1610612742,DAL,1,PT00M35.90S,shootingFoul2,attemptEquivalent,1,2,
0022500876,1630314,B. Williams,1610612742,DAL,2,PT09M11.00S,shootingFoul2,attemptEquivalent,2,2,
0022500876,1642948,R. Nembhard,1610612742,DAL,2,PT03M18.00S,shootingFoul2,attemptEquivalent,2,2,
0022500876,1628392,I. Hartenstein,1610612760,OKC,2,PT00M04.00S,shootingFoul2,attemptEquivalent,0,2,
0022500876,1629655,D. Gafford,1610612742,DAL,3,PT11M25.00S,shootingFoul2,attemptEquivalent,2,2,
0022500876,1628983,S. Gilgeous-Alexander,1610612760,OKC,3,PT01M50.00S,shootingFoul2,attemptEquivalent,2,2,
0022500876,1630598,A. Wiggins,1610612760,OKC,3,PT01M16.00S,bonus,attemptEquivalent,1,2,
0022500876,1628983,S. Gilgeous-Alexander,1610612760,OKC,3,PT00M31.50S,shootingFoul2,attemptEquivalent,2,2,
0022500876,1628997,C. Martin,1610612742,DAL,4,PT05M51.00S,shootingFoul2,attemptEquivalent,2,2,
0022500876,203939,D. Powell,1610612742,DAL,4,PT03M10.00S,bonus,attemptEquivalent,1,2,
0022500876,1628983,S. Gilgeous-Alexander,1610612760,OKC,4,PT02M25.00S,shootingFoul2,attemptEquivalent,1,2,
0022500878,1629028,D. Ayton,1610612747,LAL,1,PT09M29.00S,andOne,addOn,0,1,26
0022500878,1629029,L. Dončić,1610612747,LAL,1,PT07M12.00S,shootingFoul2,attemptEquivalent,2,2,
0022500878,1629637,J. Hayes,1610612747,LAL,1,PT04M39.00S,andOne,addOn,0,1,92
0022500878,1630559,A. Reaves,1610612747,LAL,1,PT04M33.00S,shootingFoul2,attemptEquivalent,2,2,
0022500878,1631342,D. Plowden,1610612758,SAC,1,PT04M17.00S,shootingFoul2,attemptEquivalent,2,2,
0022500878,1628370,M. Monk,1610612758,SAC,2,PT11M09.00S,shootingFoul2,attemptEquivalent,2,2,
0022500878,1642269,D. Carter,1610612758,SAC,2,PT10M06.00S,shootingFoul2,attemptEquivalent,2,2,
0022500878,2544,L. James,1610612747,LAL,2,PT09M13.00S,shootingFoul2,attemptEquivalent,1,2,
0022500878,2544,L. James,1610612747,LAL,2,PT08M19.00S,shootingFoul2,attemptEquivalent,2,2,
0022500878,201566,R. Westbrook,1610612758,SAC,2,PT04M16.00S,andOne,addOn,1,1,289
0022500878,1629029,L. Dončić,1610612747,LAL,2,PT03M59.00S,shootingFoul2,attemptEquivalent,0,2,
0022500878,1642363,N. Clifford,1610612758,SAC,2,PT03M45.00S,shootingFoul2,attemptEquivalent,2,2,
0022500878,1629060,R. Hachimura,1610612747,LAL,2,PT01M07.00S,shootingFoul2,attemptEquivalent,2,2,
0022500878,201942,D. DeRozan,1610612758,SAC,2,PT00M57.50S,shootingFoul2,attemptEquivalent,2,2,
0022500878,1629029,L. Dončić,1610612747,LAL,3,PT07M40.00S,shootingFoul2,attemptEquivalent,1,2,
0022500878,1629029,L. Dončić,1610612747,LAL,3,PT05M38.00S,andOne,addOn,1,1,420
0022500878,1642363,N. Clifford,1610612758,SAC,3,PT03M58.00S,shootingFoul2,attemptEquivalent,1,2,
0022500878,1629234,D. Eubanks,1610612758,SAC,3,PT01M38.00S,bonus,attemptEquivalent,2,2,
0022500878,2544,L. James,1610612747,LAL,4,PT11M42.00S,shootingFoul2,attemptEquivalent,2,2,
0022500878,1642876,A. Thiero,1610612747,LAL,4,PT03M44.00S,andOne,addOn,1,1,608
0022500879,201142,K. Durant,1610612745,HOU,1,PT09M50.00S,shootingFoul2,attemptEquivalent,2,2,
0022500879,1630578,A. Sengun,1610612745,HOU,1,PT06M43.00S,shootingFoul2,attemptEquivalent,2,2,
0022500879,201142,K. Durant,1610612745,HOU,1,PT04M56.00S,shootingFoul2,attemptEquivalent,2,2,
0022500879,1642860,W. Riley,1610612764,WAS,1,PT03M58.00S,shootingFoul2,attemptEquivalent,2,2,
0022500879,203991,C. Capela,1610612745,HOU,1,PT02M15.00S,shootingFoul2,attemptEquivalent,2,2,
0022500879,1630702,J. Hardy,1610612764,WAS,2,PT08M01.00S,andOne,addOn,0,1,222
0022500879,1630578,A. Sengun,1610612745,HOU,2,PT06M50.00S,shootingFoul2,attemptEquivalent,1,2,
0022500879,201142,K. Durant,1610612745,HOU,2,PT04M09.00S,shootingFoul2,attemptEquivalent,2,2,
0022500879,1642273,K. George,1610612764,WAS,2,PT03M51.00S,shootingFoul2,attemptEquivalent,1,2,
0022500879,1630578,A. Sengun,1610612745,HOU,2,PT03M19.00S,shootingFoul2,attemptEquivalent,2,2,
0022500879,1631106,T. Eason,1610612745,HOU,2,PT00M22.80S,andOne,addOn,1,1,322
0022500879,1641708,A. Thompson,1610612745,HOU,3,PT11M12.00S,andOne,addOn,1,1,354
0022500879,1642273,K. George,1610612764,WAS,3,PT09M37.00S,shootingFoul2,attemptEquivalent,2,2,
0022500879,201142,K. Durant,1610612745,HOU,3,PT03M34.00S,shootingFoul2,attemptEquivalent,2,2,
0022500879,1630578,A. Sengun,1610612745,HOU,3,PT00M06.30S,shootingFoul2,attemptEquivalent,0,2,
0022500879,1630578,A. Sengun,1610612745,HOU,4,PT08M11.00S,shootingFoul2,attemptEquivalent,2,2,
0022500879,1642263,R. Sheppard,1610612745,HOU,4,PT07M07.00S,bonus,attemptEquivalent,1,2,
0022500879,1630702,J. Hardy,1610612764,WAS,4,PT04M54.00S,shootingFoul2,attemptEquivalent,1,2,
0022500879,1642860,W. Riley,1610612764,WAS,4,PT04M38.00S,bonus,attemptEquivalent,2,2,
0022500879,201142,K. Durant,1610612745,HOU,4,PT04M17.00S,shootingFoul3,attemptEquivalent,3,3,
0022500879,1630578,A. Sengun,1610612745,HOU,4,PT03M28.00S,andOne,addOn,1,1,668
0022500879,1630536,S. Cooper,1610612764,WAS,4,PT01M29.00S,bonus,attemptEquivalent,2,2,
0022500881,1627750,J. Murray,1610612743,DEN,1,PT11M25.00S,shootingFoul2,attemptEquivalent,2,2,
0022500881,1641718,K. George,1610612762,UTA,1,PT11M18.00S,shootingFoul2,attemptEquivalent,1,2,
0022500881,1642262,C. Williams,1610612762,UTA,1,PT09M52.00S,shootingFoul2,attemptEquivalent,1,2,
0022500881,1642271,K. Filipowski,1610612762,UTA,1,PT09M23.00S,shootingFoul2,attemptEquivalent,2,2,
0022500881,1627750,J. Murray,1610612743,DEN,1,PT06M07.00S,shootingFoul2,attemptEquivalent,2,2,
0022500881,203999,N. Jokić,1610612743,DEN,1,PT01M58.00S,shootingFoul2,attemptEquivalent,2,2,
0022500881,1641989,E. Harkless,1610612762,UTA,2,PT03M32.00S,shootingFoul2,attemptEquivalent,2,2,
0022500881,203999,N. Jokić,1610612743,DEN,2,PT00M09.30S,bonus,attemptEquivalent,2,2,
0022500881,1631128,C. Braun,1610612743,DEN,3,PT11M32.00S,andOne,addOn,0,1,310
0022500881,1642846,A. Bailey,1610612762,UTA,3,PT10M01.00S,shootingFoul2,attemptEquivalent,2,2,
0022500881,1642271,K. Filipowski,1610612762,UTA,3,PT09M24.00S,shootingFoul2,attemptEquivalent,1,2,
0022500881,1642271,K. Filipowski,1610612762,UTA,3,PT09M00.00S,shootingFoul2,attemptEquivalent,2,2,
0022500881,1641718,K. George,1610612762,UTA,3,PT08M16.00S,shootingFoul2,attemptEquivalent,2,2,
0022500881,202685,J. Valančiūnas,1610612743,DEN,3,PT08M04.00S,andOne,addOn,1,1,348
0022500881,1642271,K. Filipowski,1610612762,UTA,3,PT07M03.00S,bonus,attemptEquivalent,2,2,
0022500881,1642271,K. Filipowski,1610612762,UTA,3,PT04M50.00S,andOne,addOn,1,1,383
0022500881,1627750,J. Murray,1610612743,DEN,3,PT04M42.00S,shootingFoul2,attemptEquivalent,1,2,
0022500881,1629004,S. Mykhailiuk,1610612762,UTA,3,PT03M56.00S,bonus,attemptEquivalent,1,2,
0022500881,1642846,A. Bailey,1610612762,UTA,3,PT03M28.00S,bonus,attemptEquivalent,2,2,
0022500881,202685,J. Valančiūnas,1610612743,DEN,3,PT00M51.50S,bonus,attemptEquivalent,2,2,
0022500881,1631124,J. Strawther,1610612743,DEN,4,PT08M37.00S,shootingFoul2,attemptEquivalent,2,2,
0022500881,1631128,C. Braun,1610612743,DEN,4,PT07M32.00S,shootingFoul2,attemptEquivalent,2,2,
0022500881,1641729,B. Sensabaugh,1610612762,UTA,4,PT06M21.00S,shootingFoul2,attemptEquivalent,2,2,
0022500881,1629618,J. Pickett,1610612743,DEN,4,PT05M41.00S,bonus,attemptEquivalent,2,2,
0022500881,202685,J. Valančiūnas,1610612743,DEN,4,PT05M10.00S,shootingFoul2,attemptEquivalent,2,2,
0022500881,1627750,J. Murray,1610612743,DEN,4,PT04M42.00S,shootingFoul2,attemptEquivalent,2,2,
0022500881,1627750,J. Murray,1610612743,DEN,4,PT04M08.00S,bonus,attemptEquivalent,2,2,
0022500881,203999,N. Jokić,1610612743,DEN,4,PT01M53.00S,bonus,attemptEquivalent,2,2,
0022500881,203999,N. Jokić,1610612743,DEN,4,PT01M35.00S,bonus,attemptEquivalent,2,2,
0022500881,1641718,K. George,1610612762,UTA,4,PT01M28.00S,andOne,addOn,1,1,597
0022500881,1627750,J. Murray,1610612743,DEN,4,PT00M31.80S,shootingFoul2,attemptEquivalent,2,2,
0022500881,203999,N. Jokić,1610612743,DEN,4,PT00M31.80S,awayFromPlay,addOn,0,1,
0022500881,203999,N. Jokić,1610612743,DEN,4,PT00M06.10S,bonus,attemptEquivalent,2,2,
0022500885,1629048,G. Bitadze,1610612753,ORL,1,PT10M51.00S,shootingFoul2,attemptEquivalent,1,2,
0022500885,1631094,P. Banchero,1610612753,ORL,1,PT10M19.00S,shootingFoul2,attemptEquivalent,2,2,
0022500885,1629048,G. Bitadze,1610612753,ORL,1,PT05M28.00S,shootingFoul2,attemptEquivalent,1,2,
0022500885,1642848,T. Johnson,1610612764,WAS,1,PT03M39.00S,shootingFoul2,attemptEquivalent,2,2,
0022500885,1629021,M. Wagner,1610612753,ORL,1,PT02M57.00S,shootingFoul2,attemptEquivalent,2,2,
0022500885,1630551,J. Champagnie,1610612764,WAS,1,PT02M35.00S,andOne,addOn,1,1,126
0022500885,1630702,J. Hardy,1610612764,WAS,1,PT00M58.10S,shootingFoul2,attemptEquivalent,2,2,
0022500885,1629021,M. Wagner,1610612753,ORL,1,PT00M07.70S,bonus,attemptEquivalent,2,2,
0022500885,1630536,S. Cooper,1610612764,WAS,1,PT00M00.70S,shootingFoul3,attemptEquivalent,2,3,
0022500885,1629021,M. Wagner,1610612753,ORL,2,PT10M05.00S,shootingFoul2,attemptEquivalent,2,2,
0022500885,1642869,N. Penda,1610612753,ORL,2,PT09M44.00S,andOne,addOn,1,1,197
0022500885,1630217,D. Bane,1610612753,ORL,2,PT08M33.00S,shootingFoul2,attemptEquivalent,2,2,
0022500885,1642882,J. Reese,1610612764,WAS,2,PT08M05.00S,shootingFoul2,attemptEquivalent,0,2,
0022500885,1630217,D. Bane,1610612753,ORL,2,PT07M01.00S,bonus,attemptEquivalent,2,2,
0022500885,1630217,D. Bane,1610612753,ORL,2,PT06M40.00S,bonus,attemptEquivalent,2,2,
0022500885,1641778,L. Black,1610612764,WAS,2,PT05M42.00S,shootingFoul2,attemptEquivalent,2,2,
0022500885,1629048,G. Bitadze,1610612753,ORL,2,PT04M37.00S,shootingFoul2,attemptEquivalent,2,2,
0022500885,1631094,P. Banchero,1610612753,ORL,2,PT03M45.00S,bonus,attemptEquivalent,1,2,
0022500885,1630217,D. Bane,1610612753,ORL,2,PT03M22.00S,bonus,attemptEquivalent,2,2,
0022500885,1642267,B. Carrington,1610612764,WAS,2,PT01M34.00S,awayFromPlay,addOn,0,1,
0022500885,1642860,W. Riley,1610612764,WAS,3,PT11M05.00S,andOne,addOn,0,1,359
0022500885,1631094,P. Banchero,1610612753,ORL,3,PT10M26.00S,andOne,addOn,1,1,368
0022500885,1631094,P. Banchero,1610612753,ORL,3,PT08M30.00S,shootingFoul2,attemptEquivalent,2,2,
0022500885,1642860,W. Riley,1610612764,WAS,3,PT07M34.00S,shootingFoul2,attemptEquivalent,1,2,
0022500885,1629048,G. Bitadze,1610612753,ORL,3,PT07M04.00S,shootingFoul2,attemptEquivalent,1,2,
0022500885,1642848,T. Johnson,1610612764,WAS,3,PT05M54.00S,shootingFoul2,attemptEquivalent,1,2,
0022500885,1642882,J. Reese,1610612764,WAS,3,PT01M41.00S,shootingFoul2,attemptEquivalent,1,2,
0022500885,1628975,J. Carter,1610612753,ORL,3,PT00M13.60S,shootingFoul2,attemptEquivalent,1,2,
0022500885,1630536,S. Cooper,1610612764,WAS,3,PT00M08.20S,bonus,attemptEquivalent,2,2,
0022500885,1630536,S. Cooper,1610612764,WAS,4,PT06M16.00S,andOne,addOn,1,1,581
0022500885,1641724,J. Howard,1610612753,ORL,4,PT05M35.00S,andOne,addOn,1,1,590
0022500885,1630702,J. Hardy,1610612764,WAS,4,PT04M09.00S,shootingFoul2,attemptEquivalent,1,2,
0022500885,1641724,J. Howard,1610612753,ORL,4,PT02M34.00S,shootingFoul2,attemptEquivalent,2,2,
0022500885,1642869,N. Penda,1610612753,ORL,4,PT00M43.90S,bonus,attemptEquivalent,2,2,
0022500892,1630173,P. Achiuwa,1610612758,SAC,1,PT09M43.00S,shootingFoul2,attemptEquivalent,2,2,
0022500892,1630224,J. Green,1610612756,PHX,1,PT07M56.00S,shootingFoul2,attemptEquivalent,2,2,
0022500892,201942,D. DeRozan,1610612758,SAC,1,PT05M11.00S,shootingFoul2,attemptEquivalent,1,2,
0022500892,1642345,O. Ighodaro,1610612756,PHX,1,PT03M14.00S,shootingFoul2,attemptEquivalent,0,2,
0022500892,1630224,J. Green,1610612756,PHX,2,PT08M05.00S,andOne,addOn,1,1,212
0022500892,1642875,M. Raynaud,1610612758,SAC,2,PT02M30.00S,andOne,addOn,1,1,289
0022500892,201942,D. DeRozan,1610612758,SAC,2,PT01M43.00S,shootingFoul2,attemptEquivalent,2,2,
0022500892,1628960,G. Allen,1610612756,PHX,2,PT00M04.40S,shootingFoul2,attemptEquivalent,2,2,
0022500892,1631109,M. Williams,1610612756,PHX,3,PT11M36.00S,shootingFoul2,attemptEquivalent,1,2,
0022500892,201942,D. DeRozan,1610612758,SAC,3,PT10M34.00S,shootingFoul2,attemptEquivalent,1,2,
0022500892,1631109,M. Williams,1610612756,PHX,3,PT06M46.00S,shootingFoul2,attemptEquivalent,2,2,
0022500892,1630224,J. Green,1610612756,PHX,3,PT05M19.00S,andOne,addOn,1,1,426
0022500892,1631342,D. Plowden,1610612758,SAC,3,PT04M16.00S,shootingFoul2,attemptEquivalent,2,2,
0022500892,1642346,R. Dunn,1610612756,PHX,3,PT00M59.70S,bonus,attemptEquivalent,0,2,
0022500892,201942,D. DeRozan,1610612758,SAC,4,PT10M36.00S,shootingFoul2,attemptEquivalent,2,2,
0022500892,1642875,M. Raynaud,1610612758,SAC,4,PT10M04.00S,shootingFoul2,attemptEquivalent,1,2,
0022500892,201566,R. Westbrook,1610612758,SAC,4,PT09M30.00S,shootingFoul2,attemptEquivalent,1,2,
0022500892,201942,D. DeRozan,1610612758,SAC,4,PT05M15.00S,andOne,addOn,1,1,590
0022500892,1631109,M. Williams,1610612756,PHX,4,PT04M09.00S,shootingFoul2,attemptEquivalent,1,2,
0022500893,1628969,M. Bridges,1610612752,NYK,1,PT09M11.00S,andOne,addOn,1,1,27
0022500893,1627936,A. Caruso,1610612760,OKC,1,PT03M32.00S,shootingFoul2,attemptEquivalent,0,2,
0022500893,1630598,A. Wiggins,1610612760,OKC,2,PT07M38.00S,shootingFoul2,attemptEquivalent,1,2,
0022500893,1626157,K. Towns,1610612752,NYK,2,PT06M59.00S,shootingFoul2,attemptEquivalent,1,2,
0022500893,1630631,J. Alvarado,1610612752,NYK,2,PT04M33.00S,shootingFoul2,attemptEquivalent,1,2,
0022500893,1626157,K. Towns,1610612752,NYK,3,PT10M50.00S,shootingFoul2,attemptEquivalent,2,2,
0022500893,1628973,J. Brunson,1610612752,NYK,3,PT10M28.00S,shootingFoul2,attemptEquivalent,1,2,
0022500893,1629652,L. Dort,1610612760,OKC,3,PT09M36.00S,shootingFoul2,attemptEquivalent,2,2,
0022500893,1628983,S. Gilgeous-Alexander,1610612760,OKC,3,PT08M45.00S,shootingFoul2,attemptEquivalent,2,2,
0022500893,1629013,L. Shamet,1610612752,NYK,3,PT07M22.00S,andOne,addOn,1,1,392
0022500893,1628983,S. Gilgeous-Alexander,1610612760,OKC,3,PT07M12.00S,shootingFoul2,attemptEquivalent,2,2,
0022500893,1642272,J. McCain,1610612760,OKC,3,PT05M12.00S,shootingFoul2,attemptEquivalent,2,2,
0022500893,1629013,L. Shamet,1610612752,NYK,3,PT04M31.00S,shootingFoul2,attemptEquivalent,2,2,
0022500893,1628973,J. Brunson,1610612752,NYK,3,PT04M05.00S,bonus,attemptEquivalent,2,2,
0022500893,1631119,J. Williams,1610612760,OKC,3,PT01M38.00S,bonus,attemptEquivalent,2,2,
0022500893,1628973,J. Brunson,1610612752,NYK,4,PT10M48.00S,shootingFoul2,attemptEquivalent,1,2,
0022500893,1630198,I. Joe,1610612760,OKC,4,PT10M15.00S,shootingFoul2,attemptEquivalent,2,2,
0022500893,1628969,M. Bridges,1610612752,NYK,4,PT08M34.00S,shootingFoul2,attemptEquivalent,1,2,
0022500893,1629652,L. Dort,1610612760,OKC,4,PT06M33.00S,bonus,attemptEquivalent,1,2,
0022500893,1630198,I. Joe,1610612760,OKC,4,PT06M03.00S,bonus,attemptEquivalent,2,2,
0022500893,1629652,L. Dort,1610612760,OKC,4,PT04M06.00S,bonus,attemptEquivalent,2,2,
0022500893,1629013,L. Shamet,1610612752,NYK,4,PT03M41.00S,shootingFoul2,attemptEquivalent,1,2,
0022500893,1628983,S. Gilgeous-Alexander,1610612760,OKC,4,PT02M59.00S,shootingFoul2,attemptEquivalent,2,2,
0022500893,1628404,J. Hart,1610612752,NYK,4,PT01M32.00S,shootingFoul2,attemptEquivalent,2,2,
0022500895,1631230,D. Barlow,1610612755,PHI,1,PT10M49.00S,andOne,addOn,1,1,15
0022500895,1642271,K. Filipowski,1610612762,UTA,1,PT07M02.00S,shootingFoul2,attemptEquivalent,2,2,
0022500895,1630178,T. Maxey,1610612755,PHI,1,PT05M37.00S,shootingFoul2,attemptEquivalent,2,2,
0022500895,1642268,I. Collier,1610612762,UTA,1,PT00M33.50S,bonus,attemptEquivalent,2,2,
0022500895,1631133,J. Walker,1610612755,PHI,1,PT00M15.50S,bonus,attemptEquivalent,1,2,
0022500895,1642268,I. Collier,1610612762,UTA,2,PT10M02.00S,shootingFoul2,attemptEquivalent,2,2,
0022500895,1642268,I. Collier,1610612762,UTA,2,PT08M06.00S,shootingFoul2,attemptEquivalent,2,2,
0022500895,1629656,Q. Grimes,1610612755,PHI,2,PT05M10.00S,andOne,addOn,0,1,256
0022500895,200768,K. Lowry,1610612755,PHI,2,PT04M37.00S,shootingFoul2,attemptEquivalent,2,2,
0022500895,1641729,B. Sensabaugh,1610612762,UTA,2,PT04M07.00S,andOne,addOn,1,1,272
0022500895,1630178,T. Maxey,1610612755,PHI,2,PT01M01.00S,shootingFoul2,attemptEquivalent,2,2,
0022500895,1641718,K. George,1610612762,UTA,2,PT00M43.10S,shootingFoul2,attemptEquivalent,2,2,
0022500895,1641718,K. George,1610612762,UTA,2,PT00M04.80S,shootingFoul2,attemptEquivalent,1,2,
0022500895,1641718,K. George,1610612762,UTA,3,PT08M17.00S,andOne,addOn,1,1,376
0022500895,1630570,T. Watford,1610612755,PHI,3,PT08M00.00S,andOne,addOn,1,1,381
0022500895,1642262,C. Williams,1610612762,UTA,3,PT05M22.00S,shootingFoul2,attemptEquivalent,2,2,
0022500895,1631133,J. Walker,1610612755,PHI,3,PT03M53.00S,shootingFoul2,attemptEquivalent,1,2,
0022500895,1630178,T. Maxey,1610612755,PHI,3,PT03M29.00S,bonus,attemptEquivalent,2,2,
0022500895,1630178,T. Maxey,1610612755,PHI,3,PT02M43.00S,andOne,addOn,1,1,469
0022500895,203083,A. Drummond,1610612755,PHI,3,PT00M35.80S,andOne,addOn,0,1,495
0022500895,1642268,I. Collier,1610612762,UTA,4,PT09M35.00S,shootingFoul2,attemptEquivalent,2,2,
0022500895,1629656,Q. Grimes,1610612755,PHI,4,PT00M16.40S,shootingFoul2,attemptEquivalent,2,2,
0022500895,1631133,J. Walker,1610612755,PHI,4,PT00M02.50S,bonus,attemptEquivalent,2,2,
0022500900,1642846,A. Bailey,1610612762,UTA,1,PT10M10.00S,shootingFoul2,attemptEquivalent,1,2,
0022500900,1641729,B. Sensabaugh,1610612762,UTA,1,PT00M33.00S,shootingFoul2,attemptEquivalent,2,2,
0022500900,1642860,W. Riley,1610612764,WAS,2,PT11M38.00S,shootingFoul2,attemptEquivalent,2,2,
0022500900,1642860,W. Riley,1610612764,WAS,2,PT10M06.00S,shootingFoul2,attemptEquivalent,1,2,
0022500900,1630264,A. Gill,1610612764,WAS,2,PT09M46.00S,andOne,addOn,1,1,178
0022500900,1630264,A. Gill,1610612764,WAS,2,PT08M09.00S,bonus,attemptEquivalent,1,2,
0022500900,1630264,A. Gill,1610612764,WAS,2,PT06M03.00S,shootingFoul2,attemptEquivalent,1,2,
0022500900,1641778,L. Black,1610612764,WAS,2,PT04M32.00S,shootingFoul2,attemptEquivalent,2,2,
0022500900,1629027,T. Young,1610612764,WAS,2,PT02M48.00S,bonus,attemptEquivalent,1,2,
0022500900,1641729,B. Sensabaugh,1610612762,UTA,2,PT02M34.00S,shootingFoul2,attemptEquivalent,1,2,
0022500900,1642262,C. Williams,1610612762,UTA,2,PT02M17.00S,bonus,attemptEquivalent,2,2,
0022500900,1642268,I. Collier,1610612762,UTA,2,PT01M06.00S,andOne,addOn,0,1,325
0022500900,1629027,T. Young,1610612764,WAS,2,PT01M00.00S,bonus,attemptEquivalent,2,2,
0022500900,1629027,T. Young,1610612764,WAS,3,PT11M38.00S,andOne,addOn,0,1,352
0022500900,1642268,I. Collier,1610612762,UTA,3,PT10M14.00S,shootingFoul2,attemptEquivalent,2,2,
0022500900,1642268,I. Collier,1610612762,UTA,3,PT09M13.00S,shootingFoul2,attemptEquivalent,1,2,
0022500900,1629027,T. Young,1610612764,WAS,3,PT07M58.00S,andOne,addOn,0,1,413
0022500900,1641731,B. Coulibaly,1610612764,WAS,3,PT07M05.00S,shootingFoul2,attemptEquivalent,0,2,
0022500900,1642882,J. Reese,1610612764,WAS,3,PT00M46.00S,bonus,attemptEquivalent,2,2,
0022500900,1642396,B. Hinson,1610612762,UTA,3,PT00M35.30S,shootingFoul3,attemptEquivalent,2,3,
0022500900,1642882,J. Reese,1610612764,WAS,4,PT10M43.00S,shootingFoul2,attemptEquivalent,2,2,
0022500900,1630702,J. Hardy,1610612764,WAS,4,PT08M33.00S,shootingFoul2,attemptEquivalent,1,2,
0022500900,1642882,J. Reese,1610612764,WAS,4,PT07M21.00S,bonus,attemptEquivalent,2,2,
0022500900,1642882,J. Reese,1610612764,WAS,4,PT04M24.00S,shootingFoul2,attemptEquivalent,2,2,
0022500900,1642268,I. Collier,1610612762,UTA,4,PT01M09.00S,andOne,addOn,1,1,645
0022500900,1641731,B. Coulibaly,1610612764,WAS,4,PT00M55.90S,shootingFoul2,attemptEquivalent,1,2,
0022500907,201566,R. Westbrook,1610612758,SAC,1,PT11M10.00S,shootingFoul2,attemptEquivalent,0,2,
0022500907,1630529,H. Jones,1610612740,NOP,1,PT08M20.00S,shootingFoul2,attemptEquivalent,2,2,
0022500907,201942,D. DeRozan,1610612758,SAC,1,PT08M10.00S,shootingFoul2,attemptEquivalent,2,2,
0022500907,1629627,Z. Williamson,1610612740,NOP,1,PT07M37.00S,andOne,addOn,0,1,48
0022500907,1630530,T. Murphy III,1610612740,NOP,1,PT05M46.00S,shootingFoul2,attemptEquivalent,1,2,
0022500907,1630173,P. Achiuwa,1610612758,SAC,1,PT04M50.00S,shootingFoul2,attemptEquivalent,2,2,
0022500907,201942,D. DeRozan,1610612758,SAC,1,PT02M10.00S,andOne,addOn,0,1,135
0022500907,1642852,D. Queen,1610612740,NOP,1,PT02M03.00S,shootingFoul2,attemptEquivalent,2,2,
0022500907,1630180,S. Bey,1610612740,NOP,1,PT01M28.00S,shootingFoul2,attemptEquivalent,1,2,
0022500907,1628370,M. Monk,1610612758,SAC,1,PT00M45.80S,shootingFoul2,attemptEquivalent,2,2,
0022500907,1631121,B. McGowens,1610612740,NOP,2,PT10M14.00S,andOne,addOn,1,1,194
0022500907,1642852,D. Queen,1610612740,NOP,2,PT09M42.00S,shootingFoul2,attemptEquivalent,2,2,
0022500907,1642274,Y. Missi,1610612740,NOP,2,PT02M52.00S,andOne,addOn,1,1,308
0022500907,201942,D. DeRozan,1610612758,SAC,2,PT02M27.00S,shootingFoul2,attemptEquivalent,1,2,
0022500907,1630530,T. Murphy III,1610612740,NOP,2,PT02M14.00S,shootingFoul2,attemptEquivalent,2,2,
0022500907,1631121,B. McGowens,1610612740,NOP,2,PT00M50.50S,shootingFoul2,attemptEquivalent,2,2,
0022500907,201566,R. Westbrook,1610612758,SAC,3,PT10M11.00S,andOne,addOn,1,1,385
0022500907,1630173,P. Achiuwa,1610612758,SAC,3,PT05M55.00S,shootingFoul2,attemptEquivalent,1,2,
0022500907,1630165,K. Hayes,1610612758,SAC,3,PT01M32.00S,shootingFoul2,attemptEquivalent,2,2,
0022500907,1629234,D. Eubanks,1610612758,SAC,3,PT00M52.20S,andOne,addOn,0,1,494
0022500907,1630180,S. Bey,1610612740,NOP,4,PT09M48.00S,shootingFoul2,attemptEquivalent,2,2,
0022500907,1630173,P. Achiuwa,1610612758,SAC,4,PT09M27.00S,shootingFoul2,attemptEquivalent,1,2,
0022500907,1630180,S. Bey,1610612740,NOP,4,PT09M12.00S,shootingFoul2,attemptEquivalent,2,2,
0022500907,1629627,Z. Williamson,1610612740,NOP,4,PT06M28.00S,shootingFoul2,attemptEquivalent,2,2,
0022500907,1629234,D. Eubanks,1610612758,SAC,4,PT04M45.00S,shootingFoul2,attemptEquivalent,1,2,
0022500907,1629627,Z. Williamson,1610612740,NOP,4,PT03M02.00S,shootingFoul2,attemptEquivalent,1,2,
0022500907,201566,R. Westbrook,1610612758,SAC,4,PT00M39.20S,bonus,attemptEquivalent,2,2,
0022500907,1642877,M. Peavy,1610612740,NOP,4,PT00M22.20S,shootingFoul2,attemptEquivalent,2,2,
0022500919,203507,G. Antetokounmpo,1610612749,MIL,1,PT10M37.00S,shootingFoul2,attemptEquivalent,1,2,
0022500919,203507,G. Antetokounmpo,1610612749,MIL,1,PT08M35.00S,andOne,addOn,1,1,39
0022500919,1626167,M. Turner,1610612749,MIL,1,PT08M16.00S,shootingFoul2,attemptEquivalent,1,2,
0022500919,203507,G. Antetokounmpo,1610612749,MIL,1,PT07M54.00S,shootingFoul2,attemptEquivalent,2,2,
0022500919,1629723,J. Konchar,1610612762,UTA,1,PT06M08.00S,shootingFoul2,attemptEquivalent,0,2,
0022500919,203507,G. Antetokounmpo,1610612749,MIL,1,PT04M54.00S,shootingFoul2,attemptEquivalent,1,2,
0022500919,1631260,A. Green,1610612749,MIL,1,PT01M10.00S,bonus,attemptEquivalent,1,2,
0022500919,1630560,C. Thomas,1610612749,MIL,1,PT00M49.30S,shootingFoul2,attemptEquivalent,0,2,
0022500919,1628398,K. Kuzma,1610612749,MIL,2,PT09M35.00S,shootingFoul2,attemptEquivalent,2,2,
0022500919,1641718,K. George,1610612762,UTA,2,PT01M20.00S,shootingFoul2,attemptEquivalent,2,2,
0022500919,1641718,K. George,1610612762,UTA,2,PT00M47.90S,bonus,attemptEquivalent,2,2,
0022500919,1642262,C. Williams,1610612762,UTA,3,PT11M22.00S,shootingFoul2,attemptEquivalent,2,2,
0022500919,1641718,K. George,1610612762,UTA,3,PT10M52.00S,shootingFoul2,attemptEquivalent,2,2,
0022500919,1641718,K. George,1610612762,UTA,3,PT09M09.00S,shootingFoul2,attemptEquivalent,2,2,
0022500919,203507,G. Antetokounmpo,1610612749,MIL,3,PT08M37.00S,andOne,addOn,0,1,381
0022500919,1641718,K. George,1610612762,UTA,3,PT07M46.00S,shootingFoul2,attemptEquivalent,1,2,
0022500919,203507,G. Antetokounmpo,1610612749,MIL,3,PT07M10.00S,shootingFoul2,attemptEquivalent,0,2,
0022500919,1631131,O. Tshiebwe,1610612762,UTA,3,PT06M48.00S,andOne,addOn,0,1,412
0022500919,1641718,K. George,1610612762,UTA,3,PT05M44.00S,shootingFoul2,attemptEquivalent,2,2,
0022500919,1642271,K. Filipowski,1610612762,UTA,3,PT05M21.00S,shootingFoul3,attemptEquivalent,3,3,
0022500919,1629723,J. Konchar,1610612762,UTA,3,PT04M44.00S,shootingFoul2,attemptEquivalent,2,2,
0022500919,1641729,B. Sensabaugh,1610612762,UTA,4,PT10M04.00S,andOne,addOn,1,1,521
0022500919,1626171,B. Portis,1610612749,MIL,4,PT09M49.00S,shootingFoul2,attemptEquivalent,2,2,
0022500919,1630579,J. Sims,1610612749,MIL,4,PT08M36.00S,shootingFoul2,attemptEquivalent,0,2,
0022500919,1641729,B. Sensabaugh,1610612762,UTA,4,PT07M20.00S,andOne,addOn,1,1,561
0022500919,203507,G. Antetokounmpo,1610612749,MIL,4,PT06M35.00S,andOne,addOn,0,1,571
0022500919,1642271,K. Filipowski,1610612762,UTA,4,PT04M55.00S,shootingFoul2,attemptEquivalent,2,2,
0022500919,1642262,C. Williams,1610612762,UTA,4,PT04M21.00S,bonus,attemptEquivalent,2,2,
0022500919,1628398,K. Kuzma,1610612749,MIL,4,PT04M07.00S,andOne,addOn,1,1,613
0022500919,203507,G. Antetokounmpo,1610612749,MIL,4,PT03M32.00S,shootingFoul2,attemptEquivalent,2,2,
0022500919,203507,G. Antetokounmpo,1610612749,MIL,4,PT01M53.00S,shootingFoul2,attemptEquivalent,2,2,
0022500920,1630198,I. Joe,1610612760,OKC,1,PT08M40.00S,flagrant,addOn,2,2,
0022500920,1628983,S. Gilgeous-Alexander,1610612760,OKC,1,PT07M03.00S,shootingFoul2,attemptEquivalent,1,2,
0022500920,1630198,I. Joe,1610612760,OKC,1,PT06M10.00S,andOne,addOn,1,1,79
0022500920,1630598,A. Wiggins,1610612760,OKC,1,PT03M29.00S,bonus,attemptEquivalent,2,2,
0022500920,1628983,S. Gilgeous-Alexander,1610612760,OKC,1,PT01M32.00S,shootingFoul2,attemptEquivalent,2,2,
0022500920,1630611,G. Santos,1610612744,GSW,1,PT01M15.00S,andOne,addOn,1,1,154
0022500920,204001,K. Porziņģis,1610612744,GSW,2,PT09M58.00S,shootingFoul2,attemptEquivalent,1,2,
0022500920,1628983,S. Gilgeous-Alexander,1610612760,OKC,2,PT09M38.00S,shootingFoul3,attemptEquivalent,3,3,
0022500920,204001,K. Porziņģis,1610612744,GSW,2,PT09M21.00S,shootingFoul2,attemptEquivalent,1,2,
0022500920,1629026,K. Williams,1610612760,OKC,2,PT05M31.00S,andOne,addOn,1,1,256
0022500920,1630611,G. Santos,1610612744,GSW,2,PT02M32.00S,shootingFoul2,attemptEquivalent,1,2,
0022500920,204001,K. Porziņģis,1610612744,GSW,2,PT01M44.00S,bonus,attemptEquivalent,1,2,
0022500920,1641764,B. Podziemski,1610612744,GSW,3,PT05M48.00S,shootingFoul2,attemptEquivalent,2,2,
0022500920,1630611,G. Santos,1610612744,GSW,3,PT05M19.00S,shootingFoul2,attemptEquivalent,2,2,
0022500920,1628983,S. Gilgeous-Alexander,1610612760,OKC,3,PT03M52.00S,shootingFoul2,attemptEquivalent,2,2,
0022500920,1628983,S. Gilgeous-Alexander,1610612760,OKC,3,PT03M14.00S,shootingFoul2,attemptEquivalent,2,2,
0022500920,1627780,G. Payton II,1610612744,GSW,3,PT02M08.00S,bonus,attemptEquivalent,0,2,
0022500920,1631466,N. Williams,1610612744,GSW,3,PT00M57.70S,shootingFoul2,attemptEquivalent,2,2,
0022500920,1628983,S. Gilgeous-Alexander,1610612760,OKC,3,PT00M39.70S,shootingFoul2,attemptEquivalent,2,2,
0022500920,1630198,I. Joe,1610612760,OKC,4,PT05M42.00S,shootingFoul3,attemptEquivalent,3,3,
0022500920,1630611,G. Santos,1610612744,GSW,4,PT02M02.00S,andOne,addOn,0,1,656
0022500920,1628983,S. Gilgeous-Alexander,1610612760,OKC,4,PT00M27.00S,bonus,attemptEquivalent,2,2,
0022500921,1628378,D. Mitchell,1610612739,CLE,1,PT11M13.00S,shootingFoul2,attemptEquivalent,2,2,
0022500921,1628369,J. Tatum,1610612738,BOS,1,PT05M08.00S,shootingFoul3,attemptEquivalent,3,3,
0022500921,201935,J. Harden,1610612739,CLE,1,PT03M19.00S,shootingFoul2,attemptEquivalent,0,2,
0022500921,1627759,J. Brown,1610612738,BOS,1,PT03M06.00S,andOne,addOn,1,1,112
0022500921,1628378,D. Mitchell,1610612739,CLE,1,PT02M57.00S,shootingFoul2,attemptEquivalent,2,2,
0022500921,1627759,J. Brown,1610612738,BOS,1,PT01M46.00S,bonus,attemptEquivalent,1,2,
0022500921,1628378,D. Mitchell,1610612739,CLE,1,PT00M45.50S,bonus,attemptEquivalent,2,2,
0022500921,1630568,L. Garza,1610612738,BOS,2,PT08M42.00S,shootingFoul2,attemptEquivalent,2,2,
0022500921,201935,J. Harden,1610612739,CLE,2,PT04M40.00S,shootingFoul2,attemptEquivalent,1,2,
0022500921,1628401,D. White,1610612738,BOS,2,PT04M28.00S,shootingFoul2,attemptEquivalent,2,2,
0022500921,1628369,J. Tatum,1610612738,BOS,2,PT04M02.00S,shootingFoul2,attemptEquivalent,2,2,
0022500921,1627759,J. Brown,1610612738,BOS,2,PT01M05.00S,shootingFoul2,attemptEquivalent,2,2,
0022500921,1627759,J. Brown,1610612738,BOS,2,PT00M25.80S,bonus,attemptEquivalent,2,2,
0022500921,1630596,E. Mobley,1610612739,CLE,2,PT00M12.30S,bonus,attemptEquivalent,1,2,
0022500921,1628378,D. Mitchell,1610612739,CLE,3,PT11M25.00S,shootingFoul2,attemptEquivalent,1,2,
0022500921,1630596,E. Mobley,1610612739,CLE,3,PT10M54.00S,andOne,addOn,1,1,382
0022500921,1627759,J. Brown,1610612738,BOS,3,PT07M19.00S,andOne,addOn,1,1,414
0022500921,1628378,D. Mitchell,1610612739,CLE,4,PT11M52.00S,andOne,addOn,0,1,522
0022500921,1627759,J. Brown,1610612738,BOS,4,PT11M33.00S,andOne,addOn,1,1,528
0022500921,1628378,D. Mitchell,1610612739,CLE,4,PT10M19.00S,shootingFoul2,attemptEquivalent,2,2,
0022500921,1628369,J. Tatum,1610612738,BOS,4,PT05M15.00S,shootingFoul2,attemptEquivalent,1,2,
0022500921,201935,J. Harden,1610612739,CLE,4,PT01M51.00S,shootingFoul3,attemptEquivalent,3,3,
0022500921,1630202,P. Pritchard,1610612738,BOS,4,PT00M36.00S,bonus,attemptEquivalent,2,2,
0022500925,1630180,S. Bey,1610612740,NOP,1,PT10M13.00S,shootingFoul2,attemptEquivalent,2,2,
0022500925,1629627,Z. Williamson,1610612740,NOP,1,PT08M22.00S,shootingFoul2,attemptEquivalent,1,2,
0022500925,1627749,D. Murray,1610612740,NOP,1,PT07M25.00S,shootingFoul2,attemptEquivalent,2,2,
0022500925,1641731,B. Coulibaly,1610612764,WAS,1,PT05M52.00S,shootingFoul2,attemptEquivalent,2,2,
0022500925,1630530,T. Murphy III,1610612740,NOP,1,PT05M06.00S,shootingFoul2,attemptEquivalent,2,2,
0022500925,1631121,B. McGowens,1610612740,NOP,1,PT03M38.00S,shootingFoul2,attemptEquivalent,2,2,
0022500925,201599,D. Jordan,1610612740,NOP,1,PT03M24.00S,bonus,attemptEquivalent,2,2,
0022500925,1630180,S. Bey,1610612740,NOP,1,PT02M53.00S,shootingFoul2,attemptEquivalent,0,2,
0022500925,1642882,J. Reese,1610612764,WAS,1,PT01M16.00S,bonus,attemptEquivalent,1,2,
0022500925,1630530,T. Murphy III,1610612740,NOP,2,PT10M03.00S,shootingFoul2,attemptEquivalent,2,2,
0022500925,1627749,D. Murray,1610612740,NOP,2,PT09M17.00S,shootingFoul2,attemptEquivalent,0,2,
0022500925,1630702,J. Hardy,1610612764,WAS,2,PT08M41.00S,andOne,addOn,1,1,229
0022500925,1629627,Z. Williamson,1610612740,NOP,2,PT07M18.00S,andOne,addOn,0,1,254
0022500925,1627749,D. Murray,1610612740,NOP,2,PT06M50.00S,shootingFoul3,attemptEquivalent,3,3,
0022500925,1629627,Z. Williamson,1610612740,NOP,2,PT05M02.00S,shootingFoul2,attemptEquivalent,2,2,
0022500925,1627749,D. Murray,1610612740,NOP,2,PT04M50.00S,bonus,attemptEquivalent,2,2,
0022500925,1630180,S. Bey,1610612740,NOP,2,PT03M38.00S,shootingFoul2,attemptEquivalent,1,2,
0022500925,1630180,S. Bey,1610612740,NOP,2,PT02M25.00S,shootingFoul2,attemptEquivalent,1,2,
0022500925,1629627,Z. Williamson,1610612740,NOP,2,PT01M33.00S,bonus,attemptEquivalent,1,2,
0022500925,1642848,T. Johnson,1610612764,WAS,2,PT01M25.00S,shootingFoul2,attemptEquivalent,2,2,
0022500925,1630530,T. Murphy III,1610612740,NOP,2,PT01M11.00S,shootingFoul2,attemptEquivalent,2,2,
0022500925,1642847,J. Fears,1610612740,NOP,2,PT00M40.90S,shootingFoul2,attemptEquivalent,2,2,
0022500925,1629027,T. Young,1610612764,WAS,2,PT00M29.20S,bonus,attemptEquivalent,1,2,
0022500925,1629027,T. Young,1610612764,WAS,2,PT00M03.50S,bonus,attemptEquivalent,2,2,
0022500925,1629027,T. Young,1610612764,WAS,3,PT08M51.00S,shootingFoul3,attemptEquivalent,2,3,
0022500925,1629627,Z. Williamson,1610612740,NOP,3,PT06M07.00S,shootingFoul2,attemptEquivalent,2,2,
0022500925,1629627,Z. Williamson,1610612740,NOP,3,PT04M00.00S,shootingFoul2,attemptEquivalent,2,2,
0022500925,1630180,S. Bey,1610612740,NOP,3,PT03M02.00S,shootingFoul2,attemptEquivalent,1,2,
0022500925,1642267,B. Carrington,1610612764,WAS,3,PT02M13.00S,andOne,addOn,1,1,521
0022500925,1642847,J. Fears,1610612740,NOP,3,PT02M02.00S,andOne,addOn,1,1,525
0022500925,1642882,J. Reese,1610612764,WAS,3,PT00M31.30S,shootingFoul2,attemptEquivalent,2,2,
0022500925,1642852,D. Queen,1610612740,NOP,4,PT11M18.00S,shootingFoul2,attemptEquivalent,2,2,
0022500925,1631255,K. Matković,1610612740,NOP,4,PT03M52.00S,shootingFoul2,attemptEquivalent,2,2,
0022500925,1642860,W. Riley,1610612764,WAS,4,PT03M39.00S,shootingFoul3,attemptEquivalent,3,3,
0022500925,1630702,J. Hardy,1610612764,WAS,4,PT01M40.00S,shootingFoul2,attemptEquivalent,1,2,
0022500925,1630536,S. Cooper,1610612764,WAS,4,PT01M19.00S,shootingFoul2,attemptEquivalent,1,2,
0022500925,1630536,S. Cooper,1610612764,WAS,4,PT00M47.30S,shootingFoul2,attemptEquivalent,2,2,
0022500930,201566,R. Westbrook,1610612758,SAC,1,PT11M38.00S,shootingFoul2,attemptEquivalent,2,2,
0022500930,1629012,C. Sexton,1610612741,CHI,1,PT05M54.00S,shootingFoul2,attemptEquivalent,1,2,
0022500930,1629012,C. Sexton,1610612741,CHI,1,PT05M05.00S,shootingFoul2,attemptEquivalent,2,2,
0022500930,1630200,T. Jones,1610612741,CHI,1,PT01M26.00S,shootingFoul2,attemptEquivalent,2,2,
0022500930,1642269,D. Carter,1610612758,SAC,1,PT01M04.00S,andOne,addOn,1,1,143
0022500930,1630208,N. Richards,1610612741,CHI,1,PT00M05.90S,shootingFoul2,attemptEquivalent,0,2,
0022500930,1641824,M. Buzelis,1610612741,CHI,2,PT10M58.00S,shootingFoul2,attemptEquivalent,2,2,
0022500930,1629234,D. Eubanks,1610612758,SAC,2,PT10M43.00S,shootingFoul2,attemptEquivalent,1,2,
0022500930,1641824,M. Buzelis,1610612741,CHI,2,PT09M00.00S,shootingFoul2,attemptEquivalent,2,2,
0022500930,1627824,G. Yabusele,1610612741,CHI,2,PT07M56.00S,shootingFoul2,attemptEquivalent,1,2,
0022500930,1642875,M. Raynaud,1610612758,SAC,2,PT07M40.00S,shootingFoul2,attemptEquivalent,2,2,
0022500930,1630188,J. Smith,1610612741,CHI,2,PT07M25.00S,shootingFoul2,attemptEquivalent,0,2,
0022500930,1630171,I. Okoro,1610612741,CHI,2,PT05M51.00S,bonus,attemptEquivalent,2,2,
0022500930,1631342,D. Plowden,1610612758,SAC,2,PT05M23.00S,shootingFoul2,attemptEquivalent,1,2,
0022500930,1642875,M. Raynaud,1610612758,SAC,2,PT04M36.00S,bonus,attemptEquivalent,2,2,
0022500930,1630171,I. Okoro,1610612741,CHI,2,PT04M23.00S,bonus,attemptEquivalent,1,2,
0022500930,1631342,D. Plowden,1610612758,SAC,3,PT11M30.00S,andOne,addOn,1,1,375
0022500930,1641824,M. Buzelis,1610612741,CHI,3,PT10M53.00S,shootingFoul2,attemptEquivalent,2,2,
0022500930,1641824,M. Buzelis,1610612741,CHI,3,PT08M46.00S,shootingFoul3,attemptEquivalent,2,3,
0022500930,201566,R. Westbrook,1610612758,SAC,3,PT08M09.00S,shootingFoul2,attemptEquivalent,2,2,
0022500930,1630208,N. Richards,1610612741,CHI,3,PT07M57.00S,andOne,addOn,1,1,434
0022500930,1630200,T. Jones,1610612741,CHI,3,PT05M04.00S,andOne,addOn,0,1,491
0022500930,1630208,N. Richards,1610612741,CHI,3,PT02M55.00S,shootingFoul2,attemptEquivalent,1,2,
0022500930,1630208,N. Richards,1610612741,CHI,3,PT02M02.00S,shootingFoul2,attemptEquivalent,2,2,
0022500930,1628370,M. Monk,1610612758,SAC,3,PT01M07.00S,shootingFoul2,attemptEquivalent,2,2,
0022500930,1628370,M. Monk,1610612758,SAC,4,PT10M41.00S,shootingFoul2,attemptEquivalent,2,2,
0022500930,1630581,J. Giddey,1610612741,CHI,4,PT09M11.00S,andOne,addOn,1,1,606
0022500930,1642875,M. Raynaud,1610612758,SAC,4,PT07M13.00S,shootingFoul2,attemptEquivalent,2,2,
0022500930,1630188,J. Smith,1610612741,CHI,4,PT04M21.00S,shootingFoul2,attemptEquivalent,1,2,
0022500930,1628370,M. Monk,1610612758,SAC,4,PT01M16.00S,andOne,addOn,1,1,709
0022500930,201566,R. Westbrook,1610612758,SAC,4,PT00M48.90S,bonus,attemptEquivalent,2,2,
0022500931,1626162,K. Oubre Jr.,1610612755,PHI,1,PT10M52.00S,shootingFoul2,attemptEquivalent,2,2,
0022500931,1631230,D. Barlow,1610612755,PHI,1,PT10M27.00S,shootingFoul2,attemptEquivalent,0,2,
0022500931,1630596,E. Mobley,1610612739,CLE,1,PT06M46.00S,andOne,addOn,1,1,59
0022500931,201935,J. Harden,1610612739,CLE,1,PT05M30.00S,shootingFoul2,attemptEquivalent,2,2,
0022500931,201935,J. Harden,1610612739,CLE,1,PT04M03.00S,shootingFoul2,attemptEquivalent,2,2,
0022500931,203471,D. Schröder,1610612739,CLE,1,PT01M11.00S,shootingFoul2,attemptEquivalent,2,2,
0022500931,1631213,T. Martin,1610612755,PHI,1,PT01M08.00S,bonus,attemptEquivalent,0,2,
0022500931,1629656,Q. Grimes,1610612755,PHI,1,PT00M07.50S,bonus,attemptEquivalent,2,2,
0022500931,1628378,D. Mitchell,1610612739,CLE,2,PT11M15.00S,shootingFoul2,attemptEquivalent,2,2,
0022500931,1628378,D. Mitchell,1610612739,CLE,2,PT10M06.00S,shootingFoul2,attemptEquivalent,2,2,
0022500931,1628378,D. Mitchell,1610612739,CLE,2,PT09M54.00S,andOne,addOn,1,1,209
0022500931,1631165,K. Ellis,1610612739,CLE,2,PT04M57.00S,bonus,attemptEquivalent,1,2,
0022500931,1631165,K. Ellis,1610612739,CLE,2,PT04M13.00S,shootingFoul2,attemptEquivalent,1,2,
0022500931,1628378,D. Mitchell,1610612739,CLE,2,PT01M42.00S,shootingFoul2,attemptEquivalent,2,2,
0022500931,1626166,C. Payne,1610612755,PHI,2,PT00M07.60S,bonus,attemptEquivalent,2,2,
0022500931,1626162,K. Oubre Jr.,1610612755,PHI,3,PT08M26.00S,shootingFoul3,attemptEquivalent,2,3,
0022500931,201935,J. Harden,1610612739,CLE,3,PT07M54.00S,shootingFoul2,attemptEquivalent,2,2,
0022500931,1631165,K. Ellis,1610612739,CLE,3,PT01M20.00S,andOne,addOn,1,1,498
0022500931,203083,A. Drummond,1610612755,PHI,3,PT01M00.00S,shootingFoul2,attemptEquivalent,2,2,
0022500931,1628378,D. Mitchell,1610612739,CLE,4,PT10M19.00S,shootingFoul2,attemptEquivalent,2,2,
0022500931,1631207,D. Terry,1610612755,PHI,4,PT06M34.00S,andOne,addOn,0,1,584
0022500931,1631165,K. Ellis,1610612739,CLE,4,PT05M30.00S,shootingFoul2,attemptEquivalent,2,2,
0022500931,1642348,J. Edwards,1610612755,PHI,4,PT02M30.00S,andOne,addOn,1,1,643
0022500933,203932,A. Gordon,1610612743,DEN,1,PT10M22.00S,shootingFoul3,attemptEquivalent,2,3,
0022500933,203932,A. Gordon,1610612743,DEN,1,PT10M05.00S,andOne,addOn,1,1,28
0022500933,1628983,S. Gilgeous-Alexander,1610612760,OKC,1,PT09M49.00S,andOne,addOn,1,1,34
0022500933,203932,A. Gordon,1610612743,DEN,1,PT07M07.00S,shootingFoul2,attemptEquivalent,2,2,
0022500933,1642272,J. McCain,1610612760,OKC,1,PT06M55.00S,shootingFoul2,attemptEquivalent,2,2,
0022500933,203932,A. Gordon,1610612743,DEN,1,PT06M47.00S,shootingFoul2,attemptEquivalent,2,2,
0022500933,1629026,K. Williams,1610612760,OKC,1,PT03M01.00S,shootingFoul2,attemptEquivalent,2,2,
0022500933,1631119,J. Williams,1610612760,OKC,1,PT02M26.00S,andOne,addOn,0,1,128
0022500933,203501,T. Hardaway Jr.,1610612743,DEN,2,PT10M54.00S,shootingFoul2,attemptEquivalent,0,2,
0022500933,1642349,A. Mitchell,1610612760,OKC,2,PT07M17.00S,andOne,addOn,1,1,227
0022500933,1629652,L. Dort,1610612760,OKC,2,PT06M00.00S,shootingFoul2,attemptEquivalent,0,2,
0022500933,1631128,C. Braun,1610612743,DEN,2,PT03M56.00S,shootingFoul2,attemptEquivalent,0,2,
0022500933,1629661,C. Johnson,1610612743,DEN,2,PT02M21.00S,shootingFoul2,attemptEquivalent,2,2,
0022500933,203932,A. Gordon,1610612743,DEN,2,PT01M33.00S,shootingFoul2,attemptEquivalent,2,2,
0022500933,1630598,A. Wiggins,1610612760,OKC,2,PT01M18.00S,bonus,attemptEquivalent,1,2,
0022500933,203999,N. Jokić,1610612743,DEN,2,PT00M41.20S,shootingFoul2,attemptEquivalent,2,2,
0022500933,203999,N. Jokić,1610612743,DEN,3,PT07M14.00S,shootingFoul2,attemptEquivalent,2,2,
0022500933,1642349,A. Mitchell,1610612760,OKC,3,PT01M29.00S,shootingFoul2,attemptEquivalent,2,2,
0022500933,1628983,S. Gilgeous-Alexander,1610612760,OKC,3,PT00M36.90S,andOne,addOn,1,1,482
0022500933,1628971,B. Brown,1610612743,DEN,4,PT10M16.00S,shootingFoul2,attemptEquivalent,1,2,
0022500933,1642349,A. Mitchell,1610612760,OKC,4,PT08M24.00S,shootingFoul2,attemptEquivalent,2,2,
0022500933,1631119,J. Williams,1610612760,OKC,4,PT07M12.00S,shootingFoul3,attemptEquivalent,2,3,
0022500933,1629661,C. Johnson,1610612743,DEN,4,PT06M47.00S,shootingFoul2,attemptEquivalent,1,2,
0022500933,1627750,J. Murray,1610612743,DEN,4,PT03M44.00S,shootingFoul2,attemptEquivalent,2,2,
0022500933,1628983,S. Gilgeous-Alexander,1610612760,OKC,4,PT02M56.00S,shootingFoul2,attemptEquivalent,2,2,
0022500933,203999,N. Jokić,1610612743,DEN,4,PT01M12.00S,flagrant,addOn,1,2,
0022500933,1627750,J. Murray,1610612743,DEN,4,PT00M08.50S,awayFromPlay,addOn,1,1,
0022500934,1641729,B. Sensabaugh,1610612762,UTA,1,PT08M31.00S,shootingFoul2,attemptEquivalent,1,2,
0022500934,1629001,D. Melton,1610612744,GSW,1,PT08M26.00S,shootingFoul2,attemptEquivalent,2,2,
0022500934,1641989,E. Harkless,1610612762,UTA,2,PT10M43.00S,shootingFoul2,attemptEquivalent,2,2,
0022500934,203552,S. Curry,1610612744,GSW,2,PT06M10.00S,shootingFoul3,attemptEquivalent,3,3,
0022500934,1642271,K. Filipowski,1610612762,UTA,2,PT01M42.00S,shootingFoul2,attemptEquivalent,2,2,
0022500934,1641729,B. Sensabaugh,1610612762,UTA,3,PT10M18.00S,shootingFoul2,attemptEquivalent,2,2,
0022500934,1642271,K. Filipowski,1610612762,UTA,3,PT07M51.00S,shootingFoul2,attemptEquivalent,2,2,
0022500934,1631466,N. Williams,1610612744,GSW,3,PT07M02.00S,andOne,addOn,1,1,389
0022500934,1642262,C. Williams,1610612762,UTA,3,PT06M54.00S,shootingFoul2,attemptEquivalent,2,2,
0022500934,1641718,K. George,1610612762,UTA,3,PT05M47.00S,shootingFoul2,attemptEquivalent,2,2,
0022500934,1641729,B. Sensabaugh,1610612762,UTA,3,PT04M37.00S,andOne,addOn,1,1,435
0022500934,1641729,B. Sensabaugh,1610612762,UTA,3,PT03M13.00S,andOne,addOn,1,1,458
0022500934,201567,K. Love,1610612762,UTA,3,PT02M44.00S,andOne,addOn,1,1,476
0022500934,1630611,G. Santos,1610612744,GSW,3,PT02M10.00S,shootingFoul2,attemptEquivalent,1,2,
0022500934,201567,K. Love,1610612762,UTA,3,PT02M00.00S,bonus,attemptEquivalent,2,2,
0022500934,1641764,B. Podziemski,1610612744,GSW,4,PT10M53.00S,shootingFoul2,attemptEquivalent,0,2,
0022500934,1631131,O. Tshiebwe,1610612762,UTA,4,PT10M34.00S,shootingFoul2,attemptEquivalent,2,2,
0022500934,1627780,G. Payton II,1610612744,GSW,4,PT08M10.00S,shootingFoul2,attemptEquivalent,2,2,
0022500934,1641989,E. Harkless,1610612762,UTA,4,PT05M37.00S,shootingFoul2,attemptEquivalent,2,2,
0022500934,1630611,G. Santos,1610612744,GSW,4,PT04M48.00S,shootingFoul2,attemptEquivalent,1,2,
0022500934,1629001,D. Melton,1610612744,GSW,4,PT03M18.00S,andOne,addOn,1,1,643
0022500934,1641764,B. Podziemski,1610612744,GSW,4,PT02M25.00S,bonus,attemptEquivalent,0,2,
0022500934,1629001,D. Melton,1610612744,GSW,4,PT01M57.00S,shootingFoul2,attemptEquivalent,2,2,
0022500934,1642271,K. Filipowski,1610612762,UTA,4,PT01M41.00S,shootingFoul2,attemptEquivalent,2,2,
0022500934,203110,D. Green,1610612744,GSW,4,PT01M26.00S,bonus,attemptEquivalent,1,2,
0022500934,1641989,E. Harkless,1610612762,UTA,4,PT00M18.30S,bonus,attemptEquivalent,1,2,
0022500934,1641989,E. Harkless,1610612762,UTA,4,PT00M01.70S,bonus,attemptEquivalent,2,2,
0022500938,1641796,P. Larsson,1610612748,MIA,1,PT08M16.00S,shootingFoul2,attemptEquivalent,2,2,
0022500938,1628389,B. Adebayo,1610612748,MIA,1,PT06M35.00S,shootingFoul2,attemptEquivalent,2,2,
0022500938,1628389,B. Adebayo,1610612748,MIA,1,PT03M35.00S,andOne,addOn,1,1,111
0022500938,1628389,B. Adebayo,1610612748,MIA,1,PT02M17.00S,shootingFoul2,attemptEquivalent,2,2,
0022500938,1641796,P. Larsson,1610612748,MIA,1,PT01M03.00S,bonus,attemptEquivalent,1,2,
0022500938,1628389,B. Adebayo,1610612748,MIA,1,PT00M06.00S,bonus,attemptEquivalent,1,2,
0022500938,1642860,W. Riley,1610612764,WAS,2,PT11M43.00S,shootingFoul2,attemptEquivalent,2,2,
0022500938,1631323,S. Fontecchio,1610612748,MIA,2,PT08M34.00S,shootingFoul3,attemptEquivalent,3,3,
0022500938,1628389,B. Adebayo,1610612748,MIA,2,PT05M53.00S,shootingFoul2,attemptEquivalent,1,2,
0022500938,1642860,W. Riley,1610612764,WAS,2,PT04M48.00S,andOne,addOn,1,1,284
0022500938,1628389,B. Adebayo,1610612748,MIA,2,PT02M27.00S,shootingFoul2,attemptEquivalent,2,2,
0022500938,1641731,B. Coulibaly,1610612764,WAS,2,PT01M47.00S,shootingFoul2,attemptEquivalent,2,2,
0022500938,1628389,B. Adebayo,1610612748,MIA,2,PT01M11.00S,bonus,attemptEquivalent,2,2,
0022500938,1628389,B. Adebayo,1610612748,MIA,2,PT00M41.90S,andOne,addOn,1,1,344
0022500938,1641731,B. Coulibaly,1610612764,WAS,3,PT09M35.00S,shootingFoul2,attemptEquivalent,1,2,
0022500938,1641796,P. Larsson,1610612748,MIA,3,PT08M49.00S,andOne,addOn,1,1,398
0022500938,1630558,D. Mitchell,1610612748,MIA,3,PT08M22.00S,shootingFoul2,attemptEquivalent,2,2,
0022500938,1642857,K. Jakučionis,1610612748,MIA,3,PT07M59.00S,shootingFoul2,attemptEquivalent,1,2,
0022500938,1642848,T. Johnson,1610612764,WAS,3,PT05M49.00S,andOne,addOn,0,1,445
0022500938,1628389,B. Adebayo,1610612748,MIA,3,PT05M31.00S,shootingFoul2,attemptEquivalent,2,2,
0022500938,1641731,B. Coulibaly,1610612764,WAS,3,PT04M49.00S,shootingFoul2,attemptEquivalent,1,2,
0022500938,1628389,B. Adebayo,1610612748,MIA,3,PT04M37.00S,shootingFoul2,attemptEquivalent,2,2,
0022500938,1628389,B. Adebayo,1610612748,MIA,3,PT03M59.00S,shootingFoul2,attemptEquivalent,2,2,
0022500938,1642860,W. Riley,1610612764,WAS,3,PT03M08.00S,bonus,attemptEquivalent,2,2,
0022500938,1628389,B. Adebayo,1610612748,MIA,3,PT02M55.00S,shootingFoul2,attemptEquivalent,1,2,
0022500938,1630536,S. Cooper,1610612764,WAS,3,PT02M40.00S,andOne,addOn,0,1,517
0022500938,1628389,B. Adebayo,1610612748,MIA,3,PT01M17.00S,bonus,attemptEquivalent,1,2,
0022500938,1628389,B. Adebayo,1610612748,MIA,3,PT00M47.20S,bonus,attemptEquivalent,1,2,
0022500938,1630536,S. Cooper,1610612764,WAS,3,PT00M38.20S,bonus,attemptEquivalent,2,2,
0022500938,1628389,B. Adebayo,1610612748,MIA,4,PT11M47.00S,shootingFoul2,attemptEquivalent,2,2,
0022500938,1642860,W. Riley,1610612764,WAS,4,PT11M37.00S,shootingFoul2,attemptEquivalent,1,2,
0022500938,1630551,J. Champagnie,1610612764,WAS,4,PT10M52.00S,shootingFoul2,attemptEquivalent,2,2,
0022500938,1628389,B. Adebayo,1610612748,MIA,4,PT09M05.00S,andOne,addOn,1,1,605
0022500938,1642352,K. Johnson,1610612748,MIA,4,PT08M18.00S,shootingFoul2,attemptEquivalent,1,2,
0022500938,1628389,B. Adebayo,1610612748,MIA,4,PT06M43.00S,shootingFoul2,attemptEquivalent,1,2,
0022500938,1628389,B. Adebayo,1610612748,MIA,4,PT05M46.00S,bonus,attemptEquivalent,1,2,
0022500938,1630702,J. Hardy,1610612764,WAS,4,PT05M29.00S,shootingFoul2,attemptEquivalent,2,2,
0022500938,1628389,B. Adebayo,1610612748,MIA,4,PT05M21.00S,bonus,attemptEquivalent,2,2,
0022500938,1628389,B. Adebayo,1610612748,MIA,4,PT03M26.00S,andOne,addOn,1,1,674
0022500938,1628389,B. Adebayo,1610612748,MIA,4,PT02M05.00S,shootingFoul2,attemptEquivalent,2,2,
0022500938,1630702,J. Hardy,1610612764,WAS,4,PT01M40.00S,bonus,attemptEquivalent,2,2,
0022500938,1628389,B. Adebayo,1610612748,MIA,4,PT01M37.00S,bonus,attemptEquivalent,2,2,
0022500938,1642267,B. Carrington,1610612764,WAS,4,PT01M35.00S,bonus,attemptEquivalent,1,2,
0022500938,1642352,K. Johnson,1610612748,MIA,4,PT01M25.00S,bonus,attemptEquivalent,0,2,
0022500938,1641731,B. Coulibaly,1610612764,WAS,4,PT01M24.00S,bonus,attemptEquivalent,2,2,
0022500938,1628389,B. Adebayo,1610612748,MIA,4,PT01M16.00S,shootingFoul2,attemptEquivalent,2,2,
0022500938,1642267,B. Carrington,1610612764,WAS,4,PT01M14.00S,bonus,attemptEquivalent,1,2,
0022500945,201942,D. DeRozan,1610612758,SAC,1,PT09M16.00S,shootingFoul2,attemptEquivalent,2,2,
0022500945,201942,D. DeRozan,1610612758,SAC,1,PT04M36.00S,shootingFoul2,attemptEquivalent,2,2,
0022500945,1630174,A. Nesmith,1610612754,IND,1,PT03M35.00S,shootingFoul2,attemptEquivalent,2,2,
0022500945,1630167,O. Toppin,1610612754,IND,1,PT01M14.00S,shootingFoul2,attemptEquivalent,2,2,
0022500945,1630174,A. Nesmith,1610612754,IND,2,PT06M07.00S,shootingFoul3,attemptEquivalent,3,3,
0022500945,1630167,O. Toppin,1610612754,IND,2,PT04M46.00S,shootingFoul2,attemptEquivalent,1,2,
0022500945,1630167,O. Toppin,1610612754,IND,2,PT04M27.00S,bonus,attemptEquivalent,2,2,
0022500945,201566,R. Westbrook,1610612758,SAC,2,PT03M47.00S,shootingFoul2,attemptEquivalent,2,2,
0022500945,1630174,A. Nesmith,1610612754,IND,2,PT03M31.00S,bonus,attemptEquivalent,2,2,
0022500945,1641716,J. Walker,1610612754,IND,2,PT01M32.00S,andOne,addOn,1,1,300
0022500945,1630167,O. Toppin,1610612754,IND,3,PT10M02.00S,flagrant,addOn,2,3,
0022500945,201566,R. Westbrook,1610612758,SAC,3,PT08M04.00S,shootingFoul2,attemptEquivalent,1,2,
0022500945,1631342,D. Plowden,1610612758,SAC,3,PT05M36.00S,shootingFoul2,attemptEquivalent,2,2,
0022500945,201566,R. Westbrook,1610612758,SAC,3,PT04M39.00S,shootingFoul2,attemptEquivalent,1,2,
0022500945,1642875,M. Raynaud,1610612758,SAC,3,PT04M15.00S,andOne,addOn,1,1,435
0022500945,1631245,Q. Jackson,1610612754,IND,3,PT04M00.00S,shootingFoul2,attemptEquivalent,2,2,
0022500945,1630165,K. Hayes,1610612758,SAC,3,PT03M52.00S,bonus,attemptEquivalent,1,2,
0022500945,1630165,K. Hayes,1610612758,SAC,3,PT03M18.00S,shootingFoul2,attemptEquivalent,2,2,
0022500945,1642363,N. Clifford,1610612758,SAC,3,PT03M04.00S,shootingFoul2,attemptEquivalent,0,2,
0022500945,1641738,K. Brown,1610612754,IND,3,PT01M33.00S,shootingFoul2,attemptEquivalent,2,2,
0022500945,1629234,D. Eubanks,1610612758,SAC,3,PT00M00.00S,bonus,attemptEquivalent,2,2,
0022500945,1642269,D. Carter,1610612758,SAC,4,PT11M26.00S,andOne,addOn,1,1,532
0022500945,1630695,M. Potter,1610612754,IND,4,PT11M03.00S,andOne,addOn,1,1,545
0022500945,1631342,D. Plowden,1610612758,SAC,4,PT09M00.00S,flagrant,addOn,3,3,
0022500945,1642269,D. Carter,1610612758,SAC,4,PT01M46.00S,shootingFoul2,attemptEquivalent,2,2,
0022500945,1642875,M. Raynaud,1610612758,SAC,4,PT00M16.70S,andOne,addOn,1,1,651
0022500945,1642363,N. Clifford,1610612758,SAC,4,PT00M06.90S,bonus,attemptEquivalent,2,2,
0022500947,1630596,E. Mobley,1610612739,CLE,1,PT11M19.00S,andOne,addOn,0,1,9
0022500947,1628378,D. Mitchell,1610612739,CLE,1,PT09M17.00S,andOne,addOn,1,1,32
0022500947,1631094,P. Banchero,1610612753,ORL,1,PT07M52.00S,shootingFoul2,attemptEquivalent,2,2,
0022500947,1641783,T. da Silva,1610612753,ORL,1,PT07M19.00S,andOne,addOn,1,1,54
0022500947,1630591,J. Suggs,1610612753,ORL,1,PT06M41.00S,shootingFoul3,attemptEquivalent,3,3,
0022500947,1630596,E. Mobley,1610612739,CLE,1,PT06M06.00S,shootingFoul2,attemptEquivalent,0,2,
0022500947,1630217,D. Bane,1610612753,ORL,1,PT02M49.00S,andOne,addOn,0,1,122
0022500947,1628378,D. Mitchell,1610612739,CLE,1,PT00M32.50S,shootingFoul2,attemptEquivalent,2,2,
0022500947,1629021,M. Wagner,1610612753,ORL,2,PT10M55.00S,shootingFoul2,attemptEquivalent,1,2,
0022500947,1630596,E. Mobley,1610612739,CLE,2,PT10M42.00S,andOne,addOn,1,1,182
0022500947,1630217,D. Bane,1610612753,ORL,2,PT10M02.00S,shootingFoul2,attemptEquivalent,2,2,
0022500947,1631094,P. Banchero,1610612753,ORL,2,PT09M35.00S,shootingFoul2,attemptEquivalent,1,2,
0022500947,201935,J. Harden,1610612739,CLE,2,PT06M26.00S,shootingFoul2,attemptEquivalent,2,2,
0022500947,1631094,P. Banchero,1610612753,ORL,2,PT06M12.00S,shootingFoul2,attemptEquivalent,2,2,
0022500947,1642281,J. Tyson,1610612739,CLE,2,PT05M30.00S,shootingFoul2,attemptEquivalent,2,2,
0022500947,1641783,T. da Silva,1610612753,ORL,2,PT04M53.00S,bonus,attemptEquivalent,2,2,
0022500947,1630241,S. Merrill,1610612739,CLE,2,PT04M45.00S,bonus,attemptEquivalent,1,2,
0022500947,1628976,W. Carter Jr.,1610612753,ORL,2,PT04M00.00S,bonus,attemptEquivalent,0,2,
0022500947,1628975,J. Carter,1610612753,ORL,2,PT02M03.00S,bonus,attemptEquivalent,2,2,
0022500947,1631094,P. Banchero,1610612753,ORL,2,PT01M23.00S,shootingFoul3,attemptEquivalent,2,3,
0022500947,1628976,W. Carter Jr.,1610612753,ORL,3,PT11M25.00S,shootingFoul2,attemptEquivalent,1,2,
0022500947,1630217,D. Bane,1610612753,ORL,3,PT10M11.00S,andOne,addOn,1,1,373
0022500947,1628418,T. Bryant,1610612739,CLE,3,PT05M04.00S,andOne,addOn,1,1,431
0022500947,1630217,D. Bane,1610612753,ORL,3,PT00M37.40S,andOne,addOn,1,1,494
0022500947,1630596,E. Mobley,1610612739,CLE,4,PT11M25.00S,andOne,addOn,0,1,509
0022500947,1630217,D. Bane,1610612753,ORL,4,PT10M14.00S,shootingFoul2,attemptEquivalent,2,2,
0022500947,1628418,T. Bryant,1610612739,CLE,4,PT09M54.00S,shootingFoul2,attemptEquivalent,2,2,
0022500947,1631165,K. Ellis,1610612739,CLE,4,PT06M43.00S,shootingFoul2,attemptEquivalent,1,2,
0022500947,1630596,E. Mobley,1610612739,CLE,4,PT05M52.00S,shootingFoul2,attemptEquivalent,1,2,
0022500947,1631165,K. Ellis,1610612739,CLE,4,PT05M08.00S,shootingFoul2,attemptEquivalent,2,2,
0022500947,201935,J. Harden,1610612739,CLE,4,PT04M27.00S,shootingFoul2,attemptEquivalent,1,2,
0022500947,201935,J. Harden,1610612739,CLE,4,PT03M26.00S,andOne,addOn,0,1,628
0022500947,1628976,W. Carter Jr.,1610612753,ORL,4,PT01M40.00S,shootingFoul2,attemptEquivalent,1,2,
0022500947,1630217,D. Bane,1610612753,ORL,4,PT00M08.00S,bonus,attemptEquivalent,2,2,
0022500947,1641783,T. da Silva,1610612753,ORL,4,PT00M03.50S,bonus,attemptEquivalent,1,2,
0022500949,1626157,K. Towns,1610612752,NYK,1,PT10M17.00S,shootingFoul2,attemptEquivalent,2,2,
0022500949,1641718,K. George,1610612762,UTA,1,PT08M56.00S,andOne,addOn,1,1,37
0022500949,1641729,B. Sensabaugh,1610612762,UTA,1,PT08M46.00S,shootingFoul2,attemptEquivalent,1,2,
0022500949,1628973,J. Brunson,1610612752,NYK,1,PT08M20.00S,flagrant,addOn,1,2,
0022500949,1628973,J. Brunson,1610612752,NYK,1,PT06M16.00S,shootingFoul2,attemptEquivalent,2,2,
0022500949,1628973,J. Brunson,1610612752,NYK,1,PT00M41.00S,shootingFoul2,attemptEquivalent,2,2,
0022500949,203903,J. Clarkson,1610612752,NYK,2,PT09M11.00S,shootingFoul2,attemptEquivalent,2,2,
0022500949,1642262,C. Williams,1610612762,UTA,2,PT07M14.00S,shootingFoul2,attemptEquivalent,1,2,
0022500949,1642271,K. Filipowski,1610612762,UTA,2,PT02M13.00S,shootingFoul2,attemptEquivalent,2,2,
0022500949,1628973,J. Brunson,1610612752,NYK,2,PT02M02.00S,bonus,attemptEquivalent,2,2,
0022500949,1642271,K. Filipowski,1610612762,UTA,3,PT10M55.00S,shootingFoul2,attemptEquivalent,1,2,
0022500949,1641729,B. Sensabaugh,1610612762,UTA,3,PT10M19.00S,shootingFoul2,attemptEquivalent,2,2,
0022500949,1628384,O. Anunoby,1610612752,NYK,3,PT08M08.00S,shootingFoul2,attemptEquivalent,2,2,
0022500949,1628973,J. Brunson,1610612752,NYK,3,PT07M44.00S,shootingFoul2,attemptEquivalent,2,2,
0022500949,1641989,E. Harkless,1610612762,UTA,3,PT02M33.00S,shootingFoul2,attemptEquivalent,2,2,
0022500949,203903,J. Clarkson,1610612752,NYK,3,PT01M09.00S,bonus,attemptEquivalent,2,2,
0022500949,1628384,O. Anunoby,1610612752,NYK,3,PT00M33.40S,shootingFoul2,attemptEquivalent,2,2,
0022500949,1628973,J. Brunson,1610612752,NYK,3,PT00M01.60S,andOne,addOn,1,1,510
0022500949,1642271,K. Filipowski,1610612762,UTA,4,PT08M30.00S,shootingFoul2,attemptEquivalent,1,2,
0022500949,1643158,A. Garcia,1610612762,UTA,4,PT07M55.00S,shootingFoul2,attemptEquivalent,2,2,
0022500949,1628384,O. Anunoby,1610612752,NYK,4,PT04M09.00S,andOne,addOn,1,1,618
0022500949,1641729,B. Sensabaugh,1610612762,UTA,4,PT01M38.00S,bonus,attemptEquivalent,2,2,
0022500951,1642875,M. Raynaud,1610612758,SAC,1,PT08M28.00S,shootingFoul2,attemptEquivalent,2,2,
0022500951,1628970,M. Bridges,1610612766,CHA,1,PT06M47.00S,andOne,addOn,1,1,47
0022500951,1642363,N. Clifford,1610612758,SAC,1,PT02M37.00S,shootingFoul2,attemptEquivalent,1,2,
0022500951,201942,D. DeRozan,1610612758,SAC,1,PT00M34.80S,bonus,attemptEquivalent,2,2,
0022500951,1642851,K. Knueppel,1610612766,CHA,2,PT07M57.00S,shootingFoul2,attemptEquivalent,2,2,
0022500951,1642851,K. Knueppel,1610612766,CHA,2,PT07M10.00S,andOne,addOn,1,1,219
0022500951,1630163,L. Ball,1610612766,CHA,2,PT04M02.00S,bonus,attemptEquivalent,2,2,
0022500951,1642883,S. James,1610612766,CHA,2,PT02M47.00S,shootingFoul2,attemptEquivalent,1,2,
0022500951,1642363,N. Clifford,1610612758,SAC,2,PT01M30.00S,andOne,addOn,1,1,299
0022500951,1641706,B. Miller,1610612766,CHA,3,PT10M16.00S,shootingFoul2,attemptEquivalent,2,2,
0022500951,201942,D. DeRozan,1610612758,SAC,3,PT09M15.00S,andOne,addOn,1,1,371
0022500951,1630173,P. Achiuwa,1610612758,SAC,3,PT07M32.00S,shootingFoul2,attemptEquivalent,2,2,
0022500951,1642851,K. Knueppel,1610612766,CHA,3,PT05M48.00S,shootingFoul2,attemptEquivalent,2,2,
0022500951,1629234,D. Eubanks,1610612758,SAC,3,PT01M00.00S,shootingFoul2,attemptEquivalent,0,2,
0022500951,1629632,C. White,1610612766,CHA,4,PT09M43.00S,andOne,addOn,1,1,525
0022500951,201942,D. DeRozan,1610612758,SAC,4,PT08M20.00S,shootingFoul2,attemptEquivalent,2,2,
0022500951,1641706,B. Miller,1610612766,CHA,4,PT00M53.60S,shootingFoul2,attemptEquivalent,2,2,
0022500951,1630163,L. Ball,1610612766,CHA,4,PT00M23.80S,bonus,attemptEquivalent,2,2,
0022500955,1641731,B. Coulibaly,1610612764,WAS,1,PT11M15.00S,shootingFoul2,attemptEquivalent,2,2,
0022500955,1631094,P. Banchero,1610612753,ORL,1,PT10M50.00S,shootingFoul2,attemptEquivalent,1,2,
0022500955,1642860,W. Riley,1610612764,WAS,1,PT07M12.00S,shootingFoul2,attemptEquivalent,1,2,
0022500955,1629021,M. Wagner,1610612753,ORL,1,PT06M57.00S,andOne,addOn,0,1,70
0022500955,1629027,T. Young,1610612764,WAS,1,PT06M46.00S,shootingFoul2,attemptEquivalent,2,2,
0022500955,1631094,P. Banchero,1610612753,ORL,1,PT04M56.00S,shootingFoul2,attemptEquivalent,1,2,
0022500955,1642259,A. Sarr,1610612764,WAS,1,PT04M05.00S,shootingFoul2,attemptEquivalent,2,2,
0022500955,1641724,J. Howard,1610612753,ORL,1,PT02M16.00S,shootingFoul2,attemptEquivalent,2,2,
0022500955,1628976,W. Carter Jr.,1610612753,ORL,1,PT01M32.00S,bonus,attemptEquivalent,1,2,
0022500955,1630217,D. Bane,1610612753,ORL,1,PT00M23.60S,bonus,attemptEquivalent,2,2,
0022500955,1630536,S. Cooper,1610612764,WAS,2,PT11M34.00S,shootingFoul2,attemptEquivalent,2,2,
0022500955,1630591,J. Suggs,1610612753,ORL,2,PT06M09.00S,andOne,addOn,1,1,277
0022500955,1641778,L. Black,1610612764,WAS,2,PT00M49.30S,shootingFoul2,attemptEquivalent,2,2,
0022500955,1641783,T. da Silva,1610612753,ORL,3,PT10M04.00S,andOne,addOn,1,1,392
0022500955,1629027,T. Young,1610612764,WAS,3,PT09M56.00S,andOne,addOn,1,1,397
0022500955,1630591,J. Suggs,1610612753,ORL,3,PT09M49.00S,andOne,addOn,1,1,401
0022500955,1631094,P. Banchero,1610612753,ORL,3,PT07M48.00S,shootingFoul2,attemptEquivalent,2,2,
0022500955,1642259,A. Sarr,1610612764,WAS,3,PT05M50.00S,shootingFoul2,attemptEquivalent,1,2,
0022500955,1631094,P. Banchero,1610612753,ORL,3,PT02M40.00S,shootingFoul2,attemptEquivalent,2,2,
0022500955,1631094,P. Banchero,1610612753,ORL,3,PT00M51.30S,shootingFoul2,attemptEquivalent,1,2,
0022500955,1642364,J. Watkins,1610612764,WAS,4,PT11M18.00S,shootingFoul3,attemptEquivalent,2,3,
0022500955,1630591,J. Suggs,1610612753,ORL,4,PT08M42.00S,shootingFoul2,attemptEquivalent,1,2,
0022500955,1642267,B. Carrington,1610612764,WAS,4,PT03M34.00S,bonus,attemptEquivalent,2,2,
0022500955,1631094,P. Banchero,1610612753,ORL,4,PT03M22.00S,shootingFoul2,attemptEquivalent,1,2,
0022500955,1631094,P. Banchero,1610612753,ORL,4,PT02M32.00S,shootingFoul2,attemptEquivalent,2,2,
0022500955,1641731,B. Coulibaly,1610612764,WAS,4,PT02M17.00S,andOne,addOn,1,1,669
0022500955,1641731,B. Coulibaly,1610612764,WAS,4,PT01M45.00S,andOne,addOn,1,1,679
0022500955,1630217,D. Bane,1610612753,ORL,4,PT00M21.50S,bonus,attemptEquivalent,2,2,
0022500955,1641783,T. da Silva,1610612753,ORL,4,PT00M16.20S,bonus,attemptEquivalent,2,2,
0022500955,1630217,D. Bane,1610612753,ORL,4,PT00M09.00S,bonus,attemptEquivalent,2,2,
0022500955,1641731,B. Coulibaly,1610612764,WAS,5,PT03M03.00S,shootingFoul2,attemptEquivalent,2,2,
0022500955,1630591,J. Suggs,1610612753,ORL,5,PT00M56.10S,shootingFoul2,attemptEquivalent,2,2,
0022500959,1631096,C. Holmgren,1610612760,OKC,1,PT07M51.00S,andOne,addOn,1,1,37
0022500959,1642349,A. Mitchell,1610612760,OKC,1,PT07M24.00S,andOne,addOn,0,1,45
0022500959,1628983,S. Gilgeous-Alexander,1610612760,OKC,1,PT03M43.00S,shootingFoul2,attemptEquivalent,2,2,
0022500959,1628983,S. Gilgeous-Alexander,1610612760,OKC,1,PT03M15.00S,shootingFoul2,attemptEquivalent,2,2,
0022500959,1628983,S. Gilgeous-Alexander,1610612760,OKC,1,PT02M51.00S,shootingFoul2,attemptEquivalent,1,2,
0022500959,1627759,J. Brown,1610612738,BOS,1,PT02M11.00S,shootingFoul2,attemptEquivalent,2,2,
0022500959,1630598,A. Wiggins,1610612760,OKC,2,PT04M38.00S,shootingFoul2,attemptEquivalent,1,2,
0022500959,1630198,I. Joe,1610612760,OKC,2,PT02M25.00S,andOne,addOn,0,1,277
0022500959,1627759,J. Brown,1610612738,BOS,2,PT02M16.00S,shootingFoul2,attemptEquivalent,1,2,
0022500959,1627759,J. Brown,1610612738,BOS,3,PT11M32.00S,andOne,addOn,1,1,330
0022500959,1627759,J. Brown,1610612738,BOS,3,PT08M06.00S,shootingFoul2,attemptEquivalent,2,2,
0022500959,1628983,S. Gilgeous-Alexander,1610612760,OKC,3,PT07M48.00S,shootingFoul2,attemptEquivalent,2,2,
0022500959,1642864,H. González,1610612738,BOS,3,PT01M23.00S,bonus,attemptEquivalent,2,2,
0022500959,1627759,J. Brown,1610612738,BOS,4,PT10M16.00S,shootingFoul2,attemptEquivalent,2,2,
0022500959,1630568,L. Garza,1610612738,BOS,4,PT07M14.00S,shootingFoul2,attemptEquivalent,2,2,
0022500959,1642349,A. Mitchell,1610612760,OKC,4,PT05M00.00S,shootingFoul2,attemptEquivalent,2,2,
0022500959,1627759,J. Brown,1610612738,BOS,4,PT04M44.00S,shootingFoul3,attemptEquivalent,3,3,
0022500959,1629674,N. Queta,1610612738,BOS,4,PT03M03.00S,bonus,attemptEquivalent,2,2,
0022500959,1627759,J. Brown,1610612738,BOS,4,PT00M50.60S,bonus,attemptEquivalent,2,2,
0022500959,1631096,C. Holmgren,1610612760,OKC,4,PT00M00.80S,shootingFoul2,attemptEquivalent,2,2,
0022500965,1630596,E. Mobley,1610612739,CLE,1,PT05M12.00S,andOne,addOn,0,1,80
0022500965,201935,J. Harden,1610612739,CLE,1,PT04M36.00S,shootingFoul2,attemptEquivalent,2,2,
0022500965,1630596,E. Mobley,1610612739,CLE,2,PT08M26.00S,shootingFoul2,attemptEquivalent,1,2,
0022500965,1630596,E. Mobley,1610612739,CLE,2,PT07M40.00S,shootingFoul2,attemptEquivalent,0,2,
0022500965,1630314,B. Williams,1610612742,DAL,2,PT05M45.00S,shootingFoul2,attemptEquivalent,2,2,
0022500965,203939,D. Powell,1610612742,DAL,2,PT04M40.00S,shootingFoul2,attemptEquivalent,2,2,
0022500965,1642843,C. Flagg,1610612742,DAL,2,PT01M02.00S,bonus,attemptEquivalent,2,2,
0022500965,1642843,C. Flagg,1610612742,DAL,3,PT08M19.00S,shootingFoul2,attemptEquivalent,2,2,
0022500965,1642843,C. Flagg,1610612742,DAL,3,PT05M06.00S,shootingFoul2,attemptEquivalent,2,2,
0022500965,1630596,E. Mobley,1610612739,CLE,3,PT04M56.00S,shootingFoul2,attemptEquivalent,2,2,
0022500965,203939,D. Powell,1610612742,DAL,3,PT04M02.00S,andOne,addOn,1,1,417
0022500965,1630314,B. Williams,1610612742,DAL,3,PT01M52.00S,andOne,addOn,0,1,446
0022500965,1628378,D. Mitchell,1610612739,CLE,3,PT01M21.00S,andOne,addOn,1,1,455
0022500965,1628418,T. Bryant,1610612739,CLE,3,PT01M01.00S,shootingFoul2,attemptEquivalent,2,2,
0022500965,1642843,C. Flagg,1610612742,DAL,4,PT10M51.00S,andOne,addOn,1,1,496
0022500965,1631108,M. Christie,1610612742,DAL,4,PT10M31.00S,shootingFoul2,attemptEquivalent,2,2,
0022500965,1642843,C. Flagg,1610612742,DAL,4,PT09M11.00S,andOne,addOn,1,1,521
0022500965,1630230,N. Marshall,1610612742,DAL,4,PT07M46.00S,shootingFoul2,attemptEquivalent,1,2,
0022500965,1630230,N. Marshall,1610612742,DAL,4,PT05M46.00S,bonus,attemptEquivalent,0,2,
0022500965,1628997,C. Martin,1610612742,DAL,4,PT03M54.00S,shootingFoul2,attemptEquivalent,2,2,
0022500965,1641772,N. Tomlin,1610612739,CLE,4,PT02M54.00S,andOne,addOn,0,1,618
0022500965,1630314,B. Williams,1610612742,DAL,4,PT01M36.00S,shootingFoul2,attemptEquivalent,2,2,
0022500967,1642268,I. Collier,1610612762,UTA,1,PT10M22.00S,shootingFoul2,attemptEquivalent,2,2,
0022500967,1642270,D. Clingan,1610612757,POR,1,PT09M36.00S,shootingFoul2,attemptEquivalent,2,2,
0022500967,1642262,C. Williams,1610612762,UTA,1,PT09M28.00S,shootingFoul2,attemptEquivalent,0,2,
0022500967,203924,J. Grant,1610612757,POR,1,PT08M45.00S,andOne,addOn,1,1,59
0022500967,1642262,C. Williams,1610612762,UTA,1,PT07M17.00S,shootingFoul2,attemptEquivalent,2,2,
0022500967,1642262,C. Williams,1610612762,UTA,1,PT03M30.00S,bonus,attemptEquivalent,2,2,
0022500967,1642270,D. Clingan,1610612757,POR,1,PT02M53.00S,shootingFoul2,attemptEquivalent,2,2,
0022500967,1643158,A. Garcia,1610612762,UTA,2,PT03M35.00S,shootingFoul2,attemptEquivalent,2,2,
0022500967,1642268,I. Collier,1610612762,UTA,2,PT03M07.00S,shootingFoul2,attemptEquivalent,1,2,
0022500967,1630166,D. Avdija,1610612757,POR,2,PT02M49.00S,shootingFoul2,attemptEquivalent,2,2,
0022500967,201950,J. Holiday,1610612757,POR,2,PT00M38.10S,bonus,attemptEquivalent,1,2,
0022500967,1630166,D. Avdija,1610612757,POR,3,PT11M27.00S,andOne,addOn,1,1,349
0022500967,1642268,I. Collier,1610612762,UTA,3,PT05M06.00S,shootingFoul2,attemptEquivalent,2,2,
0022500967,1641989,E. Harkless,1610612762,UTA,3,PT04M48.00S,shootingFoul2,attemptEquivalent,1,2,
0022500967,1641989,E. Harkless,1610612762,UTA,3,PT03M21.00S,shootingFoul2,attemptEquivalent,1,2,
0022500967,1641989,E. Harkless,1610612762,UTA,3,PT02M50.00S,bonus,attemptEquivalent,2,2,
0022500967,1630703,S. Henderson,1610612757,POR,3,PT00M47.30S,shootingFoul2,attemptEquivalent,2,2,
0022500967,1630703,S. Henderson,1610612757,POR,4,PT05M12.00S,shootingFoul2,attemptEquivalent,2,2,
0022500967,1642270,D. Clingan,1610612757,POR,4,PT02M02.00S,shootingFoul2,attemptEquivalent,2,2,
0022500967,1642262,C. Williams,1610612762,UTA,4,PT00M15.30S,andOne,addOn,1,1,705
0022500971,1628401,D. White,1610612738,BOS,1,PT07M38.00S,shootingFoul2,attemptEquivalent,2,2,
0022500971,1629674,N. Queta,1610612738,BOS,1,PT04M18.00S,andOne,addOn,1,1,97
0022500971,1627759,J. Brown,1610612738,BOS,1,PT02M14.00S,shootingFoul2,attemptEquivalent,2,2,
0022500971,1641774,T. Vukcevic,1610612764,WAS,1,PT02M03.00S,shootingFoul2,attemptEquivalent,2,2,
0022500971,1628401,D. White,1610612738,BOS,2,PT11M23.00S,shootingFoul2,attemptEquivalent,2,2,
0022500971,1642364,J. Watkins,1610612764,WAS,2,PT09M30.00S,shootingFoul2,attemptEquivalent,0,2,
0022500971,1629674,N. Queta,1610612738,BOS,2,PT06M37.00S,shootingFoul2,attemptEquivalent,1,2,
0022500971,1628369,J. Tatum,1610612738,BOS,2,PT03M04.00S,shootingFoul2,attemptEquivalent,2,2,
0022500971,1629027,T. Young,1610612764,WAS,2,PT01M58.00S,andOne,addOn,1,1,303
0022500971,1628401,D. White,1610612738,BOS,2,PT00M04.20S,shootingFoul2,attemptEquivalent,2,2,
0022500971,1641731,B. Coulibaly,1610612764,WAS,3,PT09M50.00S,shootingFoul2,attemptEquivalent,2,2,
0022500971,1642259,A. Sarr,1610612764,WAS,3,PT09M05.00S,shootingFoul2,attemptEquivalent,1,2,
0022500971,1629027,T. Young,1610612764,WAS,3,PT05M26.00S,andOne,addOn,0,1,417
0022500971,1630568,L. Garza,1610612738,BOS,3,PT02M41.00S,shootingFoul2,attemptEquivalent,1,2,
0022500971,1630551,J. Champagnie,1610612764,WAS,4,PT09M48.00S,shootingFoul2,attemptEquivalent,1,2,
0022500971,1630568,L. Garza,1610612738,BOS,4,PT08M52.00S,shootingFoul2,attemptEquivalent,2,2,
0022500971,1627759,J. Brown,1610612738,BOS,4,PT05M12.00S,shootingFoul2,attemptEquivalent,2,2,
0022500971,1642364,J. Watkins,1610612764,WAS,4,PT01M33.00S,bonus,attemptEquivalent,1,2,
0022500971,1630551,J. Champagnie,1610612764,WAS,4,PT01M22.00S,andOne,addOn,1,1,635
0022500971,1630551,J. Champagnie,1610612764,WAS,4,PT00M55.20S,shootingFoul2,attemptEquivalent,2,2,
0022500975,1642875,M. Raynaud,1610612758,SAC,1,PT07M56.00S,andOne,addOn,1,1,41
0022500975,201942,D. DeRozan,1610612758,SAC,1,PT05M38.00S,shootingFoul2,attemptEquivalent,2,2,
0022500975,1631097,B. Mathurin,1610612746,LAC,1,PT02M25.00S,andOne,addOn,1,1,118
0022500975,1642363,N. Clifford,1610612758,SAC,1,PT02M17.00S,shootingFoul2,attemptEquivalent,0,2,
0022500975,1628381,J. Collins,1610612746,LAC,1,PT02M05.00S,shootingFoul2,attemptEquivalent,2,2,
0022500975,1631097,B. Mathurin,1610612746,LAC,1,PT01M40.00S,andOne,addOn,1,1,134
0022500975,1631097,B. Mathurin,1610612746,LAC,2,PT08M38.00S,shootingFoul2,attemptEquivalent,1,2,
0022500975,201566,R. Westbrook,1610612758,SAC,2,PT05M38.00S,shootingFoul2,attemptEquivalent,2,2,
0022500975,1631097,B. Mathurin,1610612746,LAC,2,PT03M38.00S,shootingFoul2,attemptEquivalent,2,2,
0022500975,201566,R. Westbrook,1610612758,SAC,2,PT02M21.00S,shootingFoul2,attemptEquivalent,0,2,
0022500975,202695,K. Leonard,1610612746,LAC,2,PT01M23.00S,shootingFoul2,attemptEquivalent,1,2,
0022500975,1630173,P. Achiuwa,1610612758,SAC,2,PT00M40.40S,shootingFoul2,attemptEquivalent,2,2,
0022500975,202695,K. Leonard,1610612746,LAC,2,PT00M31.10S,shootingFoul2,attemptEquivalent,0,2,
0022500975,202695,K. Leonard,1610612746,LAC,2,PT00M03.90S,andOne,addOn,1,1,319
0022500975,1629636,D. Garland,1610612746,LAC,3,PT06M58.00S,shootingFoul2,attemptEquivalent,2,2,
0022500975,1628381,J. Collins,1610612746,LAC,3,PT03M10.00S,shootingFoul2,attemptEquivalent,1,2,
0022500975,202695,K. Leonard,1610612746,LAC,3,PT02M08.00S,andOne,addOn,1,1,455
0022500975,1641757,J. Miller,1610612746,LAC,3,PT00M49.70S,shootingFoul2,attemptEquivalent,0,2,
0022500975,1628381,J. Collins,1610612746,LAC,4,PT09M39.00S,shootingFoul2,attemptEquivalent,2,2,
0022500975,1630543,I. Jackson,1610612746,LAC,4,PT09M07.00S,shootingFoul2,attemptEquivalent,2,2,
0022500975,1642875,M. Raynaud,1610612758,SAC,4,PT07M21.00S,shootingFoul2,attemptEquivalent,0,2,
0022500975,1631097,B. Mathurin,1610612746,LAC,4,PT06M57.00S,andOne,addOn,1,1,569
0022500975,1631097,B. Mathurin,1610612746,LAC,4,PT05M24.00S,andOne,addOn,1,1,589
0022500975,201942,D. DeRozan,1610612758,SAC,4,PT01M25.00S,shootingFoul3,attemptEquivalent,3,3,
0022500975,1631097,B. Mathurin,1610612746,LAC,4,PT00M26.70S,bonus,attemptEquivalent,2,2,
0022500976,1629652,L. Dort,1610612760,OKC,1,PT09M36.00S,shootingFoul2,attemptEquivalent,2,2,
0022500976,1629652,L. Dort,1610612760,OKC,1,PT08M04.00S,shootingFoul2,attemptEquivalent,1,2,
0022500976,1642349,A. Mitchell,1610612760,OKC,1,PT06M50.00S,shootingFoul2,attemptEquivalent,2,2,
0022500976,1630162,A. Edwards,1610612750,MIN,1,PT06M12.00S,shootingFoul2,attemptEquivalent,0,2,
0022500976,1630162,A. Edwards,1610612750,MIN,1,PT03M30.00S,andOne,addOn,1,1,118
0022500976,203944,J. Randle,1610612750,MIN,1,PT00M45.90S,shootingFoul2,attemptEquivalent,2,2,
0022500976,203944,J. Randle,1610612750,MIN,2,PT06M20.00S,shootingFoul2,attemptEquivalent,1,2,
0022500976,1628983,S. Gilgeous-Alexander,1610612760,OKC,3,PT10M37.00S,shootingFoul2,attemptEquivalent,1,2,
0022500976,1630162,A. Edwards,1610612750,MIN,3,PT08M54.00S,shootingFoul2,attemptEquivalent,1,2,
0022500976,1631096,C. Holmgren,1610612760,OKC,3,PT08M13.00S,shootingFoul2,attemptEquivalent,2,2,
0022500976,1627936,A. Caruso,1610612760,OKC,3,PT05M56.00S,shootingFoul2,attemptEquivalent,2,2,
0022500976,1641717,C. Wallace,1610612760,OKC,3,PT01M46.00S,shootingFoul2,attemptEquivalent,2,2,
0022500976,1628983,S. Gilgeous-Alexander,1610612760,OKC,3,PT00M26.40S,shootingFoul2,attemptEquivalent,2,2,
0022500976,1629675,N. Reid,1610612750,MIN,4,PT10M46.00S,shootingFoul2,attemptEquivalent,2,2,
0022500976,1629675,N. Reid,1610612750,MIN,4,PT10M00.00S,shootingFoul2,attemptEquivalent,2,2,
0022500976,1630162,A. Edwards,1610612750,MIN,4,PT08M29.00S,shootingFoul2,attemptEquivalent,1,2,
0022500976,203944,J. Randle,1610612750,MIN,4,PT07M10.00S,shootingFoul2,attemptEquivalent,2,2,
0022500976,1630162,A. Edwards,1610612750,MIN,4,PT05M36.00S,shootingFoul2,attemptEquivalent,1,2,
0022500976,1627936,A. Caruso,1610612760,OKC,4,PT04M42.00S,shootingFoul2,attemptEquivalent,2,2,
0022500976,203944,J. Randle,1610612750,MIN,4,PT04M24.00S,shootingFoul2,attemptEquivalent,2,2,
0022500976,1628983,S. Gilgeous-Alexander,1610612760,OKC,4,PT01M46.00S,andOne,addOn,1,1,633
0022500977,1642843,C. Flagg,1610612742,DAL,1,PT10M35.00S,andOne,addOn,0,1,23
0022500977,201935,J. Harden,1610612739,CLE,1,PT08M40.00S,andOne,addOn,0,1,49
0022500977,1628997,C. Martin,1610612742,DAL,1,PT02M03.00S,shootingFoul2,attemptEquivalent,2,2,
0022500977,1630596,E. Mobley,1610612739,CLE,2,PT10M41.00S,andOne,addOn,0,1,177
0022500977,1630230,N. Marshall,1610612742,DAL,2,PT06M28.00S,andOne,addOn,1,1,234
0022500977,1629622,M. Strus,1610612739,CLE,2,PT02M28.00S,shootingFoul2,attemptEquivalent,2,2,
0022500977,1642843,C. Flagg,1610612742,DAL,2,PT02M12.00S,shootingFoul2,attemptEquivalent,2,2,
0022500977,1629622,M. Strus,1610612739,CLE,2,PT01M19.00S,shootingFoul2,attemptEquivalent,2,2,
0022500977,1630230,N. Marshall,1610612742,DAL,2,PT00M51.00S,shootingFoul2,attemptEquivalent,2,2,
0022500977,1630596,E. Mobley,1610612739,CLE,2,PT00M00.80S,andOne,addOn,1,1,334
0022500977,1630230,N. Marshall,1610612742,DAL,3,PT11M40.00S,shootingFoul2,attemptEquivalent,2,2,
0022500977,1630596,E. Mobley,1610612739,CLE,3,PT07M09.00S,andOne,addOn,1,1,412
0022500977,1628963,M. Bagley III,1610612742,DAL,3,PT05M37.00S,shootingFoul2,attemptEquivalent,1,2,
0022500977,1628418,T. Bryant,1610612739,CLE,3,PT05M23.00S,shootingFoul2,attemptEquivalent,2,2,
0022500977,1630230,N. Marshall,1610612742,DAL,3,PT03M45.00S,shootingFoul2,attemptEquivalent,2,2,
0022500977,1630314,B. Williams,1610612742,DAL,3,PT03M24.00S,shootingFoul2,attemptEquivalent,2,2,
0022500977,1628418,T. Bryant,1610612739,CLE,3,PT03M15.00S,shootingFoul2,attemptEquivalent,0,2,
0022500977,1630314,B. Williams,1610612742,DAL,3,PT00M00.20S,shootingFoul2,attemptEquivalent,2,2,
0022500977,203471,D. Schröder,1610612739,CLE,4,PT11M05.00S,andOne,addOn,0,1,543
0022500977,1642843,C. Flagg,1610612742,DAL,4,PT10M04.00S,andOne,addOn,1,1,553
0022500977,1629023,P. Washington,1610612742,DAL,4,PT08M32.00S,shootingFoul2,attemptEquivalent,1,2,
0022500977,1642843,C. Flagg,1610612742,DAL,4,PT06M04.00S,shootingFoul2,attemptEquivalent,2,2,
0022500977,1630596,E. Mobley,1610612739,CLE,4,PT04M43.00S,shootingFoul2,attemptEquivalent,0,2,
0022500977,1630230,N. Marshall,1610612742,DAL,4,PT04M23.00S,andOne,addOn,1,1,642
0022500977,201935,J. Harden,1610612739,CLE,4,PT03M45.00S,andOne,addOn,1,1,653
0022500977,201935,J. Harden,1610612739,CLE,4,PT02M30.00S,shootingFoul3,attemptEquivalent,3,3,
0022500977,1628378,D. Mitchell,1610612739,CLE,4,PT02M14.00S,shootingFoul2,attemptEquivalent,2,2,
0022500977,1642843,C. Flagg,1610612742,DAL,4,PT01M19.00S,bonus,attemptEquivalent,1,2,
0022500982,201942,D. DeRozan,1610612758,SAC,1,PT10M48.00S,shootingFoul2,attemptEquivalent,1,2,
0022500982,201942,D. DeRozan,1610612758,SAC,1,PT10M08.00S,shootingFoul2,attemptEquivalent,2,2,
0022500982,1642268,I. Collier,1610612762,UTA,1,PT08M22.00S,andOne,addOn,0,1,44
0022500982,1641729,B. Sensabaugh,1610612762,UTA,1,PT07M54.00S,shootingFoul2,attemptEquivalent,1,2,
0022500982,1631131,O. Tshiebwe,1610612762,UTA,2,PT11M44.00S,shootingFoul2,attemptEquivalent,0,2,
0022500982,1641989,E. Harkless,1610612762,UTA,2,PT11M21.00S,andOne,addOn,1,1,170
0022500982,201942,D. DeRozan,1610612758,SAC,2,PT07M02.00S,shootingFoul2,attemptEquivalent,2,2,
0022500982,1631131,O. Tshiebwe,1610612762,UTA,2,PT05M00.00S,shootingFoul2,attemptEquivalent,2,2,
0022500982,1642363,N. Clifford,1610612758,SAC,2,PT02M51.00S,andOne,addOn,1,1,277
0022500982,1641989,E. Harkless,1610612762,UTA,2,PT01M12.00S,shootingFoul2,attemptEquivalent,2,2,
0022500982,201942,D. DeRozan,1610612758,SAC,3,PT11M30.00S,shootingFoul2,attemptEquivalent,2,2,
0022500982,1642268,I. Collier,1610612762,UTA,3,PT08M53.00S,shootingFoul2,attemptEquivalent,1,2,
0022500982,201942,D. DeRozan,1610612758,SAC,3,PT08M01.00S,shootingFoul2,attemptEquivalent,2,2,
0022500982,1642268,I. Collier,1610612762,UTA,3,PT06M37.00S,andOne,addOn,1,1,397
0022500982,1630165,K. Hayes,1610612758,SAC,3,PT06M27.00S,shootingFoul2,attemptEquivalent,2,2,
0022500982,201942,D. DeRozan,1610612758,SAC,3,PT04M31.00S,shootingFoul2,attemptEquivalent,2,2,
0022500982,1642262,C. Williams,1610612762,UTA,3,PT03M06.00S,shootingFoul2,attemptEquivalent,1,2,
0022500982,1642396,B. Hinson,1610612762,UTA,3,PT01M33.00S,shootingFoul2,attemptEquivalent,1,2,
0022500982,201942,D. DeRozan,1610612758,SAC,4,PT11M44.00S,shootingFoul2,attemptEquivalent,2,2,
0022500982,1642928,D. Cardwell,1610612758,SAC,4,PT09M53.00S,shootingFoul2,attemptEquivalent,0,2,
0022500982,1642262,C. Williams,1610612762,UTA,4,PT09M38.00S,shootingFoul2,attemptEquivalent,2,2,
0022500982,1631131,O. Tshiebwe,1610612762,UTA,4,PT09M19.00S,shootingFoul2,attemptEquivalent,1,2,
0022500982,1631342,D. Plowden,1610612758,SAC,4,PT06M24.00S,shootingFoul2,attemptEquivalent,2,2,
0022500982,1642262,C. Williams,1610612762,UTA,4,PT05M50.00S,shootingFoul2,attemptEquivalent,2,2,
0022500982,201942,D. DeRozan,1610612758,SAC,4,PT03M04.00S,shootingFoul2,attemptEquivalent,2,2,
0022500982,1642262,C. Williams,1610612762,UTA,4,PT02M56.00S,shootingFoul2,attemptEquivalent,2,2,
0022500982,201942,D. DeRozan,1610612758,SAC,4,PT02M21.00S,bonus,attemptEquivalent,1,2,
0022500982,201942,D. DeRozan,1610612758,SAC,4,PT00M14.90S,bonus,attemptEquivalent,1,2,
0022500984,1642860,W. Riley,1610612764,WAS,1,PT11M20.00S,shootingFoul2,attemptEquivalent,2,2,
0022500984,1641731,B. Coulibaly,1610612764,WAS,1,PT09M38.00S,shootingFoul2,attemptEquivalent,1,2,
0022500984,204001,K. Porziņģis,1610612744,GSW,1,PT04M45.00S,shootingFoul2,attemptEquivalent,2,2,
0022500984,1629027,T. Young,1610612764,WAS,1,PT04M33.00S,shootingFoul2,attemptEquivalent,2,2,
0022500984,1641764,B. Podziemski,1610612744,GSW,1,PT02M44.00S,bonus,attemptEquivalent,1,2,
0022500984,1630264,A. Gill,1610612764,WAS,2,PT10M41.00S,shootingFoul2,attemptEquivalent,2,2,
0022500984,1629027,T. Young,1610612764,WAS,2,PT04M17.00S,shootingFoul2,attemptEquivalent,2,2,
0022500984,1627780,G. Payton II,1610612744,GSW,2,PT02M11.00S,andOne,addOn,1,1,325
0022500984,204001,K. Porziņģis,1610612744,GSW,2,PT01M14.00S,bonus,attemptEquivalent,1,2,
0022500984,1642860,W. Riley,1610612764,WAS,2,PT00M36.60S,shootingFoul2,attemptEquivalent,1,2,
0022500984,1630209,O. Yurtseven,1610612744,GSW,2,PT00M21.50S,shootingFoul2,attemptEquivalent,2,2,
0022500984,1642882,J. Reese,1610612764,WAS,3,PT10M40.00S,andOne,addOn,1,1,395
0022500984,204001,K. Porziņģis,1610612744,GSW,3,PT06M28.00S,shootingFoul2,attemptEquivalent,2,2,
0022500984,1642848,T. Johnson,1610612764,WAS,3,PT06M15.00S,shootingFoul2,attemptEquivalent,1,2,
0022500984,1641774,T. Vukcevic,1610612764,WAS,3,PT02M35.00S,shootingFoul2,attemptEquivalent,1,2,
0022500984,1630536,S. Cooper,1610612764,WAS,3,PT00M26.90S,bonus,attemptEquivalent,2,2,
0022500984,1641774,T. Vukcevic,1610612764,WAS,4,PT11M23.00S,shootingFoul2,attemptEquivalent,2,2,
0022500984,1629001,D. Melton,1610612744,GSW,4,PT09M40.00S,shootingFoul2,attemptEquivalent,2,2,
0022500984,1630311,P. Spencer,1610612744,GSW,4,PT08M47.00S,shootingFoul2,attemptEquivalent,2,2,
0022500984,1642860,W. Riley,1610612764,WAS,4,PT06M21.00S,shootingFoul2,attemptEquivalent,2,2,
0022500984,1641764,B. Podziemski,1610612744,GSW,4,PT06M05.00S,shootingFoul2,attemptEquivalent,2,2,
0022500984,1642882,J. Reese,1610612764,WAS,4,PT04M29.00S,andOne,addOn,1,1,671
0022500984,1627780,G. Payton II,1610612744,GSW,4,PT03M48.00S,shootingFoul2,attemptEquivalent,0,2,
0022500984,204001,K. Porziņģis,1610612744,GSW,4,PT03M14.00S,shootingFoul2,attemptEquivalent,2,2,
0022500984,204001,K. Porziņģis,1610612744,GSW,4,PT02M44.00S,shootingFoul2,attemptEquivalent,2,2,
0022500984,1641731,B. Coulibaly,1610612764,WAS,4,PT02M24.00S,bonus,attemptEquivalent,2,2,
0022500984,204001,K. Porziņģis,1610612744,GSW,4,PT02M07.00S,shootingFoul2,attemptEquivalent,2,2,
0022500984,1641731,B. Coulibaly,1610612764,WAS,4,PT01M05.00S,shootingFoul2,attemptEquivalent,2,2,
0022500992,1631094,P. Banchero,1610612753,ORL,1,PT10M22.00S,shootingFoul2,attemptEquivalent,2,2,
0022500992,1628983,S. Gilgeous-Alexander,1610612760,OKC,1,PT05M05.00S,shootingFoul2,attemptEquivalent,1,2,
0022500992,1631094,P. Banchero,1610612753,ORL,1,PT03M32.00S,shootingFoul2,attemptEquivalent,1,2,
0022500992,1628983,S. Gilgeous-Alexander,1610612760,OKC,1,PT01M47.00S,shootingFoul2,attemptEquivalent,2,2,
0022500992,1641717,C. Wallace,1610612760,OKC,1,PT01M34.00S,bonus,attemptEquivalent,2,2,
0022500992,1629021,M. Wagner,1610612753,ORL,2,PT10M19.00S,shootingFoul2,attemptEquivalent,2,2,
0022500992,1642349,A. Mitchell,1610612760,OKC,2,PT10M12.00S,shootingFoul2,attemptEquivalent,2,2,
0022500992,1628983,S. Gilgeous-Alexander,1610612760,OKC,2,PT05M13.00S,shootingFoul2,attemptEquivalent,1,2,
0022500992,1641783,T. da Silva,1610612753,ORL,2,PT02M32.00S,shootingFoul2,attemptEquivalent,2,2,
0022500992,1629652,L. Dort,1610612760,OKC,2,PT01M26.00S,bonus,attemptEquivalent,2,2,
0022500992,1628976,W. Carter Jr.,1610612753,ORL,2,PT01M03.00S,bonus,attemptEquivalent,2,2,
0022500992,1631094,P. Banchero,1610612753,ORL,3,PT11M14.00S,andOne,addOn,1,1,353
0022500992,1631096,C. Holmgren,1610612760,OKC,3,PT10M52.00S,shootingFoul2,attemptEquivalent,2,2,
0022500992,1641783,T. da Silva,1610612753,ORL,3,PT08M08.00S,shootingFoul2,attemptEquivalent,2,2,
0022500992,1628976,W. Carter Jr.,1610612753,ORL,3,PT05M26.00S,shootingFoul2,attemptEquivalent,2,2,
0022500992,1628983,S. Gilgeous-Alexander,1610612760,OKC,3,PT01M34.00S,andOne,addOn,1,1,465
0022500992,1631096,C. Holmgren,1610612760,OKC,3,PT00M29.50S,bonus,attemptEquivalent,1,2,
0022500992,1631119,J. Williams,1610612760,OKC,3,PT00M07.80S,bonus,attemptEquivalent,2,2,
0022500992,1628975,J. Carter,1610612753,ORL,4,PT09M34.00S,shootingFoul2,attemptEquivalent,1,2,
0022500992,1642349,A. Mitchell,1610612760,OKC,4,PT07M14.00S,andOne,addOn,1,1,557
0022500992,1642349,A. Mitchell,1610612760,OKC,4,PT03M40.00S,shootingFoul2,attemptEquivalent,2,2,
0022500992,1628976,W. Carter Jr.,1610612753,ORL,4,PT03M26.00S,shootingFoul2,attemptEquivalent,1,2,
0022500992,1628983,S. Gilgeous-Alexander,1610612760,OKC,4,PT02M32.00S,shootingFoul2,attemptEquivalent,2,2,
0022500992,1628983,S. Gilgeous-Alexander,1610612760,OKC,4,PT01M01.00S,bonus,attemptEquivalent,2,2,
0022500992,1631096,C. Holmgren,1610612760,OKC,4,PT00M15.40S,andOne,addOn,1,1,669
0022500993,1642848,T. Johnson,1610612764,WAS,1,PT10M22.00S,shootingFoul2,attemptEquivalent,2,2,
0022500993,1631105,J. Duren,1610612765,DET,1,PT07M51.00S,shootingFoul2,attemptEquivalent,2,2,
0022500993,1630595,C. Cunningham,1610612765,DET,1,PT07M02.00S,shootingFoul2,attemptEquivalent,2,2,
0022500993,1631105,J. Duren,1610612765,DET,1,PT06M40.00S,shootingFoul2,attemptEquivalent,1,2,
0022500993,1629130,D. Robinson,1610612765,DET,1,PT06M07.00S,andOne,addOn,1,1,85
0022500993,1630551,J. Champagnie,1610612764,WAS,1,PT05M03.00S,shootingFoul2,attemptEquivalent,2,2,
0022500993,1631105,J. Duren,1610612765,DET,1,PT04M14.00S,shootingFoul2,attemptEquivalent,2,2,
0022500993,1627747,C. LeVert,1610612765,DET,1,PT02M30.00S,shootingFoul2,attemptEquivalent,1,2,
0022500993,1642860,W. Riley,1610612764,WAS,1,PT02M14.00S,andOne,addOn,1,1,151
0022500993,1642860,W. Riley,1610612764,WAS,1,PT01M13.00S,bonus,attemptEquivalent,1,2,
0022500993,1630194,P. Reed,1610612765,DET,2,PT10M59.00S,shootingFoul2,attemptEquivalent,2,2,
0022500993,1642860,W. Riley,1610612764,WAS,2,PT01M24.00S,andOne,addOn,1,1,333
0022500993,1642848,T. Johnson,1610612764,WAS,2,PT00M27.70S,bonus,attemptEquivalent,2,2,
0022500993,202699,T. Harris,1610612765,DET,3,PT08M24.00S,shootingFoul2,attemptEquivalent,2,2,
0022500993,1642860,W. Riley,1610612764,WAS,3,PT08M00.00S,shootingFoul2,attemptEquivalent,2,2,
0022500993,202699,T. Harris,1610612765,DET,3,PT07M13.00S,transitionTake,addOn,1,1,
0022500993,1630551,J. Champagnie,1610612764,WAS,3,PT05M46.00S,shootingFoul2,attemptEquivalent,2,2,
0022500993,1642450,D. Jenkins,1610612765,DET,3,PT05M36.00S,shootingFoul2,attemptEquivalent,2,2,
0022500993,1642450,D. Jenkins,1610612765,DET,3,PT04M55.00S,bonus,attemptEquivalent,1,2,
0022500993,1642450,D. Jenkins,1610612765,DET,3,PT04M13.00S,shootingFoul2,attemptEquivalent,2,2,
0022500993,1641774,T. Vukcevic,1610612764,WAS,3,PT03M09.00S,shootingFoul2,attemptEquivalent,1,2,
0022500993,1642860,W. Riley,1610612764,WAS,3,PT02M04.00S,shootingFoul3,attemptEquivalent,1,3,
0022500993,1641842,R. Holland II,1610612765,DET,3,PT00M40.60S,bonus,attemptEquivalent,2,2,
0022500993,1630194,P. Reed,1610612765,DET,4,PT09M47.00S,shootingFoul2,attemptEquivalent,0,2,
0022500993,1631105,J. Duren,1610612765,DET,4,PT04M23.00S,shootingFoul2,attemptEquivalent,2,2,
0022500993,1631105,J. Duren,1610612765,DET,4,PT03M51.00S,andOne,addOn,1,1,648
0022500993,1631105,J. Duren,1610612765,DET,4,PT01M27.00S,bonus,attemptEquivalent,2,2,
0022500995,1630579,J. Sims,1610612749,MIL,1,PT10M07.00S,andOne,addOn,0,1,22
0022500995,1630596,E. Mobley,1610612739,CLE,1,PT06M50.00S,shootingFoul2,attemptEquivalent,0,2,
0022500995,201935,J. Harden,1610612739,CLE,1,PT04M36.00S,shootingFoul3,attemptEquivalent,3,3,
0022500995,201935,J. Harden,1610612739,CLE,1,PT04M08.00S,andOne,addOn,1,1,111
0022500995,201935,J. Harden,1610612739,CLE,2,PT04M41.00S,shootingFoul2,attemptEquivalent,1,2,
0022500995,1628378,D. Mitchell,1610612739,CLE,2,PT01M07.00S,shootingFoul2,attemptEquivalent,2,2,
0022500995,1628378,D. Mitchell,1610612739,CLE,2,PT00M02.50S,bonus,attemptEquivalent,1,2,
0022500995,1629645,K. Porter Jr.,1610612749,MIL,3,PT10M17.00S,shootingFoul2,attemptEquivalent,2,2,
0022500995,1630241,S. Merrill,1610612739,CLE,3,PT09M50.00S,shootingFoul2,attemptEquivalent,2,2,
0022500995,201935,J. Harden,1610612739,CLE,3,PT06M04.00S,shootingFoul3,attemptEquivalent,2,3,
0022500995,1628378,D. Mitchell,1610612739,CLE,3,PT03M14.00S,bonus,attemptEquivalent,2,2,
0022500995,203471,D. Schröder,1610612739,CLE,4,PT11M28.00S,andOne,addOn,1,1,461
0022500995,1630596,E. Mobley,1610612739,CLE,4,PT10M53.00S,shootingFoul2,attemptEquivalent,2,2,
0022500995,1628378,D. Mitchell,1610612739,CLE,4,PT10M28.00S,shootingFoul2,attemptEquivalent,1,2,
0022500995,1631157,R. Rollins,1610612749,MIL,4,PT08M07.00S,shootingFoul2,attemptEquivalent,2,2,
0022500995,1630596,E. Mobley,1610612739,CLE,4,PT07M21.00S,andOne,addOn,1,1,516
0022500995,201935,J. Harden,1610612739,CLE,4,PT06M32.00S,shootingFoul2,attemptEquivalent,2,2,
0022500995,1631250,P. Nance,1610612749,MIL,4,PT04M36.00S,bonus,attemptEquivalent,0,2,
0022500995,1628378,D. Mitchell,1610612739,CLE,4,PT02M23.00S,bonus,attemptEquivalent,2,2,
0022500995,1629645,K. Porter Jr.,1610612749,MIL,4,PT02M14.00S,bonus,attemptEquivalent,2,2,
0022500995,1631172,O. Dieng,1610612749,MIL,4,PT01M56.00S,bonus,attemptEquivalent,0,2,
0022500995,1631157,R. Rollins,1610612749,MIL,4,PT01M56.00S,bonus,attemptEquivalent,2,2,
0022500995,1629645,K. Porter Jr.,1610612749,MIL,4,PT00M55.40S,shootingFoul2,attemptEquivalent,2,2,
0022500995,1628378,D. Mitchell,1610612739,CLE,4,PT00M38.80S,bonus,attemptEquivalent,2,2,
0022500995,1629645,K. Porter Jr.,1610612749,MIL,4,PT00M30.20S,bonus,attemptEquivalent,2,2,
0022500995,201935,J. Harden,1610612739,CLE,4,PT00M20.90S,bonus,attemptEquivalent,2,2,
0022500998,1642875,M. Raynaud,1610612758,SAC,1,PT07M20.00S,shootingFoul2,attemptEquivalent,2,2,
0022500998,1629640,K. Johnson,1610612759,SAS,1,PT06M36.00S,andOne,addOn,0,1,53
0022500998,1628368,D. Fox,1610612759,SAS,1,PT00M04.70S,shootingFoul2,attemptEquivalent,2,2,
0022500998,1642868,C. Bryant,1610612759,SAS,2,PT04M40.00S,shootingFoul2,attemptEquivalent,2,2,
0022500998,201566,R. Westbrook,1610612758,SAC,2,PT02M12.00S,shootingFoul2,attemptEquivalent,1,2,
0022500998,1631342,D. Plowden,1610612758,SAC,2,PT01M01.00S,andOne,addOn,0,1,283
0022500998,1641705,V. Wembanyama,1610612759,SAS,3,PT10M09.00S,shootingFoul2,attemptEquivalent,2,2,
0022500998,1642875,M. Raynaud,1610612758,SAC,3,PT08M14.00S,shootingFoul2,attemptEquivalent,2,2,
0022500998,1630173,P. Achiuwa,1610612758,SAC,3,PT07M12.00S,andOne,addOn,1,1,362
0022500998,1628436,L. Kornet,1610612759,SAS,3,PT03M29.00S,shootingFoul2,attemptEquivalent,2,2,
0022500998,1631342,D. Plowden,1610612758,SAC,4,PT08M32.00S,shootingFoul2,attemptEquivalent,0,2,
0022500998,1631342,D. Plowden,1610612758,SAC,4,PT05M03.00S,andOne,addOn,1,1,546
0022500998,203482,K. Olynyk,1610612759,SAS,4,PT04M16.00S,shootingFoul2,attemptEquivalent,2,2,
0022500998,1642928,D. Cardwell,1610612758,SAC,4,PT04M00.00S,shootingFoul2,attemptEquivalent,1,2,
0022500998,202687,B. Biyombo,1610612759,SAS,4,PT02M21.00S,shootingFoul2,attemptEquivalent,1,2,
0022501000,1628983,S. Gilgeous-Alexander,1610612760,OKC,1,PT08M28.00S,andOne,addOn,1,1,42
0022501000,1642874,D. Wolf,1610612751,BKN,1,PT06M13.00S,shootingFoul2,attemptEquivalent,2,2,
0022501000,1641730,N. Clowney,1610612751,BKN,1,PT04M36.00S,shootingFoul2,attemptEquivalent,1,2,
0022501000,1631096,C. Holmgren,1610612760,OKC,2,PT10M08.00S,shootingFoul2,attemptEquivalent,2,2,
0022501000,1631096,C. Holmgren,1610612760,OKC,2,PT07M40.00S,shootingFoul2,attemptEquivalent,2,2,
0022501000,1629651,N. Claxton,1610612751,BKN,2,PT06M02.00S,shootingFoul2,attemptEquivalent,0,2,
0022501000,1631096,C. Holmgren,1610612760,OKC,2,PT05M49.00S,shootingFoul2,attemptEquivalent,2,2,
0022501000,1642272,J. McCain,1610612760,OKC,2,PT04M46.00S,shootingFoul2,attemptEquivalent,1,2,
0022501000,1628983,S. Gilgeous-Alexander,1610612760,OKC,2,PT03M03.00S,shootingFoul2,attemptEquivalent,2,2,
0022501000,1630623,T. Etienne,1610612751,BKN,2,PT02M22.00S,shootingFoul2,attemptEquivalent,2,2,
0022501000,1642272,J. McCain,1610612760,OKC,2,PT02M09.00S,bonus,attemptEquivalent,2,2,
0022501000,1628983,S. Gilgeous-Alexander,1610612760,OKC,2,PT00M22.70S,bonus,attemptEquivalent,1,2,
0022501000,1642849,N. Traore,1610612751,BKN,3,PT10M32.00S,shootingFoul2,attemptEquivalent,2,2,
0022501000,1631096,C. Holmgren,1610612760,OKC,3,PT04M28.00S,shootingFoul2,attemptEquivalent,1,2,
0022501000,1642849,N. Traore,1610612751,BKN,3,PT04M20.00S,shootingFoul2,attemptEquivalent,1,2,
0022501000,1630592,J. Wilson,1610612751,BKN,3,PT02M58.00S,shootingFoul2,attemptEquivalent,2,2,
0022501000,1630623,T. Etienne,1610612751,BKN,3,PT02M43.00S,bonus,attemptEquivalent,1,2,
0022501000,1630533,Z. Williams,1610612751,BKN,3,PT02M21.00S,shootingFoul2,attemptEquivalent,2,2,
0022501000,1630533,Z. Williams,1610612751,BKN,3,PT01M38.00S,shootingFoul2,attemptEquivalent,1,2,
0022501000,1630198,I. Joe,1610612760,OKC,3,PT00M55.20S,shootingFoul2,attemptEquivalent,2,2,
0022501000,1630592,J. Wilson,1610612751,BKN,4,PT10M22.00S,shootingFoul2,attemptEquivalent,2,2,
0022501000,1629611,T. Mann,1610612751,BKN,4,PT09M03.00S,shootingFoul2,attemptEquivalent,0,2,
0022501000,1629026,K. Williams,1610612760,OKC,4,PT04M44.00S,andOne,addOn,0,1,606
0022501000,1630534,O. Agbaji,1610612751,BKN,4,PT04M02.00S,shootingFoul2,attemptEquivalent,2,2,
0022501000,1643052,C. Johnson,1610612751,BKN,4,PT03M39.00S,bonus,attemptEquivalent,2,2,
0022501000,1629026,K. Williams,1610612760,OKC,4,PT02M02.00S,shootingFoul2,attemptEquivalent,1,2,
0022501000,1631169,J. Minott,1610612751,BKN,4,PT00M35.50S,shootingFoul3,attemptEquivalent,3,3,
0022501004,203944,J. Randle,1610612750,MIN,1,PT06M43.00S,andOne,addOn,0,1,54
0022501004,1641729,B. Sensabaugh,1610612762,UTA,1,PT06M26.00S,andOne,addOn,1,1,69
0022501004,203944,J. Randle,1610612750,MIN,1,PT05M02.00S,shootingFoul2,attemptEquivalent,2,2,
0022501004,1643158,A. Garcia,1610612762,UTA,1,PT02M41.00S,shootingFoul2,attemptEquivalent,2,2,
0022501004,203944,J. Randle,1610612750,MIN,1,PT02M08.00S,andOne,addOn,1,1,140
0022501004,1629723,J. Konchar,1610612762,UTA,1,PT01M26.00S,shootingFoul2,attemptEquivalent,1,2,
0022501004,1630245,A. Dosunmu,1610612750,MIN,1,PT00M58.60S,andOne,addOn,1,1,163
0022501004,1642268,I. Collier,1610612762,UTA,2,PT10M25.00S,shootingFoul2,attemptEquivalent,1,2,
0022501004,1630245,A. Dosunmu,1610612750,MIN,2,PT09M41.00S,shootingFoul2,attemptEquivalent,2,2,
0022501004,1642271,K. Filipowski,1610612762,UTA,2,PT07M41.00S,shootingFoul2,attemptEquivalent,0,2,
0022501004,203944,J. Randle,1610612750,MIN,2,PT03M04.00S,andOne,addOn,1,1,304
0022501004,1630245,A. Dosunmu,1610612750,MIN,2,PT02M43.00S,shootingFoul2,attemptEquivalent,2,2,
0022501004,201567,K. Love,1610612762,UTA,2,PT00M09.90S,shootingFoul2,attemptEquivalent,2,2,
0022501004,1642268,I. Collier,1610612762,UTA,3,PT11M44.00S,shootingFoul2,attemptEquivalent,2,2,
0022501004,1642271,K. Filipowski,1610612762,UTA,3,PT10M33.00S,shootingFoul2,attemptEquivalent,2,2,
0022501004,1642268,I. Collier,1610612762,UTA,3,PT09M41.00S,andOne,addOn,1,1,391
0022501004,203497,R. Gobert,1610612750,MIN,3,PT09M00.00S,flagrant,addOn,1,2,
0022501004,1641729,B. Sensabaugh,1610612762,UTA,3,PT03M32.00S,bonus,attemptEquivalent,2,2,
0022501004,203944,J. Randle,1610612750,MIN,3,PT02M44.00S,shootingFoul2,attemptEquivalent,2,2,
0022501004,1630245,A. Dosunmu,1610612750,MIN,3,PT01M34.00S,shootingFoul2,attemptEquivalent,1,2,
0022501004,1641989,E. Harkless,1610612762,UTA,3,PT00M56.20S,shootingFoul2,attemptEquivalent,1,2,
0022501004,203937,K. Anderson,1610612750,MIN,4,PT10M36.00S,shootingFoul2,attemptEquivalent,2,2,
0022501004,203497,R. Gobert,1610612750,MIN,4,PT09M57.00S,shootingFoul2,attemptEquivalent,2,2,
0022501004,1630545,T. Shannon Jr.,1610612750,MIN,4,PT09M17.00S,shootingFoul2,attemptEquivalent,2,2,
0022501004,1630538,B. Hyland,1610612750,MIN,4,PT06M51.00S,flagrant,addOn,3,3,
0022501004,1641740,J. Clark,1610612750,MIN,4,PT06M12.00S,andOne,addOn,1,1,634
0022501004,1642268,I. Collier,1610612762,UTA,4,PT06M04.00S,shootingFoul2,attemptEquivalent,2,2,
0022501004,1630545,T. Shannon Jr.,1610612750,MIN,4,PT05M23.00S,bonus,attemptEquivalent,0,2,
0022501004,1641989,E. Harkless,1610612762,UTA,4,PT04M20.00S,andOne,addOn,0,1,686
0022501004,1641729,B. Sensabaugh,1610612762,UTA,4,PT02M53.00S,andOne,addOn,0,1,706
0022501004,1642389,Z. Pullin,1610612750,MIN,4,PT01M24.00S,shootingFoul2,attemptEquivalent,2,2,
0022501004,1631131,O. Tshiebwe,1610612762,UTA,4,PT01M11.00S,shootingFoul2,attemptEquivalent,1,2,
0022501009,1631105,J. Duren,1610612765,DET,1,PT10M40.00S,shootingFoul2,attemptEquivalent,2,2,
0022501009,202699,T. Harris,1610612765,DET,1,PT06M10.00S,shootingFoul2,attemptEquivalent,2,2,
0022501009,1631105,J. Duren,1610612765,DET,1,PT04M50.00S,shootingFoul2,attemptEquivalent,1,2,
0022501009,1628989,K. Huerter,1610612765,DET,1,PT02M51.00S,shootingFoul2,attemptEquivalent,2,2,
0022501009,1642860,W. Riley,1610612764,WAS,1,PT01M27.00S,shootingFoul2,attemptEquivalent,1,2,
0022501009,1627747,C. LeVert,1610612765,DET,1,PT01M00.00S,andOne,addOn,0,1,152
0022501009,1641774,T. Vukcevic,1610612764,WAS,2,PT11M17.00S,shootingFoul2,attemptEquivalent,1,2,
0022501009,1641774,T. Vukcevic,1610612764,WAS,2,PT09M01.00S,flagrant,addOn,1,1,
0022501009,1642267,B. Carrington,1610612764,WAS,2,PT01M17.00S,andOne,addOn,1,1,336
0022501009,1641709,A. Thompson,1610612765,DET,2,PT01M02.00S,shootingFoul2,attemptEquivalent,2,2,
0022501009,202699,T. Harris,1610612765,DET,3,PT11M08.00S,shootingFoul2,attemptEquivalent,1,2,
0022501009,1631105,J. Duren,1610612765,DET,3,PT08M58.00S,shootingFoul2,attemptEquivalent,2,2,
0022501009,1631105,J. Duren,1610612765,DET,3,PT02M59.00S,shootingFoul2,attemptEquivalent,1,2,
0022501009,1630194,P. Reed,1610612765,DET,4,PT11M38.00S,shootingFoul2,attemptEquivalent,2,2,
0022501009,1641774,T. Vukcevic,1610612764,WAS,4,PT11M14.00S,shootingFoul3,attemptEquivalent,2,3,
0022501009,1630194,P. Reed,1610612765,DET,4,PT08M49.00S,shootingFoul2,attemptEquivalent,1,2,
0022501009,1642364,J. Watkins,1610612764,WAS,4,PT06M18.00S,shootingFoul2,attemptEquivalent,1,2,
0022501009,1627747,C. LeVert,1610612765,DET,4,PT06M02.00S,shootingFoul2,attemptEquivalent,1,2,
0022501009,1641709,A. Thompson,1610612765,DET,4,PT04M52.00S,shootingFoul2,attemptEquivalent,2,2,
0022501014,1628398,K. Kuzma,1610612749,MIL,1,PT07M35.00S,shootingFoul2,attemptEquivalent,2,2,
0022501014,1641989,E. Harkless,1610612762,UTA,1,PT07M00.00S,shootingFoul2,attemptEquivalent,1,2,
0022501014,1641989,E. Harkless,1610612762,UTA,1,PT05M43.00S,shootingFoul2,attemptEquivalent,2,2,
0022501014,1626171,B. Portis,1610612749,MIL,1,PT00M41.40S,shootingFoul2,attemptEquivalent,1,2,
0022501014,1643158,A. Garcia,1610612762,UTA,1,PT00M28.10S,bonus,attemptEquivalent,1,2,
0022501014,1630560,C. Thomas,1610612749,MIL,2,PT11M51.00S,shootingFoul2,attemptEquivalent,1,2,
0022501014,1630560,C. Thomas,1610612749,MIL,2,PT10M06.00S,andOne,addOn,0,1,191
0022501014,1629018,G. Trent Jr.,1610612749,MIL,2,PT07M34.00S,shootingFoul2,attemptEquivalent,1,2,
0022501014,1642262,C. Williams,1610612762,UTA,2,PT05M26.00S,shootingFoul2,attemptEquivalent,2,2,
0022501014,1642262,C. Williams,1610612762,UTA,2,PT04M31.00S,andOne,addOn,0,1,257
0022501014,1642271,K. Filipowski,1610612762,UTA,2,PT03M59.00S,shootingFoul2,attemptEquivalent,1,2,
0022501014,1641989,E. Harkless,1610612762,UTA,2,PT03M39.00S,shootingFoul2,attemptEquivalent,2,2,
0022501014,1628398,K. Kuzma,1610612749,MIL,2,PT01M13.00S,shootingFoul2,attemptEquivalent,2,2,
0022501014,1631157,R. Rollins,1610612749,MIL,3,PT10M48.00S,shootingFoul2,attemptEquivalent,2,2,
0022501014,1642271,K. Filipowski,1610612762,UTA,3,PT09M25.00S,shootingFoul2,attemptEquivalent,2,2,
0022501014,1628398,K. Kuzma,1610612749,MIL,3,PT06M00.00S,shootingFoul2,attemptEquivalent,1,2,
0022501014,1631131,O. Tshiebwe,1610612762,UTA,3,PT04M11.00S,andOne,addOn,1,1,449
0022501014,1630560,C. Thomas,1610612749,MIL,4,PT11M27.00S,shootingFoul2,attemptEquivalent,2,2,
0022501014,203648,T. Antetokounmpo,1610612749,MIL,4,PT03M18.00S,shootingFoul2,attemptEquivalent,2,2,
0022501014,1643016,B. Mbeng,1610612762,UTA,4,PT02M12.00S,shootingFoul2,attemptEquivalent,2,2,
0022501014,1642504,C. Ryan,1610612749,MIL,4,PT02M00.00S,shootingFoul3,attemptEquivalent,2,3,
0022501014,1643158,A. Garcia,1610612762,UTA,4,PT01M45.00S,andOne,addOn,0,1,635
0022501015,201566,R. Westbrook,1610612758,SAC,1,PT09M56.00S,shootingFoul2,attemptEquivalent,0,2,
0022501015,1641737,A. Bona,1610612755,PHI,1,PT08M35.00S,shootingFoul2,attemptEquivalent,2,2,
0022501015,1630173,P. Achiuwa,1610612758,SAC,1,PT03M08.00S,shootingFoul2,attemptEquivalent,1,2,
0022501015,1642928,D. Cardwell,1610612758,SAC,1,PT01M29.00S,shootingFoul2,attemptEquivalent,1,2,
0022501015,1630570,T. Watford,1610612755,PHI,2,PT11M24.00S,shootingFoul2,attemptEquivalent,2,2,
0022501015,1628370,M. Monk,1610612758,SAC,2,PT07M55.00S,shootingFoul2,attemptEquivalent,2,2,
0022501015,1630165,K. Hayes,1610612758,SAC,2,PT07M01.00S,shootingFoul2,attemptEquivalent,2,2,
0022501015,1629656,Q. Grimes,1610612755,PHI,2,PT06M23.00S,shootingFoul2,attemptEquivalent,2,2,
0022501015,1630173,P. Achiuwa,1610612758,SAC,2,PT05M44.00S,shootingFoul2,attemptEquivalent,2,2,
0022501015,1629656,Q. Grimes,1610612755,PHI,2,PT03M50.00S,shootingFoul2,attemptEquivalent,1,2,
0022501015,1642348,J. Edwards,1610612755,PHI,2,PT02M55.00S,shootingFoul2,attemptEquivalent,2,2,
0022501015,1642875,M. Raynaud,1610612758,SAC,2,PT02M22.00S,shootingFoul2,attemptEquivalent,2,2,
0022501015,201566,R. Westbrook,1610612758,SAC,2,PT00M32.30S,bonus,attemptEquivalent,1,2,
0022501015,1642875,M. Raynaud,1610612758,SAC,3,PT11M35.00S,andOne,addOn,1,1,343
0022501015,1630173,P. Achiuwa,1610612758,SAC,3,PT08M56.00S,shootingFoul2,attemptEquivalent,1,2,
0022501015,1642845,V. Edgecombe,1610612755,PHI,3,PT08M17.00S,shootingFoul2,attemptEquivalent,2,2,
0022501015,1641737,A. Bona,1610612755,PHI,3,PT07M18.00S,shootingFoul2,attemptEquivalent,2,2,
0022501015,1629656,Q. Grimes,1610612755,PHI,3,PT03M53.00S,shootingFoul2,attemptEquivalent,1,2,
0022501015,201942,D. DeRozan,1610612758,SAC,3,PT02M27.00S,shootingFoul2,attemptEquivalent,1,2,
0022501015,1642845,V. Edgecombe,1610612755,PHI,3,PT02M12.00S,andOne,addOn,1,1,473
0022501015,1630699,M. Beauchamp,1610612755,PHI,3,PT01M07.00S,shootingFoul2,attemptEquivalent,1,2,
0022501015,1642348,J. Edwards,1610612755,PHI,4,PT09M58.00S,andOne,addOn,1,1,533
0022501015,1631342,D. Plowden,1610612758,SAC,4,PT09M42.00S,shootingFoul2,attemptEquivalent,2,2,
0022501015,1642875,M. Raynaud,1610612758,SAC,4,PT09M07.00S,shootingFoul2,attemptEquivalent,2,2,
0022501015,1631230,D. Barlow,1610612755,PHI,4,PT04M01.00S,shootingFoul2,attemptEquivalent,2,2,
0022501015,1630173,P. Achiuwa,1610612758,SAC,4,PT01M00.00S,shootingFoul2,attemptEquivalent,1,2,
0022501015,1626166,C. Payne,1610612755,PHI,4,PT00M52.30S,shootingFoul2,attemptEquivalent,1,2,
0022501015,1630173,P. Achiuwa,1610612758,SAC,4,PT00M42.50S,bonus,attemptEquivalent,1,2,
0022501022,1641717,C. Wallace,1610612760,OKC,1,PT10M05.00S,shootingFoul2,attemptEquivalent,2,2,
0022501022,1642267,B. Carrington,1610612764,WAS,1,PT09M05.00S,andOne,addOn,0,1,36
0022501022,1628983,S. Gilgeous-Alexander,1610612760,OKC,1,PT03M52.00S,shootingFoul2,attemptEquivalent,1,2,
0022501022,1630264,A. Gill,1610612764,WAS,1,PT01M37.00S,andOne,addOn,1,1,133
0022501022,1642364,J. Watkins,1610612764,WAS,2,PT11M49.00S,shootingFoul2,attemptEquivalent,2,2,
0022501022,1642259,A. Sarr,1610612764,WAS,2,PT04M55.00S,shootingFoul2,attemptEquivalent,2,2,
0022501022,1628983,S. Gilgeous-Alexander,1610612760,OKC,2,PT04M24.00S,andOne,addOn,1,1,259
0022501022,1628983,S. Gilgeous-Alexander,1610612760,OKC,2,PT03M57.00S,awayFromPlay,addOn,1,1,
0022501022,1631096,C. Holmgren,1610612760,OKC,2,PT03M35.00S,shootingFoul2,attemptEquivalent,2,2,
0022501022,1642860,W. Riley,1610612764,WAS,2,PT02M10.00S,shootingFoul2,attemptEquivalent,2,2,
0022501022,1631096,C. Holmgren,1610612760,OKC,2,PT00M53.10S,bonus,attemptEquivalent,2,2,
0022501022,1628983,S. Gilgeous-Alexander,1610612760,OKC,2,PT00M06.40S,bonus,attemptEquivalent,1,2,
0022501022,1642364,J. Watkins,1610612764,WAS,3,PT11M43.00S,shootingFoul2,attemptEquivalent,1,2,
0022501022,1641731,B. Coulibaly,1610612764,WAS,3,PT09M24.00S,shootingFoul2,attemptEquivalent,2,2,
0022501022,1628392,I. Hartenstein,1610612760,OKC,3,PT09M12.00S,shootingFoul2,attemptEquivalent,0,2,
0022501022,1628983,S. Gilgeous-Alexander,1610612760,OKC,3,PT05M18.00S,andOne,addOn,1,1,462
0022501022,1629026,K. Williams,1610612760,OKC,3,PT03M17.00S,shootingFoul2,attemptEquivalent,1,2,
0022501022,1629026,K. Williams,1610612760,OKC,3,PT02M26.00S,shootingFoul2,attemptEquivalent,1,2,
0022501022,1641774,T. Vukcevic,1610612764,WAS,3,PT02M04.00S,shootingFoul3,attemptEquivalent,1,3,
0022501022,1642860,W. Riley,1610612764,WAS,3,PT01M34.00S,andOne,addOn,1,1,527
0022501022,1628983,S. Gilgeous-Alexander,1610612760,OKC,3,PT01M24.00S,andOne,addOn,0,1,532
0022501022,1631096,C. Holmgren,1610612760,OKC,4,PT08M13.00S,shootingFoul2,attemptEquivalent,2,2,
0022501022,1642272,J. McCain,1610612760,OKC,4,PT06M51.00S,andOne,addOn,0,1,634
0022501022,1628392,I. Hartenstein,1610612760,OKC,4,PT06M02.00S,bonus,attemptEquivalent,1,2,
0022501022,1642272,J. McCain,1610612760,OKC,4,PT01M36.00S,shootingFoul2,attemptEquivalent,2,2,
0022501022,1630198,I. Joe,1610612760,OKC,4,PT01M13.00S,shootingFoul3,attemptEquivalent,3,3,
0022501025,1629627,Z. Williamson,1610612740,NOP,1,PT09M13.00S,shootingFoul2,attemptEquivalent,0,2,
0022501025,1630180,S. Bey,1610612740,NOP,1,PT07M52.00S,andOne,addOn,1,1,48
0022501025,1628378,D. Mitchell,1610612739,CLE,1,PT07M42.00S,shootingFoul2,attemptEquivalent,2,2,
0022501025,1630596,E. Mobley,1610612739,CLE,1,PT05M38.00S,shootingFoul2,attemptEquivalent,2,2,
0022501025,1629627,Z. Williamson,1610612740,NOP,1,PT04M50.00S,andOne,addOn,1,1,91
0022501025,1631165,K. Ellis,1610612739,CLE,1,PT03M12.00S,shootingFoul3,attemptEquivalent,2,3,
0022501025,1642852,D. Queen,1610612740,NOP,1,PT01M26.00S,andOne,addOn,1,1,141
0022501025,1630596,E. Mobley,1610612739,CLE,2,PT11M04.00S,andOne,addOn,0,1,175
0022501025,1631165,K. Ellis,1610612739,CLE,2,PT04M54.00S,andOne,addOn,1,1,264
0022501025,1630530,T. Murphy III,1610612740,NOP,2,PT03M19.00S,shootingFoul2,attemptEquivalent,2,2,
0022501025,1629627,Z. Williamson,1610612740,NOP,3,PT09M06.00S,andOne,addOn,1,1,354
0022501025,1630596,E. Mobley,1610612739,CLE,3,PT08M56.00S,shootingFoul2,attemptEquivalent,0,2,
0022501025,1628378,D. Mitchell,1610612739,CLE,3,PT07M28.00S,shootingFoul2,attemptEquivalent,1,2,
0022501025,203471,D. Schröder,1610612739,CLE,3,PT01M12.00S,shootingFoul2,attemptEquivalent,1,2,
0022501025,1642852,D. Queen,1610612740,NOP,3,PT00M54.90S,shootingFoul2,attemptEquivalent,2,2,
0022501025,1628418,T. Bryant,1610612739,CLE,3,PT00M43.70S,shootingFoul2,attemptEquivalent,1,2,
0022501025,1629627,Z. Williamson,1610612740,NOP,4,PT10M41.00S,shootingFoul2,attemptEquivalent,2,2,
0022501025,1629627,Z. Williamson,1610612740,NOP,4,PT10M13.00S,shootingFoul2,attemptEquivalent,1,2,
0022501025,1628378,D. Mitchell,1610612739,CLE,4,PT08M02.00S,shootingFoul2,attemptEquivalent,2,2,
0022501025,1630180,S. Bey,1610612740,NOP,4,PT06M41.00S,shootingFoul2,attemptEquivalent,2,2,
0022501025,1630241,S. Merrill,1610612739,CLE,4,PT03M12.00S,bonus,attemptEquivalent,2,2,
0022501025,1627749,D. Murray,1610612740,NOP,4,PT01M50.00S,flagrant,addOn,3,3,
0022501025,1629627,Z. Williamson,1610612740,NOP,4,PT01M13.00S,andOne,addOn,0,1,638
0022501025,1628378,D. Mitchell,1610612739,CLE,4,PT00M04.20S,andOne,addOn,1,1,653
0022501030,1631230,D. Barlow,1610612755,PHI,1,PT11M00.00S,shootingFoul2,attemptEquivalent,1,2,
0022501030,1642845,V. Edgecombe,1610612755,PHI,1,PT10M44.00S,shootingFoul2,attemptEquivalent,2,2,
0022501030,1642271,K. Filipowski,1610612762,UTA,1,PT10M25.00S,shootingFoul2,attemptEquivalent,2,2,
0022501030,1642846,A. Bailey,1610612762,UTA,1,PT09M57.00S,shootingFoul2,attemptEquivalent,1,2,
0022501030,1642271,K. Filipowski,1610612762,UTA,1,PT07M15.00S,shootingFoul2,attemptEquivalent,2,2,
0022501030,1642348,J. Edwards,1610612755,PHI,1,PT06M22.00S,andOne,addOn,1,1,89
0022501030,1629656,Q. Grimes,1610612755,PHI,1,PT04M31.00S,shootingFoul2,attemptEquivalent,2,2,
0022501030,1643016,B. Mbeng,1610612762,UTA,1,PT02M56.00S,bonus,attemptEquivalent,2,2,
0022501030,1626166,C. Payne,1610612755,PHI,1,PT02M45.00S,shootingFoul3,attemptEquivalent,3,3,
0022501030,1642262,C. Williams,1610612762,UTA,1,PT02M02.00S,bonus,attemptEquivalent,2,2,
0022501030,1631133,J. Walker,1610612755,PHI,1,PT01M27.00S,shootingFoul2,attemptEquivalent,2,2,
0022501030,1631113,K. Chandler,1610612762,UTA,1,PT01M08.00S,shootingFoul2,attemptEquivalent,2,2,
0022501030,1630699,M. Beauchamp,1610612755,PHI,1,PT00M11.70S,shootingFoul2,attemptEquivalent,2,2,
0022501030,1631113,K. Chandler,1610612762,UTA,2,PT11M47.00S,andOne,addOn,1,1,203
0022501030,1626166,C. Payne,1610612755,PHI,2,PT10M49.00S,shootingFoul2,attemptEquivalent,2,2,
0022501030,1642846,A. Bailey,1610612762,UTA,2,PT09M59.00S,andOne,addOn,1,1,231
0022501030,1631113,K. Chandler,1610612762,UTA,2,PT06M58.00S,bonus,attemptEquivalent,2,2,
0022501030,1629656,Q. Grimes,1610612755,PHI,2,PT03M31.00S,shootingFoul2,attemptEquivalent,2,2,
0022501030,1642271,K. Filipowski,1610612762,UTA,2,PT01M43.00S,andOne,addOn,1,1,357
0022501030,1642846,A. Bailey,1610612762,UTA,2,PT01M16.00S,shootingFoul2,attemptEquivalent,2,2,
0022501030,1642262,C. Williams,1610612762,UTA,2,PT00M07.10S,shootingFoul2,attemptEquivalent,2,2,
0022501030,1641737,A. Bona,1610612755,PHI,3,PT11M08.00S,andOne,addOn,1,1,406
0022501030,1630570,T. Watford,1610612755,PHI,3,PT09M17.00S,andOne,addOn,1,1,433
0022501030,1641737,A. Bona,1610612755,PHI,3,PT06M49.00S,shootingFoul2,attemptEquivalent,1,2,
0022501030,1641737,A. Bona,1610612755,PHI,3,PT06M24.00S,andOne,addOn,0,1,477
0022501030,1630570,T. Watford,1610612755,PHI,3,PT04M32.00S,andOne,addOn,1,1,497
0022501030,1642846,A. Bailey,1610612762,UTA,3,PT03M21.00S,shootingFoul2,attemptEquivalent,2,2,
0022501030,1642845,V. Edgecombe,1610612755,PHI,3,PT03M13.00S,shootingFoul2,attemptEquivalent,1,2,
0022501030,1642262,C. Williams,1610612762,UTA,4,PT08M45.00S,shootingFoul2,attemptEquivalent,1,2,
0022501030,1641989,E. Harkless,1610612762,UTA,4,PT07M07.00S,shootingFoul2,attemptEquivalent,2,2,
0022501030,1629723,J. Konchar,1610612762,UTA,4,PT06M43.00S,andOne,addOn,1,1,636
0022501030,1630570,T. Watford,1610612755,PHI,4,PT04M15.00S,shootingFoul2,attemptEquivalent,2,2,
0022501030,1629656,Q. Grimes,1610612755,PHI,4,PT03M02.00S,shootingFoul2,attemptEquivalent,2,2,
0022501030,1631113,K. Chandler,1610612762,UTA,4,PT01M48.00S,shootingFoul2,attemptEquivalent,2,2,
0022501030,1630570,T. Watford,1610612755,PHI,4,PT01M08.00S,shootingFoul2,attemptEquivalent,2,2,
0022501033,1630173,P. Achiuwa,1610612758,SAC,1,PT06M23.00S,shootingFoul2,attemptEquivalent,1,2,
0022501033,1643052,C. Johnson,1610612751,BKN,1,PT02M50.00S,shootingFoul2,attemptEquivalent,2,2,
0022501033,1642269,D. Carter,1610612758,SAC,1,PT02M08.00S,shootingFoul2,attemptEquivalent,2,2,
0022501033,1642879,B. Saraf,1610612751,BKN,1,PT01M35.00S,shootingFoul2,attemptEquivalent,2,2,
0022501033,1642874,D. Wolf,1610612751,BKN,2,PT11M13.00S,shootingFoul2,attemptEquivalent,0,2,
0022501033,201942,D. DeRozan,1610612758,SAC,2,PT07M08.00S,transitionTake,addOn,1,1,
0022501033,1642875,M. Raynaud,1610612758,SAC,2,PT05M22.00S,shootingFoul2,attemptEquivalent,1,2,
0022501033,1630173,P. Achiuwa,1610612758,SAC,2,PT05M00.00S,bonus,attemptEquivalent,1,2,
0022501033,1642849,N. Traore,1610612751,BKN,2,PT02M55.00S,andOne,addOn,1,1,272
0022501033,201942,D. DeRozan,1610612758,SAC,2,PT02M06.00S,shootingFoul2,attemptEquivalent,2,2,
0022501033,1628370,M. Monk,1610612758,SAC,2,PT01M45.00S,bonus,attemptEquivalent,2,2,
0022501033,201942,D. DeRozan,1610612758,SAC,3,PT11M25.00S,andOne,addOn,1,1,317
0022501033,1630533,Z. Williams,1610612751,BKN,3,PT10M18.00S,shootingFoul2,attemptEquivalent,1,2,
0022501033,1630533,Z. Williams,1610612751,BKN,3,PT09M38.00S,shootingFoul2,attemptEquivalent,2,2,
0022501033,1630604,E. Liddell,1610612751,BKN,3,PT07M09.00S,bonus,attemptEquivalent,1,2,
0022501033,1630533,Z. Williams,1610612751,BKN,3,PT04M17.00S,andOne,addOn,1,1,419
0022501033,1642928,D. Cardwell,1610612758,SAC,3,PT03M03.00S,bonus,attemptEquivalent,1,2,
0022501033,1642363,N. Clifford,1610612758,SAC,3,PT02M57.00S,shootingFoul2,attemptEquivalent,1,2,
0022501033,1642269,D. Carter,1610612758,SAC,3,PT00M48.90S,shootingFoul2,attemptEquivalent,1,2,
0022501033,1631116,P. Baldwin Jr.,1610612758,SAC,4,PT10M37.00S,andOne,addOn,1,1,505
0022501033,1628370,M. Monk,1610612758,SAC,4,PT09M47.00S,shootingFoul2,attemptEquivalent,2,2,
0022501033,1643052,C. Johnson,1610612751,BKN,4,PT08M46.00S,shootingFoul2,attemptEquivalent,2,2,
0022501033,1630534,O. Agbaji,1610612751,BKN,4,PT07M38.00S,andOne,addOn,1,1,543
0022501033,1641869,M. Smith,1610612751,BKN,4,PT06M11.00S,andOne,addOn,1,1,557
0022501033,1628370,M. Monk,1610612758,SAC,4,PT05M17.00S,andOne,addOn,1,1,573
0022501033,1628370,M. Monk,1610612758,SAC,4,PT02M11.00S,shootingFoul2,attemptEquivalent,2,2,
0022501033,1642269,D. Carter,1610612758,SAC,4,PT01M25.00S,bonus,attemptEquivalent,1,2,
0022501033,1628370,M. Monk,1610612758,SAC,4,PT00M13.50S,bonus,attemptEquivalent,2,2,
0022501033,1642849,N. Traore,1610612751,BKN,4,PT00M09.50S,bonus,attemptEquivalent,2,2,
0022501033,1642269,D. Carter,1610612758,SAC,4,PT00M06.60S,bonus,attemptEquivalent,2,2,
0022501033,1642875,M. Raynaud,1610612758,SAC,4,PT00M05.80S,bonus,attemptEquivalent,1,2,
0022501034,1642267,B. Carrington,1610612764,WAS,1,PT08M52.00S,shootingFoul3,attemptEquivalent,2,3,
0022501034,1626157,K. Towns,1610612752,NYK,1,PT06M41.00S,shootingFoul2,attemptEquivalent,2,2,
0022501034,1628973,J. Brunson,1610612752,NYK,1,PT06M16.00S,shootingFoul2,attemptEquivalent,2,2,
0022501034,1642860,W. Riley,1610612764,WAS,2,PT10M58.00S,shootingFoul2,attemptEquivalent,2,2,
0022501034,1626157,K. Towns,1610612752,NYK,2,PT08M10.00S,andOne,addOn,1,1,215
0022501034,1628404,J. Hart,1610612752,NYK,2,PT06M53.00S,andOne,addOn,1,1,235
0022501034,1626157,K. Towns,1610612752,NYK,2,PT04M34.00S,shootingFoul2,attemptEquivalent,2,2,
0022501034,1642885,M. Diawara,1610612752,NYK,2,PT02M06.00S,bonus,attemptEquivalent,1,2,
0022501034,1628404,J. Hart,1610612752,NYK,2,PT01M26.00S,bonus,attemptEquivalent,2,2,
0022501034,1626157,K. Towns,1610612752,NYK,3,PT07M02.00S,shootingFoul2,attemptEquivalent,2,2,
0022501034,1628973,J. Brunson,1610612752,NYK,3,PT01M25.00S,andOne,addOn,1,1,469
0022501034,1628384,O. Anunoby,1610612752,NYK,3,PT00M27.90S,shootingFoul2,attemptEquivalent,2,2,
0022501034,1641731,B. Coulibaly,1610612764,WAS,4,PT09M39.00S,shootingFoul2,attemptEquivalent,1,2,
0022501034,1641731,B. Coulibaly,1610612764,WAS,4,PT06M34.00S,andOne,addOn,1,1,554
0022501034,1631110,J. Sochan,1610612752,NYK,4,PT03M12.00S,shootingFoul2,attemptEquivalent,2,2,
0022501034,1642267,B. Carrington,1610612764,WAS,4,PT01M58.00S,shootingFoul2,attemptEquivalent,1,2,
0022501034,1642267,B. Carrington,1610612764,WAS,4,PT00M53.70S,bonus,attemptEquivalent,1,2,
0022501040,1631096,C. Holmgren,1610612760,OKC,1,PT07M05.00S,shootingFoul2,attemptEquivalent,2,2,
0022501040,1641737,A. Bona,1610612755,PHI,2,PT09M44.00S,shootingFoul2,attemptEquivalent,1,2,
0022501040,1631114,J. Williams,1610612760,OKC,2,PT08M08.00S,shootingFoul2,attemptEquivalent,1,2,
0022501040,1630570,T. Watford,1610612755,PHI,2,PT07M16.00S,shootingFoul2,attemptEquivalent,2,2,
0022501040,1628983,S. Gilgeous-Alexander,1610612760,OKC,2,PT03M10.00S,shootingFoul2,attemptEquivalent,2,2,
0022501040,1641737,A. Bona,1610612755,PHI,2,PT02M26.00S,shootingFoul2,attemptEquivalent,0,2,
0022501040,1631119,J. Williams,1610612760,OKC,3,PT04M11.00S,andOne,addOn,1,1,430
0022501040,1627936,A. Caruso,1610612760,OKC,3,PT02M12.00S,shootingFoul2,attemptEquivalent,2,2,
0022501040,1631133,J. Walker,1610612755,PHI,3,PT02M00.00S,andOne,addOn,0,1,455
0022501040,1630570,T. Watford,1610612755,PHI,4,PT00M52.90S,shootingFoul2,attemptEquivalent,1,2,
0022501043,1629723,J. Konchar,1610612762,UTA,1,PT11M01.00S,shootingFoul2,attemptEquivalent,2,2,
0022501043,1642271,K. Filipowski,1610612762,UTA,1,PT08M39.00S,shootingFoul2,attemptEquivalent,1,2,
0022501043,1642846,A. Bailey,1610612762,UTA,1,PT05M37.00S,shootingFoul2,attemptEquivalent,2,2,
0022501043,1642266,J. Walter,1610612761,TOR,1,PT05M14.00S,andOne,addOn,1,1,77
0022501043,1631131,O. Tshiebwe,1610612762,UTA,1,PT04M13.00S,shootingFoul2,attemptEquivalent,1,2,
0022501043,1642867,C. Murray-Boyles,1610612761,TOR,1,PT03M52.00S,shootingFoul2,attemptEquivalent,2,2,
0022501043,1642867,C. Murray-Boyles,1610612761,TOR,1,PT03M19.00S,andOne,addOn,1,1,119
0022501043,1643016,B. Mbeng,1610612762,UTA,1,PT02M39.00S,bonus,attemptEquivalent,1,2,
0022501043,1641989,E. Harkless,1610612762,UTA,1,PT01M37.00S,shootingFoul2,attemptEquivalent,2,2,
0022501043,1631113,K. Chandler,1610612762,UTA,1,PT00M02.90S,andOne,addOn,1,1,171
0022501043,1641989,E. Harkless,1610612762,UTA,2,PT11M43.00S,shootingFoul2,attemptEquivalent,1,2,
0022501043,1631131,O. Tshiebwe,1610612762,UTA,2,PT10M26.00S,shootingFoul2,attemptEquivalent,2,2,
0022501043,1631113,K. Chandler,1610612762,UTA,2,PT09M39.00S,andOne,addOn,1,1,217
0022501043,1629628,R. Barrett,1610612761,TOR,2,PT08M31.00S,shootingFoul2,attemptEquivalent,0,2,
0022501043,1629723,J. Konchar,1610612762,UTA,2,PT07M26.00S,shootingFoul2,attemptEquivalent,2,2,
0022501043,1629628,R. Barrett,1610612761,TOR,2,PT07M13.00S,shootingFoul2,attemptEquivalent,1,2,
0022501043,1642846,A. Bailey,1610612762,UTA,2,PT05M49.00S,shootingFoul2,attemptEquivalent,2,2,
0022501043,1642347,J. Shead,1610612761,TOR,2,PT05M41.00S,shootingFoul2,attemptEquivalent,2,2,
0022501043,1642846,A. Bailey,1610612762,UTA,2,PT03M15.00S,bonus,attemptEquivalent,2,2,
0022501043,1642846,A. Bailey,1610612762,UTA,2,PT02M19.00S,shootingFoul2,attemptEquivalent,2,2,
0022501043,1629628,R. Barrett,1610612761,TOR,2,PT00M52.30S,andOne,addOn,0,1,356
0022501043,1630567,S. Barnes,1610612761,TOR,3,PT09M42.00S,shootingFoul2,attemptEquivalent,2,2,
0022501043,1641989,E. Harkless,1610612762,UTA,3,PT09M25.00S,shootingFoul2,attemptEquivalent,1,2,
0022501043,1630572,S. Mamukelashvili,1610612761,TOR,3,PT08M25.00S,shootingFoul2,attemptEquivalent,0,2,
0022501043,1641989,E. Harkless,1610612762,UTA,3,PT07M13.00S,shootingFoul2,attemptEquivalent,1,2,
0022501043,1629628,R. Barrett,1610612761,TOR,3,PT06M31.00S,shootingFoul2,attemptEquivalent,2,2,
0022501043,1630572,S. Mamukelashvili,1610612761,TOR,3,PT05M47.00S,shootingFoul2,attemptEquivalent,2,2,
0022501043,1631131,O. Tshiebwe,1610612762,UTA,3,PT03M05.00S,shootingFoul2,attemptEquivalent,1,2,
0022501043,1631113,K. Chandler,1610612762,UTA,3,PT02M49.00S,shootingFoul2,attemptEquivalent,2,2,
0022501043,1642867,C. Murray-Boyles,1610612761,TOR,3,PT01M48.00S,shootingFoul2,attemptEquivalent,0,2,
0022501043,1629723,J. Konchar,1610612762,UTA,3,PT01M32.00S,shootingFoul2,attemptEquivalent,2,2,
0022501043,1629723,J. Konchar,1610612762,UTA,4,PT11M45.00S,shootingFoul2,attemptEquivalent,2,2,
0022501043,1641729,B. Sensabaugh,1610612762,UTA,4,PT10M54.00S,shootingFoul2,attemptEquivalent,2,2,
0022501043,1641729,B. Sensabaugh,1610612762,UTA,4,PT08M51.00S,shootingFoul2,attemptEquivalent,2,2,
0022501043,1642419,J. Battle,1610612761,TOR,4,PT04M50.00S,shootingFoul2,attemptEquivalent,1,2,
0022501043,1631218,T. Jackson-Davis,1610612761,TOR,4,PT03M53.00S,shootingFoul2,attemptEquivalent,0,2,
0022501043,1641729,B. Sensabaugh,1610612762,UTA,4,PT02M51.00S,andOne,addOn,1,1,716
0022501043,1631218,T. Jackson-Davis,1610612761,TOR,4,PT00M53.10S,shootingFoul2,attemptEquivalent,0,2,
0022501047,1642875,M. Raynaud,1610612758,SAC,1,PT10M47.00S,shootingFoul2,attemptEquivalent,2,2,
0022501047,1631342,D. Plowden,1610612758,SAC,1,PT05M56.00S,andOne,addOn,1,1,89
0022501047,1629632,C. White,1610612766,CHA,1,PT00M05.60S,andOne,addOn,1,1,161
0022501047,201942,D. DeRozan,1610612758,SAC,2,PT07M41.00S,shootingFoul2,attemptEquivalent,0,2,
0022501047,1631217,M. Diabaté,1610612766,CHA,2,PT06M17.00S,shootingFoul2,attemptEquivalent,2,2,
0022501047,1628370,M. Monk,1610612758,SAC,2,PT03M05.00S,shootingFoul2,attemptEquivalent,1,2,
0022501047,1631217,M. Diabaté,1610612766,CHA,2,PT00M02.60S,shootingFoul2,attemptEquivalent,2,2,
0022501047,1642269,D. Carter,1610612758,SAC,3,PT11M03.00S,andOne,addOn,1,1,356
0022501047,1628970,M. Bridges,1610612766,CHA,3,PT07M16.00S,shootingFoul2,attemptEquivalent,1,2,
0022501047,1631217,M. Diabaté,1610612766,CHA,3,PT04M47.00S,shootingFoul2,attemptEquivalent,0,2,
0022501047,201942,D. DeRozan,1610612758,SAC,3,PT04M40.00S,andOne,addOn,1,1,444
0022501047,1631217,M. Diabaté,1610612766,CHA,3,PT04M27.00S,andOne,addOn,1,1,452
0022501047,1642875,M. Raynaud,1610612758,SAC,3,PT03M46.00S,shootingFoul2,attemptEquivalent,1,2,
0022501047,1629632,C. White,1610612766,CHA,3,PT00M35.80S,shootingFoul2,attemptEquivalent,2,2,
0022501047,1642862,L. McNeeley,1610612766,CHA,4,PT07M29.00S,shootingFoul2,attemptEquivalent,2,2,
0022501047,1630214,X. Tillman,1610612766,CHA,4,PT03M58.00S,shootingFoul2,attemptEquivalent,1,2,
0022501049,1631094,P. Banchero,1610612753,ORL,1,PT09M29.00S,shootingFoul2,attemptEquivalent,2,2,
0022501049,1628976,W. Carter Jr.,1610612753,ORL,1,PT09M04.00S,shootingFoul2,attemptEquivalent,2,2,
0022501049,201935,J. Harden,1610612739,CLE,1,PT04M19.00S,andOne,addOn,1,1,85
0022501049,201935,J. Harden,1610612739,CLE,1,PT03M59.00S,shootingFoul3,attemptEquivalent,3,3,
0022501049,1631094,P. Banchero,1610612753,ORL,1,PT03M45.00S,shootingFoul2,attemptEquivalent,2,2,
0022501049,1628378,D. Mitchell,1610612739,CLE,1,PT00M21.60S,shootingFoul2,attemptEquivalent,2,2,
0022501049,1628418,T. Bryant,1610612739,CLE,2,PT10M26.00S,andOne,addOn,1,1,167
0022501049,1631094,P. Banchero,1610612753,ORL,2,PT05M06.00S,shootingFoul2,attemptEquivalent,1,2,
0022501049,1631094,P. Banchero,1610612753,ORL,2,PT02M23.00S,shootingFoul2,attemptEquivalent,2,2,
0022501049,1630217,D. Bane,1610612753,ORL,2,PT01M15.00S,shootingFoul2,attemptEquivalent,2,2,
0022501049,1631288,J. Cain,1610612753,ORL,2,PT00M36.70S,bonus,attemptEquivalent,2,2,
0022501049,1628378,D. Mitchell,1610612739,CLE,2,PT00M32.20S,bonus,attemptEquivalent,2,2,
0022501049,201935,J. Harden,1610612739,CLE,2,PT00M00.10S,andOne,addOn,1,1,313
0022501049,1630241,S. Merrill,1610612739,CLE,3,PT11M38.00S,shootingFoul2,attemptEquivalent,2,2,
0022501049,1630217,D. Bane,1610612753,ORL,3,PT10M23.00S,shootingFoul2,attemptEquivalent,2,2,
0022501049,1631288,J. Cain,1610612753,ORL,3,PT09M54.00S,shootingFoul2,attemptEquivalent,2,2,
0022501049,1630596,E. Mobley,1610612739,CLE,3,PT09M37.00S,shootingFoul2,attemptEquivalent,1,2,
0022501049,1628378,D. Mitchell,1610612739,CLE,3,PT07M41.00S,shootingFoul2,attemptEquivalent,2,2,
0022501049,1631094,P. Banchero,1610612753,ORL,3,PT06M06.00S,andOne,addOn,1,1,383
0022501049,1631094,P. Banchero,1610612753,ORL,3,PT04M44.00S,shootingFoul2,attemptEquivalent,2,2,
0022501049,201935,J. Harden,1610612739,CLE,3,PT03M07.00S,shootingFoul2,attemptEquivalent,1,2,
0022501049,1631094,P. Banchero,1610612753,ORL,3,PT02M55.00S,shootingFoul2,attemptEquivalent,1,2,
0022501049,1628378,D. Mitchell,1610612739,CLE,3,PT00M22.30S,andOne,addOn,1,1,456
0022501049,1630596,E. Mobley,1610612739,CLE,4,PT10M09.00S,shootingFoul2,attemptEquivalent,2,2,
0022501049,1641783,T. da Silva,1610612753,ORL,4,PT08M57.00S,shootingFoul2,attemptEquivalent,2,2,
0022501049,1631094,P. Banchero,1610612753,ORL,4,PT07M52.00S,shootingFoul2,attemptEquivalent,2,2,
0022501049,1641783,T. da Silva,1610612753,ORL,4,PT07M20.00S,andOne,addOn,1,1,544
0022501049,1630241,S. Merrill,1610612739,CLE,4,PT05M55.00S,shootingFoul2,attemptEquivalent,2,2,
0022501049,1631288,J. Cain,1610612753,ORL,4,PT04M46.00S,shootingFoul2,attemptEquivalent,2,2,
0022501049,1641783,T. da Silva,1610612753,ORL,4,PT04M00.00S,bonus,attemptEquivalent,2,2,
0022501049,1628378,D. Mitchell,1610612739,CLE,4,PT02M05.00S,bonus,attemptEquivalent,2,2,
0022501049,1628976,W. Carter Jr.,1610612753,ORL,4,PT01M06.00S,bonus,attemptEquivalent,1,2,
0022501049,1628976,W. Carter Jr.,1610612753,ORL,4,PT00M37.50S,shootingFoul2,attemptEquivalent,2,2,
0022501049,1630241,S. Merrill,1610612739,CLE,4,PT00M04.50S,bonus,attemptEquivalent,1,2,
0022501049,1628378,D. Mitchell,1610612739,CLE,4,PT00M00.80S,bonus,attemptEquivalent,2,2,
0022501054,1631096,C. Holmgren,1610612760,OKC,1,PT07M39.00S,shootingFoul2,attemptEquivalent,1,2,
0022501054,1641717,C. Wallace,1610612760,OKC,1,PT03M54.00S,shootingFoul2,attemptEquivalent,2,2,
0022501054,1630568,L. Garza,1610612738,BOS,1,PT01M25.00S,andOne,addOn,0,1,133
0022501054,1628369,J. Tatum,1610612738,BOS,1,PT00M13.20S,shootingFoul2,attemptEquivalent,2,2,
0022501054,1629674,N. Queta,1610612738,BOS,2,PT10M47.00S,shootingFoul2,attemptEquivalent,1,2,
0022501054,1631114,J. Williams,1610612760,OKC,3,PT09M40.00S,shootingFoul2,attemptEquivalent,1,2,
0022501054,1627759,J. Brown,1610612738,BOS,3,PT08M21.00S,andOne,addOn,1,1,358
0022501054,1631114,J. Williams,1610612760,OKC,3,PT08M07.00S,shootingFoul2,attemptEquivalent,2,2,
0022501054,1629674,N. Queta,1610612738,BOS,3,PT06M48.00S,shootingFoul2,attemptEquivalent,2,2,
0022501054,1631096,C. Holmgren,1610612760,OKC,3,PT06M28.00S,shootingFoul2,attemptEquivalent,2,2,
0022501054,1627759,J. Brown,1610612738,BOS,3,PT05M36.00S,shootingFoul2,attemptEquivalent,2,2,
0022501054,1627759,J. Brown,1610612738,BOS,3,PT04M30.00S,bonus,attemptEquivalent,1,2,
0022501054,1628983,S. Gilgeous-Alexander,1610612760,OKC,3,PT04M17.00S,shootingFoul2,attemptEquivalent,2,2,
0022501054,1628401,D. White,1610612738,BOS,3,PT02M46.00S,shootingFoul2,attemptEquivalent,2,2,
0022501054,1627759,J. Brown,1610612738,BOS,3,PT02M08.00S,shootingFoul2,attemptEquivalent,2,2,
0022501054,1631119,J. Williams,1610612760,OKC,3,PT01M37.00S,bonus,attemptEquivalent,1,2,
0022501054,1628983,S. Gilgeous-Alexander,1610612760,OKC,3,PT00M46.60S,shootingFoul2,attemptEquivalent,1,2,
0022501054,1628983,S. Gilgeous-Alexander,1610612760,OKC,3,PT00M22.50S,shootingFoul2,attemptEquivalent,2,2,
0022501054,1627759,J. Brown,1610612738,BOS,3,PT00M05.80S,bonus,attemptEquivalent,2,2,
0022501054,1627936,A. Caruso,1610612760,OKC,4,PT09M59.00S,shootingFoul2,attemptEquivalent,2,2,
0022501054,1628369,J. Tatum,1610612738,BOS,4,PT09M49.00S,shootingFoul3,attemptEquivalent,3,3,
0022501054,1627759,J. Brown,1610612738,BOS,4,PT07M32.00S,andOne,addOn,1,1,561
0022501054,1627759,J. Brown,1610612738,BOS,4,PT06M09.00S,bonus,attemptEquivalent,2,2,
0022501054,1628983,S. Gilgeous-Alexander,1610612760,OKC,4,PT04M07.00S,shootingFoul2,attemptEquivalent,2,2,
0022501054,1628983,S. Gilgeous-Alexander,1610612760,OKC,4,PT03M07.00S,shootingFoul2,attemptEquivalent,2,2,
0022501054,1627759,J. Brown,1610612738,BOS,4,PT02M17.00S,bonus,attemptEquivalent,1,2,
0022501054,1628983,S. Gilgeous-Alexander,1610612760,OKC,4,PT01M30.00S,shootingFoul2,attemptEquivalent,1,2,
0022501054,1628401,D. White,1610612738,BOS,4,PT00M32.40S,bonus,attemptEquivalent,2,2,
0022501055,1631165,K. Ellis,1610612739,CLE,1,PT05M14.00S,shootingFoul3,attemptEquivalent,3,3,
0022501055,201935,J. Harden,1610612739,CLE,1,PT03M43.00S,shootingFoul2,attemptEquivalent,2,2,
0022501055,201935,J. Harden,1610612739,CLE,1,PT01M15.00S,bonus,attemptEquivalent,2,2,
0022501055,1641796,P. Larsson,1610612748,MIA,1,PT01M06.00S,andOne,addOn,1,1,140
0022501055,1631170,J. Jaquez Jr.,1610612748,MIA,2,PT09M24.00S,andOne,addOn,0,1,175
0022501055,1642857,K. Jakučionis,1610612748,MIA,2,PT09M02.00S,shootingFoul2,attemptEquivalent,2,2,
0022501055,1641796,P. Larsson,1610612748,MIA,2,PT08M46.00S,shootingFoul2,attemptEquivalent,2,2,
0022501055,1630241,S. Merrill,1610612739,CLE,2,PT08M04.00S,shootingFoul2,attemptEquivalent,2,2,
0022501055,1630596,E. Mobley,1610612739,CLE,2,PT04M43.00S,shootingFoul2,attemptEquivalent,0,2,
0022501055,1630596,E. Mobley,1610612739,CLE,2,PT03M17.00S,andOne,addOn,1,1,264
0022501055,1631165,K. Ellis,1610612739,CLE,2,PT01M34.00S,shootingFoul3,attemptEquivalent,3,3,
0022501055,1630558,D. Mitchell,1610612748,MIA,2,PT01M24.00S,shootingFoul2,attemptEquivalent,1,2,
0022501055,1626181,N. Powell,1610612748,MIA,2,PT00M21.70S,bonus,attemptEquivalent,2,2,
0022501055,1629639,T. Herro,1610612748,MIA,3,PT09M03.00S,shootingFoul2,attemptEquivalent,2,2,
0022501055,1628389,B. Adebayo,1610612748,MIA,3,PT06M48.00S,shootingFoul2,attemptEquivalent,2,2,
0022501055,1628389,B. Adebayo,1610612748,MIA,3,PT03M46.00S,shootingFoul2,attemptEquivalent,1,2,
0022501055,1641772,N. Tomlin,1610612739,CLE,4,PT09M30.00S,shootingFoul2,attemptEquivalent,2,2,
0022501055,201935,J. Harden,1610612739,CLE,4,PT07M57.00S,shootingFoul3,attemptEquivalent,3,3,
0022501055,1641796,P. Larsson,1610612748,MIA,4,PT06M19.00S,shootingFoul2,attemptEquivalent,2,2,
0022501055,1630596,E. Mobley,1610612739,CLE,4,PT05M28.00S,shootingFoul2,attemptEquivalent,1,2,
0022501055,1628389,B. Adebayo,1610612748,MIA,4,PT03M50.00S,andOne,addOn,1,1,593
0022501055,1642276,K. Ware,1610612748,MIA,4,PT03M39.00S,andOne,addOn,0,1,600
0022501055,1641796,P. Larsson,1610612748,MIA,4,PT02M57.00S,bonus,attemptEquivalent,2,2,
0022501055,203471,D. Schröder,1610612739,CLE,4,PT02M08.00S,shootingFoul2,attemptEquivalent,2,2,
0022501057,1642882,J. Reese,1610612764,WAS,1,PT10M01.00S,shootingFoul2,attemptEquivalent,1,2,
0022501057,1641731,B. Coulibaly,1610612764,WAS,1,PT08M51.00S,shootingFoul2,attemptEquivalent,1,2,
0022501057,1642882,J. Reese,1610612764,WAS,1,PT05M19.00S,shootingFoul2,attemptEquivalent,1,2,
0022501057,1642860,W. Riley,1610612764,WAS,1,PT04M54.00S,andOne,addOn,0,1,116
0022501057,1642860,W. Riley,1610612764,WAS,1,PT02M48.00S,shootingFoul2,attemptEquivalent,2,2,
0022501057,1631113,K. Chandler,1610612762,UTA,1,PT01M53.00S,shootingFoul2,attemptEquivalent,0,2,
0022501057,1642396,B. Hinson,1610612762,UTA,1,PT01M24.00S,andOne,addOn,1,1,166
0022501057,1630536,S. Cooper,1610612764,WAS,1,PT01M12.00S,bonus,attemptEquivalent,2,2,
0022501057,1642396,B. Hinson,1610612762,UTA,2,PT10M34.00S,shootingFoul2,attemptEquivalent,2,2,
0022501057,1642396,B. Hinson,1610612762,UTA,2,PT10M21.00S,shootingFoul2,attemptEquivalent,1,2,
0022501057,1642267,B. Carrington,1610612764,WAS,2,PT09M25.00S,shootingFoul2,attemptEquivalent,2,2,
0022501057,1643016,B. Mbeng,1610612762,UTA,2,PT09M17.00S,bonus,attemptEquivalent,1,2,
0022501057,1642364,J. Watkins,1610612764,WAS,2,PT05M56.00S,shootingFoul2,attemptEquivalent,1,2,
0022501057,1641731,B. Coulibaly,1610612764,WAS,2,PT05M15.00S,shootingFoul2,attemptEquivalent,2,2,
0022501057,1642860,W. Riley,1610612764,WAS,2,PT03M38.00S,bonus,attemptEquivalent,1,2,
0022501057,1631131,O. Tshiebwe,1610612762,UTA,2,PT03M27.00S,bonus,attemptEquivalent,1,2,
0022501057,1631113,K. Chandler,1610612762,UTA,2,PT01M00.00S,shootingFoul2,attemptEquivalent,1,2,
0022501057,1631131,O. Tshiebwe,1610612762,UTA,2,PT00M30.40S,bonus,attemptEquivalent,2,2,
0022501057,1642860,W. Riley,1610612764,WAS,3,PT07M32.00S,shootingFoul3,attemptEquivalent,3,3,
0022501057,1643016,B. Mbeng,1610612762,UTA,3,PT07M18.00S,andOne,addOn,0,1,459
0022501057,1641989,E. Harkless,1610612762,UTA,3,PT03M24.00S,shootingFoul2,attemptEquivalent,1,2,
0022501057,1631113,K. Chandler,1610612762,UTA,4,PT09M56.00S,shootingFoul2,attemptEquivalent,0,2,
0022501057,1630702,J. Hardy,1610612764,WAS,4,PT07M13.00S,shootingFoul2,attemptEquivalent,0,2,
0022501057,1642396,B. Hinson,1610612762,UTA,4,PT05M55.00S,flagrant,addOn,1,1,
0022501057,1642262,C. Williams,1610612762,UTA,4,PT02M51.00S,shootingFoul2,attemptEquivalent,0,2,
0022501057,1642262,C. Williams,1610612762,UTA,4,PT02M14.00S,bonus,attemptEquivalent,2,2,
0022501065,201942,D. DeRozan,1610612758,SAC,1,PT07M07.00S,andOne,addOn,0,1,54
0022501065,1641783,T. da Silva,1610612753,ORL,1,PT04M24.00S,shootingFoul2,attemptEquivalent,2,2,
0022501065,1642875,M. Raynaud,1610612758,SAC,1,PT04M10.00S,shootingFoul2,attemptEquivalent,2,2,
0022501065,1631342,D. Plowden,1610612758,SAC,1,PT03M28.00S,andOne,addOn,0,1,107
0022501065,1631094,P. Banchero,1610612753,ORL,1,PT02M40.00S,shootingFoul2,attemptEquivalent,2,2,
0022501065,1629048,G. Bitadze,1610612753,ORL,1,PT02M06.00S,shootingFoul2,attemptEquivalent,2,2,
0022501065,1642859,J. Richardson,1610612753,ORL,1,PT01M35.00S,bonus,attemptEquivalent,2,2,
0022501065,1642269,D. Carter,1610612758,SAC,1,PT00M10.50S,shootingFoul2,attemptEquivalent,1,2,
0022501065,1630217,D. Bane,1610612753,ORL,2,PT10M33.00S,shootingFoul2,attemptEquivalent,2,2,
0022501065,201942,D. DeRozan,1610612758,SAC,2,PT07M44.00S,andOne,addOn,1,1,220
0022501065,201942,D. DeRozan,1610612758,SAC,2,PT05M34.00S,shootingFoul2,attemptEquivalent,2,2,
0022501065,1628976,W. Carter Jr.,1610612753,ORL,2,PT05M20.00S,shootingFoul2,attemptEquivalent,1,2,
0022501065,1628976,W. Carter Jr.,1610612753,ORL,2,PT04M07.00S,shootingFoul2,attemptEquivalent,1,2,
0022501065,1631094,P. Banchero,1610612753,ORL,2,PT03M00.00S,shootingFoul2,attemptEquivalent,1,2,
0022501065,1628976,W. Carter Jr.,1610612753,ORL,2,PT01M30.00S,shootingFoul2,attemptEquivalent,2,2,
0022501065,201942,D. DeRozan,1610612758,SAC,2,PT01M15.00S,shootingFoul2,attemptEquivalent,2,2,
0022501065,1641783,T. da Silva,1610612753,ORL,2,PT00M34.90S,shootingFoul2,attemptEquivalent,2,2,
0022501065,1630217,D. Bane,1610612753,ORL,3,PT09M24.00S,shootingFoul2,attemptEquivalent,2,2,
0022501065,201942,D. DeRozan,1610612758,SAC,3,PT05M03.00S,shootingFoul2,attemptEquivalent,2,2,
0022501065,1641783,T. da Silva,1610612753,ORL,3,PT00M16.80S,shootingFoul2,attemptEquivalent,1,2,
0022501065,201942,D. DeRozan,1610612758,SAC,4,PT08M49.00S,shootingFoul2,attemptEquivalent,2,2,
0022501065,1631094,P. Banchero,1610612753,ORL,4,PT07M56.00S,shootingFoul2,attemptEquivalent,2,2,
0022501065,1631094,P. Banchero,1610612753,ORL,4,PT03M24.00S,shootingFoul2,attemptEquivalent,2,2,
0022501065,1630217,D. Bane,1610612753,ORL,4,PT02M33.00S,shootingFoul2,attemptEquivalent,2,2,
0022501065,1631342,D. Plowden,1610612758,SAC,4,PT02M04.00S,andOne,addOn,1,1,585
0022501065,1630217,D. Bane,1610612753,ORL,4,PT00M13.10S,bonus,attemptEquivalent,2,2,
0022501068,201935,J. Harden,1610612739,CLE,1,PT11M12.00S,shootingFoul3,attemptEquivalent,3,3,
0022501068,1628386,J. Allen,1610612739,CLE,1,PT08M47.00S,shootingFoul2,attemptEquivalent,2,2,
0022501068,1629639,T. Herro,1610612748,MIA,1,PT06M43.00S,shootingFoul2,attemptEquivalent,2,2,
0022501068,1631165,K. Ellis,1610612739,CLE,1,PT00M36.10S,andOne,addOn,0,1,160
0022501068,203471,D. Schröder,1610612739,CLE,2,PT08M58.00S,andOne,addOn,1,1,208
0022501068,201935,J. Harden,1610612739,CLE,2,PT06M10.00S,awayFromPlay,addOn,1,1,
0022501068,203952,A. Wiggins,1610612748,MIA,2,PT05M06.00S,shootingFoul2,attemptEquivalent,1,2,
0022501068,1628389,B. Adebayo,1610612748,MIA,2,PT04M23.00S,shootingFoul2,attemptEquivalent,1,2,
0022501068,1628389,B. Adebayo,1610612748,MIA,2,PT03M04.00S,shootingFoul2,attemptEquivalent,2,2,
0022501068,201935,J. Harden,1610612739,CLE,3,PT10M31.00S,shootingFoul2,attemptEquivalent,2,2,
0022501068,1628378,D. Mitchell,1610612739,CLE,3,PT10M00.00S,shootingFoul2,attemptEquivalent,2,2,
0022501068,203952,A. Wiggins,1610612748,MIA,3,PT07M25.00S,shootingFoul2,attemptEquivalent,2,2,
0022501068,1628389,B. Adebayo,1610612748,MIA,3,PT06M36.00S,shootingFoul2,attemptEquivalent,2,2,
0022501068,1628389,B. Adebayo,1610612748,MIA,3,PT05M16.00S,shootingFoul2,attemptEquivalent,2,2,
0022501068,1641796,P. Larsson,1610612748,MIA,3,PT04M15.00S,shootingFoul2,attemptEquivalent,2,2,
0022501068,1641796,P. Larsson,1610612748,MIA,3,PT03M23.00S,bonus,attemptEquivalent,2,2,
0022501068,203471,D. Schröder,1610612739,CLE,3,PT03M12.00S,shootingFoul2,attemptEquivalent,1,2,
0022501068,1642857,K. Jakučionis,1610612748,MIA,3,PT02M40.00S,flagrant,addOn,1,1,
0022501068,1628378,D. Mitchell,1610612739,CLE,3,PT01M41.00S,shootingFoul2,attemptEquivalent,2,2,
0022501068,1629622,M. Strus,1610612739,CLE,3,PT00M08.20S,bonus,attemptEquivalent,1,2,
0022501068,1626181,N. Powell,1610612748,MIA,3,PT00M01.30S,shootingFoul3,attemptEquivalent,3,3,
0022501068,1630596,E. Mobley,1610612739,CLE,4,PT10M15.00S,shootingFoul2,attemptEquivalent,2,2,
0022501068,1631170,J. Jaquez Jr.,1610612748,MIA,4,PT06M57.00S,andOne,addOn,0,1,588
0022501068,1630241,S. Merrill,1610612739,CLE,4,PT06M40.00S,flagrant,addOn,2,2,
0022501068,1641796,P. Larsson,1610612748,MIA,4,PT05M41.00S,shootingFoul2,attemptEquivalent,2,2,
0022501068,1642878,T. Proctor,1610612739,CLE,4,PT04M11.00S,flagrant,addOn,2,2,
0022501068,1642857,K. Jakučionis,1610612748,MIA,4,PT03M56.00S,bonus,attemptEquivalent,2,2,
0022501068,1642066,M. Gardner,1610612748,MIA,4,PT03M26.00S,shootingFoul2,attemptEquivalent,1,2,
0022501068,1626204,L. Nance Jr.,1610612739,CLE,4,PT02M56.00S,shootingFoul2,attemptEquivalent,1,2,
0022501068,1631323,S. Fontecchio,1610612748,MIA,4,PT02M49.00S,bonus,attemptEquivalent,2,2,
0022501068,1642352,K. Johnson,1610612748,MIA,4,PT01M37.00S,shootingFoul2,attemptEquivalent,1,2,
0022501068,1642857,K. Jakučionis,1610612748,MIA,4,PT01M16.00S,bonus,attemptEquivalent,2,2,
0022501068,1642878,T. Proctor,1610612739,CLE,4,PT01M12.00S,bonus,attemptEquivalent,2,2,
0022501068,1642276,K. Ware,1610612748,MIA,4,PT00M56.70S,shootingFoul2,attemptEquivalent,2,2,
0022501068,1630846,O. Sarr,1610612739,CLE,4,PT00M20.00S,bonus,attemptEquivalent,1,2,
0022501070,1628392,I. Hartenstein,1610612760,OKC,1,PT10M25.00S,shootingFoul2,attemptEquivalent,1,2,
0022501070,1628983,S. Gilgeous-Alexander,1610612760,OKC,1,PT02M22.00S,shootingFoul2,attemptEquivalent,1,2,
0022501070,1642349,A. Mitchell,1610612760,OKC,2,PT10M01.00S,shootingFoul2,attemptEquivalent,2,2,
0022501070,1630581,J. Giddey,1610612741,CHI,2,PT08M31.00S,shootingFoul2,attemptEquivalent,1,2,
0022501070,1630171,I. Okoro,1610612741,CHI,2,PT07M34.00S,andOne,addOn,1,1,237
0022501070,1631114,J. Williams,1610612760,OKC,2,PT06M32.00S,andOne,addOn,1,1,251
0022501070,1628983,S. Gilgeous-Alexander,1610612760,OKC,2,PT03M34.00S,andOne,addOn,0,1,288
0022501070,1630171,I. Okoro,1610612741,CHI,2,PT02M01.00S,shootingFoul2,attemptEquivalent,2,2,
0022501070,1631159,L. Miller,1610612741,CHI,2,PT01M28.00S,bonus,attemptEquivalent,1,2,
0022501070,1627936,A. Caruso,1610612760,OKC,2,PT00M04.50S,shootingFoul2,attemptEquivalent,2,2,
0022501070,1628392,I. Hartenstein,1610612760,OKC,3,PT11M48.00S,andOne,addOn,1,1,345
0022501070,1630200,T. Jones,1610612741,CHI,3,PT09M25.00S,andOne,addOn,1,1,370
0022501070,1628983,S. Gilgeous-Alexander,1610612760,OKC,3,PT08M17.00S,shootingFoul2,attemptEquivalent,2,2,
0022501070,1631114,J. Williams,1610612760,OKC,3,PT07M58.00S,andOne,addOn,0,1,398
0022501070,1628983,S. Gilgeous-Alexander,1610612760,OKC,3,PT05M52.00S,shootingFoul2,attemptEquivalent,2,2,
0022501070,1630200,T. Jones,1610612741,CHI,3,PT03M57.00S,andOne,addOn,1,1,464
0022501070,1628983,S. Gilgeous-Alexander,1610612760,OKC,3,PT03M25.00S,shootingFoul2,attemptEquivalent,2,2,
0022501070,1627936,A. Caruso,1610612760,OKC,3,PT01M18.00S,andOne,addOn,0,1,518
0022501070,1628983,S. Gilgeous-Alexander,1610612760,OKC,3,PT00M50.10S,shootingFoul2,attemptEquivalent,2,2,
0022501070,1630200,T. Jones,1610612741,CHI,4,PT09M07.00S,shootingFoul2,attemptEquivalent,2,2,
0022501070,1631114,J. Williams,1610612760,OKC,4,PT08M11.00S,shootingFoul2,attemptEquivalent,1,2,
0022501070,1630581,J. Giddey,1610612741,CHI,4,PT05M33.00S,shootingFoul2,attemptEquivalent,2,2,
0022501070,1641824,M. Buzelis,1610612741,CHI,4,PT03M23.00S,bonus,attemptEquivalent,2,2,
0022501070,1630598,A. Wiggins,1610612760,OKC,4,PT02M46.00S,shootingFoul2,attemptEquivalent,2,2,
0022501070,1629012,C. Sexton,1610612741,CHI,4,PT02M12.00S,bonus,attemptEquivalent,1,2,
0022501070,1642950,L. Olbrich,1610612741,CHI,4,PT01M06.00S,bonus,attemptEquivalent,1,2,
0022501070,1642362,P. Sandfort,1610612760,OKC,4,PT00M47.30S,shootingFoul2,attemptEquivalent,1,2,
0022501070,1630172,P. Williams,1610612741,CHI,4,PT00M34.80S,bonus,attemptEquivalent,1,2,
0022501072,1627750,J. Murray,1610612743,DEN,1,PT11M03.00S,shootingFoul2,attemptEquivalent,2,2,
0022501072,203999,N. Jokić,1610612743,DEN,1,PT08M38.00S,shootingFoul2,attemptEquivalent,2,2,
0022501072,1627750,J. Murray,1610612743,DEN,1,PT04M34.00S,shootingFoul3,attemptEquivalent,3,3,
0022501072,1631131,O. Tshiebwe,1610612762,UTA,1,PT04M25.00S,shootingFoul2,attemptEquivalent,2,2,
0022501072,1642262,C. Williams,1610612762,UTA,1,PT00M49.60S,shootingFoul2,attemptEquivalent,2,2,
0022501072,203501,T. Hardaway Jr.,1610612743,DEN,1,PT00M30.80S,shootingFoul2,attemptEquivalent,1,2,
0022501072,1642271,K. Filipowski,1610612762,UTA,2,PT07M14.00S,shootingFoul2,attemptEquivalent,1,2,
0022501072,1631212,P. Watson,1610612743,DEN,2,PT06M56.00S,andOne,addOn,1,1,240
0022501072,203999,N. Jokić,1610612743,DEN,2,PT04M25.00S,andOne,addOn,1,1,277
0022501072,1642271,K. Filipowski,1610612762,UTA,2,PT03M46.00S,shootingFoul2,attemptEquivalent,1,2,
0022501072,203932,A. Gordon,1610612743,DEN,2,PT02M01.00S,shootingFoul2,attemptEquivalent,1,2,
0022501072,1641729,B. Sensabaugh,1610612762,UTA,2,PT01M24.00S,shootingFoul2,attemptEquivalent,2,2,
0022501072,203999,N. Jokić,1610612743,DEN,3,PT10M09.00S,andOne,addOn,0,1,364
0022501072,203932,A. Gordon,1610612743,DEN,3,PT09M19.00S,shootingFoul2,attemptEquivalent,2,2,
0022501072,203932,A. Gordon,1610612743,DEN,3,PT05M12.00S,shootingFoul2,attemptEquivalent,2,2,
0022501072,1642262,C. Williams,1610612762,UTA,3,PT04M21.00S,shootingFoul2,attemptEquivalent,2,2,
0022501072,1627750,J. Murray,1610612743,DEN,3,PT04M09.00S,shootingFoul2,attemptEquivalent,2,2,
0022501072,1642262,C. Williams,1610612762,UTA,3,PT03M36.00S,andOne,addOn,0,1,458
0022501072,1631131,O. Tshiebwe,1610612762,UTA,3,PT03M17.00S,andOne,addOn,1,1,469
0022501072,203501,T. Hardaway Jr.,1610612743,DEN,3,PT02M27.00S,shootingFoul3,attemptEquivalent,3,3,
0022501072,1642262,C. Williams,1610612762,UTA,3,PT00M06.00S,bonus,attemptEquivalent,2,2,
0022501072,1631212,P. Watson,1610612743,DEN,4,PT07M00.00S,shootingFoul2,attemptEquivalent,1,2,
0022501072,1641989,E. Harkless,1610612762,UTA,4,PT06M49.00S,andOne,addOn,1,1,592
0022501072,203999,N. Jokić,1610612743,DEN,4,PT05M40.00S,bonus,attemptEquivalent,2,2,
0022501072,1631113,K. Chandler,1610612762,UTA,4,PT05M08.00S,shootingFoul2,attemptEquivalent,0,2,
0022501072,203501,T. Hardaway Jr.,1610612743,DEN,4,PT04M02.00S,bonus,attemptEquivalent,2,2,
0022501072,203999,N. Jokić,1610612743,DEN,4,PT01M41.00S,shootingFoul2,attemptEquivalent,0,2,
0022501073,204001,K. Porziņģis,1610612744,GSW,1,PT09M19.00S,awayFromPlay,addOn,0,1,
0022501073,1641731,B. Coulibaly,1610612764,WAS,1,PT05M20.00S,shootingFoul2,attemptEquivalent,1,2,
0022501073,1627780,G. Payton II,1610612744,GSW,1,PT04M35.00S,shootingFoul2,attemptEquivalent,1,2,
0022501073,1642259,A. Sarr,1610612764,WAS,1,PT04M24.00S,shootingFoul2,attemptEquivalent,1,2,
0022501073,1630611,G. Santos,1610612744,GSW,1,PT00M29.10S,bonus,attemptEquivalent,2,2,
0022501073,1630536,S. Cooper,1610612764,WAS,1,PT00M11.30S,andOne,addOn,1,1,170
0022501073,1641764,B. Podziemski,1610612744,GSW,2,PT05M16.00S,shootingFoul2,attemptEquivalent,2,2,
0022501073,1627780,G. Payton II,1610612744,GSW,2,PT01M33.00S,andOne,addOn,0,1,315
0022501073,204001,K. Porziņģis,1610612744,GSW,2,PT00M35.20S,bonus,attemptEquivalent,1,2,
0022501073,1641764,B. Podziemski,1610612744,GSW,3,PT11M36.00S,shootingFoul2,attemptEquivalent,1,2,
0022501073,203110,D. Green,1610612744,GSW,3,PT05M31.00S,bonus,attemptEquivalent,1,2,
0022501073,1630611,G. Santos,1610612744,GSW,4,PT11M25.00S,shootingFoul2,attemptEquivalent,1,2,
0022501073,1642860,W. Riley,1610612764,WAS,4,PT09M34.00S,shootingFoul3,attemptEquivalent,3,3,
0022501073,1630311,P. Spencer,1610612744,GSW,4,PT08M53.00S,shootingFoul2,attemptEquivalent,2,2,
0022501073,1641764,B. Podziemski,1610612744,GSW,4,PT06M30.00S,shootingFoul2,attemptEquivalent,2,2,
0022501073,1630611,G. Santos,1610612744,GSW,4,PT05M46.00S,andOne,addOn,1,1,622
0022501073,204001,K. Porziņģis,1610612744,GSW,4,PT05M16.00S,bonus,attemptEquivalent,2,2,
0022501073,1630611,G. Santos,1610612744,GSW,4,PT04M03.00S,shootingFoul2,attemptEquivalent,2,2,
0022501073,1630702,J. Hardy,1610612764,WAS,4,PT01M00.00S,bonus,attemptEquivalent,2,2,
0022501073,1641764,B. Podziemski,1610612744,GSW,4,PT00M41.20S,bonus,attemptEquivalent,2,2,
0022501073,204001,K. Porziņģis,1610612744,GSW,4,PT00M24.80S,bonus,attemptEquivalent,2,2,
0022501073,1630611,G. Santos,1610612744,GSW,4,PT00M11.40S,bonus,attemptEquivalent,2,2,
0022501078,1642875,M. Raynaud,1610612758,SAC,1,PT10M08.00S,shootingFoul2,attemptEquivalent,2,2,
0022501078,203468,C. McCollum,1610612737,ATL,1,PT02M27.00S,shootingFoul2,attemptEquivalent,1,2,
0022501078,1629638,N. Alexander-Walker,1610612737,ATL,2,PT06M48.00S,shootingFoul2,attemptEquivalent,2,2,
0022501078,201942,D. DeRozan,1610612758,SAC,2,PT06M35.00S,shootingFoul2,attemptEquivalent,2,2,
0022501078,1629638,N. Alexander-Walker,1610612737,ATL,2,PT05M20.00S,shootingFoul2,attemptEquivalent,2,2,
0022501078,201942,D. DeRozan,1610612758,SAC,2,PT05M10.00S,andOne,addOn,1,1,257
0022501078,1629638,N. Alexander-Walker,1610612737,ATL,2,PT04M12.00S,shootingFoul3,attemptEquivalent,3,3,
0022501078,1629111,J. Landale,1610612737,ATL,2,PT01M05.00S,shootingFoul2,attemptEquivalent,1,2,
0022501078,1629111,J. Landale,1610612737,ATL,3,PT05M42.00S,shootingFoul2,attemptEquivalent,1,2,
0022501078,1629111,J. Landale,1610612737,ATL,3,PT05M10.00S,andOne,addOn,1,1,398
0022501078,1642875,M. Raynaud,1610612758,SAC,3,PT04M58.00S,shootingFoul2,attemptEquivalent,2,2,
0022501078,1642258,Z. Risacher,1610612737,ATL,3,PT03M14.00S,shootingFoul2,attemptEquivalent,1,2,
0022501078,1629610,D. Jeffries,1610612758,SAC,3,PT02M31.00S,andOne,addOn,1,1,452
0022501078,203468,C. McCollum,1610612737,ATL,3,PT00M03.80S,bonus,attemptEquivalent,1,2,
0022501078,1642258,Z. Risacher,1610612737,ATL,4,PT10M17.00S,shootingFoul2,attemptEquivalent,2,2,
0022501078,1642928,D. Cardwell,1610612758,SAC,4,PT09M22.00S,andOne,addOn,1,1,526
0022501078,1629638,N. Alexander-Walker,1610612737,ATL,4,PT05M23.00S,andOne,addOn,1,1,591
0022501078,1642875,M. Raynaud,1610612758,SAC,4,PT01M29.00S,shootingFoul2,attemptEquivalent,1,2,
0022501078,1642875,M. Raynaud,1610612758,SAC,4,PT00M37.70S,shootingFoul2,attemptEquivalent,1,2,
0022501081,1641989,E. Harkless,1610612762,UTA,1,PT10M08.00S,shootingFoul2,attemptEquivalent,2,2,
0022501081,1626164,D. Booker,1610612756,PHX,1,PT08M31.00S,andOne,addOn,1,1,37
0022501081,1642271,K. Filipowski,1610612762,UTA,1,PT08M04.00S,shootingFoul2,attemptEquivalent,2,2,
0022501081,1631131,O. Tshiebwe,1610612762,UTA,1,PT02M11.00S,shootingFoul2,attemptEquivalent,0,2,
0022501081,1642863,K. Maluach,1610612756,PHX,2,PT07M25.00S,shootingFoul2,attemptEquivalent,1,2,
0022501081,1641729,B. Sensabaugh,1610612762,UTA,2,PT06M31.00S,shootingFoul2,attemptEquivalent,1,2,
0022501081,1626164,D. Booker,1610612756,PHX,2,PT05M58.00S,shootingFoul2,attemptEquivalent,2,2,
0022501081,1642346,R. Dunn,1610612756,PHX,2,PT03M50.00S,bonus,attemptEquivalent,0,2,
0022501081,1642271,K. Filipowski,1610612762,UTA,2,PT02M57.00S,shootingFoul2,attemptEquivalent,2,2,
0022501081,1626164,D. Booker,1610612756,PHX,2,PT02M10.00S,shootingFoul2,attemptEquivalent,1,2,
0022501081,1642345,O. Ighodaro,1610612756,PHX,2,PT01M12.00S,shootingFoul2,attemptEquivalent,0,2,
0022501081,1626164,D. Booker,1610612756,PHX,3,PT09M13.00S,andOne,addOn,1,1,389
0022501081,1626164,D. Booker,1610612756,PHX,3,PT05M43.00S,shootingFoul2,attemptEquivalent,2,2,
0022501081,1628960,G. Allen,1610612756,PHX,3,PT03M47.00S,andOne,addOn,1,1,473
0022501081,1626164,D. Booker,1610612756,PHX,3,PT02M44.00S,shootingFoul2,attemptEquivalent,2,2,
0022501081,1631131,O. Tshiebwe,1610612762,UTA,3,PT01M38.00S,shootingFoul2,attemptEquivalent,1,2,
0022501081,1642345,O. Ighodaro,1610612756,PHX,4,PT09M53.00S,shootingFoul2,attemptEquivalent,1,2,
0022501081,1642846,A. Bailey,1610612762,UTA,4,PT06M42.00S,shootingFoul2,attemptEquivalent,1,2,
0022501081,1643016,B. Mbeng,1610612762,UTA,4,PT04M17.00S,shootingFoul2,attemptEquivalent,1,2,
0022501081,1641729,B. Sensabaugh,1610612762,UTA,4,PT02M44.00S,andOne,addOn,1,1,651
0022501081,1642863,K. Maluach,1610612756,PHX,4,PT01M52.00S,shootingFoul2,attemptEquivalent,1,2,
0022501081,1631113,K. Chandler,1610612762,UTA,4,PT01M36.00S,andOne,addOn,1,1,670
0022501084,1630173,P. Achiuwa,1610612758,SAC,1,PT10M29.00S,shootingFoul2,attemptEquivalent,0,2,
0022501084,1641730,N. Clowney,1610612751,BKN,1,PT07M15.00S,shootingFoul2,attemptEquivalent,2,2,
0022501084,1642875,M. Raynaud,1610612758,SAC,1,PT03M20.00S,shootingFoul2,attemptEquivalent,1,2,
0022501084,1630534,O. Agbaji,1610612751,BKN,2,PT09M12.00S,shootingFoul2,attemptEquivalent,2,2,
0022501084,1630534,O. Agbaji,1610612751,BKN,2,PT08M06.00S,shootingFoul2,attemptEquivalent,2,2,
0022501084,1630173,P. Achiuwa,1610612758,SAC,2,PT07M51.00S,shootingFoul2,attemptEquivalent,1,2,
0022501084,1642269,D. Carter,1610612758,SAC,2,PT07M01.00S,shootingFoul2,attemptEquivalent,2,2,
0022501084,1629651,N. Claxton,1610612751,BKN,2,PT05M48.00S,bonus,attemptEquivalent,2,2,
0022501084,1642269,D. Carter,1610612758,SAC,2,PT05M13.00S,shootingFoul2,attemptEquivalent,2,2,
0022501084,1642849,N. Traore,1610612751,BKN,2,PT05M05.00S,bonus,attemptEquivalent,1,2,
0022501084,1630173,P. Achiuwa,1610612758,SAC,2,PT03M41.00S,andOne,addOn,1,1,265
0022501084,1642875,M. Raynaud,1610612758,SAC,2,PT02M57.00S,bonus,attemptEquivalent,1,2,
0022501084,1629651,N. Claxton,1610612751,BKN,2,PT02M34.00S,andOne,addOn,0,1,287
0022501084,1642875,M. Raynaud,1610612758,SAC,2,PT02M22.00S,shootingFoul2,attemptEquivalent,2,2,
0022501084,1630165,K. Hayes,1610612758,SAC,2,PT01M02.00S,awayFromPlay,addOn,1,1,
0022501084,1642849,N. Traore,1610612751,BKN,2,PT00M01.60S,shootingFoul3,attemptEquivalent,2,3,
0022501084,1629611,T. Mann,1610612751,BKN,3,PT08M53.00S,shootingFoul2,attemptEquivalent,2,2,
0022501084,1641730,N. Clowney,1610612751,BKN,3,PT05M07.00S,shootingFoul2,attemptEquivalent,0,2,
0022501084,1642879,B. Saraf,1610612751,BKN,3,PT03M54.00S,shootingFoul2,attemptEquivalent,2,2,
0022501084,1629610,D. Jeffries,1610612758,SAC,3,PT03M26.00S,shootingFoul2,attemptEquivalent,2,2,
0022501084,1629610,D. Jeffries,1610612758,SAC,3,PT01M07.00S,shootingFoul2,attemptEquivalent,2,2,
0022501084,1630173,P. Achiuwa,1610612758,SAC,4,PT09M13.00S,shootingFoul2,attemptEquivalent,0,2,
0022501084,1642269,D. Carter,1610612758,SAC,4,PT02M59.00S,andOne,addOn,1,1,622
0022501084,1642875,M. Raynaud,1610612758,SAC,4,PT02M35.00S,shootingFoul2,attemptEquivalent,1,2,
0022501087,1642882,J. Reese,1610612764,WAS,1,PT08M49.00S,shootingFoul2,attemptEquivalent,0,2,
0022501087,1630166,D. Avdija,1610612757,POR,1,PT06M20.00S,andOne,addOn,1,1,77
0022501087,1641739,T. Camara,1610612757,POR,1,PT01M46.00S,shootingFoul2,attemptEquivalent,2,2,
0022501087,1630703,S. Henderson,1610612757,POR,1,PT00M13.70S,bonus,attemptEquivalent,1,2,
0022501087,1630166,D. Avdija,1610612757,POR,2,PT07M43.00S,andOne,addOn,1,1,213
0022501087,1641774,T. Vukcevic,1610612764,WAS,2,PT07M36.00S,shootingFoul2,attemptEquivalent,2,2,
0022501087,1641778,L. Black,1610612764,WAS,2,PT06M25.00S,shootingFoul2,attemptEquivalent,1,2,
0022501087,1630703,S. Henderson,1610612757,POR,2,PT05M21.00S,shootingFoul2,attemptEquivalent,2,2,
0022501087,1641774,T. Vukcevic,1610612764,WAS,2,PT04M04.00S,shootingFoul2,attemptEquivalent,2,2,
0022501087,1641739,T. Camara,1610612757,POR,2,PT03M36.00S,bonus,attemptEquivalent,1,2,
0022501087,1642267,B. Carrington,1610612764,WAS,2,PT01M49.00S,bonus,attemptEquivalent,2,2,
0022501087,1630166,D. Avdija,1610612757,POR,3,PT09M43.00S,shootingFoul2,attemptEquivalent,1,2,
0022501087,1630703,S. Henderson,1610612757,POR,3,PT09M19.00S,andOne,addOn,1,1,379
0022501087,201950,J. Holiday,1610612757,POR,3,PT08M24.00S,shootingFoul2,attemptEquivalent,2,2,
0022501087,1630703,S. Henderson,1610612757,POR,3,PT08M15.00S,bonus,attemptEquivalent,2,2,
0022501087,1630166,D. Avdija,1610612757,POR,3,PT03M47.00S,shootingFoul2,attemptEquivalent,0,2,
0022501087,1630551,J. Champagnie,1610612764,WAS,3,PT01M05.00S,andOne,addOn,1,1,519
0022501087,1630703,S. Henderson,1610612757,POR,3,PT00M02.50S,shootingFoul2,attemptEquivalent,2,2,
0022501087,1643257,J. Kent,1610612757,POR,4,PT10M22.00S,andOne,addOn,1,1,563
0022501087,1642860,W. Riley,1610612764,WAS,4,PT09M20.00S,shootingFoul2,attemptEquivalent,2,2,
0022501087,1642860,W. Riley,1610612764,WAS,4,PT04M42.00S,shootingFoul2,attemptEquivalent,2,2,
0022501087,1631104,B. Wesley,1610612757,POR,4,PT04M00.00S,shootingFoul2,attemptEquivalent,0,2,
0022501087,1642905,H. Yang,1610612757,POR,4,PT03M52.00S,shootingFoul2,attemptEquivalent,2,2,
0022501087,1642905,H. Yang,1610612757,POR,4,PT02M45.00S,bonus,attemptEquivalent,2,2,
0022501087,1642364,J. Watkins,1610612764,WAS,4,PT02M34.00S,shootingFoul2,attemptEquivalent,2,2,
0022501087,1630536,S. Cooper,1610612764,WAS,4,PT01M40.00S,bonus,attemptEquivalent,2,2,
0022501087,1631104,B. Wesley,1610612757,POR,4,PT01M20.00S,shootingFoul2,attemptEquivalent,1,2,
0022501087,1642364,J. Watkins,1610612764,WAS,4,PT00M33.10S,shootingFoul2,attemptEquivalent,2,2,
0022501087,1631321,S. Cissoko,1610612757,POR,4,PT00M20.70S,bonus,attemptEquivalent,1,2,
0022501089,1626157,K. Towns,1610612752,NYK,1,PT11M26.00S,shootingFoul2,attemptEquivalent,2,2,
0022501089,1628384,O. Anunoby,1610612752,NYK,1,PT06M08.00S,shootingFoul2,attemptEquivalent,2,2,
0022501089,1628983,S. Gilgeous-Alexander,1610612760,OKC,1,PT05M53.00S,shootingFoul2,attemptEquivalent,2,2,
0022501089,1628384,O. Anunoby,1610612752,NYK,1,PT05M21.00S,shootingFoul2,attemptEquivalent,2,2,
0022501089,1628983,S. Gilgeous-Alexander,1610612760,OKC,1,PT05M11.00S,shootingFoul2,attemptEquivalent,2,2,
0022501089,1642349,A. Mitchell,1610612760,OKC,1,PT01M56.00S,shootingFoul2,attemptEquivalent,1,2,
0022501089,1642349,A. Mitchell,1610612760,OKC,2,PT10M05.00S,shootingFoul2,attemptEquivalent,1,2,
0022501089,1631114,J. Williams,1610612760,OKC,2,PT08M59.00S,shootingFoul2,attemptEquivalent,2,2,
0022501089,1631114,J. Williams,1610612760,OKC,2,PT07M06.00S,andOne,addOn,1,1,234
0022501089,1631114,J. Williams,1610612760,OKC,2,PT06M16.00S,shootingFoul2,attemptEquivalent,2,2,
0022501089,1629652,L. Dort,1610612760,OKC,2,PT04M16.00S,bonus,attemptEquivalent,2,2,
0022501089,1631096,C. Holmgren,1610612760,OKC,2,PT03M17.00S,andOne,addOn,1,1,294
0022501089,1628983,S. Gilgeous-Alexander,1610612760,OKC,2,PT01M39.00S,shootingFoul2,attemptEquivalent,2,2,
0022501089,1628973,J. Brunson,1610612752,NYK,2,PT01M28.00S,bonus,attemptEquivalent,1,2,
0022501089,1631096,C. Holmgren,1610612760,OKC,3,PT11M06.00S,flagrant,addOn,2,2,
0022501089,1631096,C. Holmgren,1610612760,OKC,3,PT05M33.00S,shootingFoul2,attemptEquivalent,2,2,
0022501089,1631096,C. Holmgren,1610612760,OKC,3,PT05M07.00S,bonus,attemptEquivalent,1,2,
0022501089,1628983,S. Gilgeous-Alexander,1610612760,OKC,3,PT04M32.00S,shootingFoul2,attemptEquivalent,1,2,
0022501089,1641717,C. Wallace,1610612760,OKC,3,PT02M37.00S,shootingFoul2,attemptEquivalent,1,2,
0022501089,1628983,S. Gilgeous-Alexander,1610612760,OKC,3,PT00M34.90S,shootingFoul3,attemptEquivalent,3,3,
0022501089,1629011,M. Robinson,1610612752,NYK,3,PT00M17.80S,bonus,attemptEquivalent,1,2,
0022501089,1628969,M. Bridges,1610612752,NYK,4,PT10M39.00S,shootingFoul2,attemptEquivalent,1,2,
0022501089,1626157,K. Towns,1610612752,NYK,4,PT10M02.00S,shootingFoul2,attemptEquivalent,2,2,
0022501089,1626157,K. Towns,1610612752,NYK,4,PT06M33.00S,andOne,addOn,1,1,580
0022501089,1628983,S. Gilgeous-Alexander,1610612760,OKC,4,PT05M12.00S,shootingFoul2,attemptEquivalent,2,2,
0022501089,1628983,S. Gilgeous-Alexander,1610612760,OKC,4,PT01M35.00S,shootingFoul2,attemptEquivalent,1,2,
0022501089,1628973,J. Brunson,1610612752,NYK,4,PT01M26.00S,bonus,attemptEquivalent,1,2,
0022501089,1631114,J. Williams,1610612760,OKC,4,PT00M50.10S,bonus,attemptEquivalent,2,2,
0022501096,1642271,K. Filipowski,1610612762,UTA,1,PT05M39.00S,shootingFoul2,attemptEquivalent,2,2,
0022501096,201935,J. Harden,1610612739,CLE,1,PT04M41.00S,shootingFoul2,attemptEquivalent,1,2,
0022501096,1628378,D. Mitchell,1610612739,CLE,1,PT00M54.80S,shootingFoul2,attemptEquivalent,2,2,
0022501096,1628378,D. Mitchell,1610612739,CLE,1,PT00M28.30S,bonus,attemptEquivalent,2,2,
0022501096,1641729,B. Sensabaugh,1610612762,UTA,2,PT11M21.00S,shootingFoul2,attemptEquivalent,1,2,
0022501096,203471,D. Schröder,1610612739,CLE,2,PT10M11.00S,shootingFoul2,attemptEquivalent,1,2,
0022501096,1642878,T. Proctor,1610612739,CLE,2,PT09M24.00S,andOne,addOn,1,1,189
0022501096,1643016,B. Mbeng,1610612762,UTA,2,PT07M41.00S,shootingFoul2,attemptEquivalent,2,2,
0022501096,201935,J. Harden,1610612739,CLE,2,PT03M45.00S,shootingFoul2,attemptEquivalent,1,2,
0022501096,1642262,C. Williams,1610612762,UTA,2,PT03M05.00S,shootingFoul2,attemptEquivalent,2,2,
0022501096,1630596,E. Mobley,1610612739,CLE,3,PT10M13.00S,shootingFoul2,attemptEquivalent,1,2,
0022501096,1630596,E. Mobley,1610612739,CLE,3,PT09M54.00S,andOne,addOn,1,1,347
0022501096,1642262,C. Williams,1610612762,UTA,3,PT04M44.00S,shootingFoul2,attemptEquivalent,1,2,
0022501096,1628378,D. Mitchell,1610612739,CLE,3,PT03M13.00S,shootingFoul2,attemptEquivalent,2,2,
0022501096,1631113,K. Chandler,1610612762,UTA,3,PT00M04.90S,andOne,addOn,1,1,480
0022501096,1628378,D. Mitchell,1610612739,CLE,3,PT00M00.90S,shootingFoul2,attemptEquivalent,1,2,
0022501096,1642262,C. Williams,1610612762,UTA,4,PT10M38.00S,shootingFoul2,attemptEquivalent,1,2,
0022501096,1641729,B. Sensabaugh,1610612762,UTA,4,PT09M57.00S,andOne,addOn,0,1,528
0022501096,1628378,D. Mitchell,1610612739,CLE,4,PT09M37.00S,shootingFoul2,attemptEquivalent,2,2,
0022501096,1641729,B. Sensabaugh,1610612762,UTA,4,PT08M32.00S,shootingFoul2,attemptEquivalent,2,2,
0022501096,1630241,S. Merrill,1610612739,CLE,4,PT07M41.00S,andOne,addOn,1,1,568
0022501096,201935,J. Harden,1610612739,CLE,4,PT04M39.00S,shootingFoul2,attemptEquivalent,2,2,
0022501096,1631113,K. Chandler,1610612762,UTA,4,PT04M18.00S,shootingFoul2,attemptEquivalent,1,2,
0022501096,1630596,E. Mobley,1610612739,CLE,4,PT04M01.00S,andOne,addOn,1,1,610
0022501096,1630596,E. Mobley,1610612739,CLE,4,PT03M14.00S,andOne,addOn,1,1,622
0022501096,1628378,D. Mitchell,1610612739,CLE,4,PT01M47.00S,shootingFoul2,attemptEquivalent,2,2,
0022501096,1631131,O. Tshiebwe,1610612762,UTA,4,PT01M01.00S,shootingFoul2,attemptEquivalent,1,2,
0022501097,1641709,A. Thompson,1610612765,DET,1,PT09M24.00S,shootingFoul2,attemptEquivalent,0,2,
0022501097,1628983,S. Gilgeous-Alexander,1610612760,OKC,1,PT07M08.00S,andOne,addOn,1,1,58
0022501097,1641709,A. Thompson,1610612765,DET,1,PT05M34.00S,shootingFoul2,attemptEquivalent,1,2,
0022501097,1642349,A. Mitchell,1610612760,OKC,1,PT04M18.00S,shootingFoul2,attemptEquivalent,2,2,
0022501097,1642349,A. Mitchell,1610612760,OKC,1,PT03M06.00S,shootingFoul2,attemptEquivalent,2,2,
0022501097,1642272,J. McCain,1610612760,OKC,1,PT01M16.00S,andOne,addOn,1,1,150
0022501097,1628983,S. Gilgeous-Alexander,1610612760,OKC,1,PT00M32.90S,shootingFoul2,attemptEquivalent,1,2,
0022501097,1628983,S. Gilgeous-Alexander,1610612760,OKC,2,PT09M39.00S,andOne,addOn,1,1,205
0022501097,1642449,T. Smith,1610612765,DET,2,PT06M16.00S,shootingFoul2,attemptEquivalent,0,2,
0022501097,1628983,S. Gilgeous-Alexander,1610612760,OKC,2,PT06M04.00S,shootingFoul2,attemptEquivalent,2,2,
0022501097,1629750,J. Green,1610612765,DET,2,PT05M00.00S,shootingFoul2,attemptEquivalent,2,2,
0022501097,1628983,S. Gilgeous-Alexander,1610612760,OKC,2,PT00M33.50S,shootingFoul2,attemptEquivalent,1,2,
0022501097,1628989,K. Huerter,1610612765,DET,3,PT11M15.00S,andOne,addOn,0,1,392
0022501097,1642349,A. Mitchell,1610612760,OKC,3,PT10M00.00S,shootingFoul2,attemptEquivalent,2,2,
0022501097,1630194,P. Reed,1610612765,DET,3,PT07M03.00S,shootingFoul2,attemptEquivalent,1,2,
0022501097,1628983,S. Gilgeous-Alexander,1610612760,OKC,3,PT06M24.00S,shootingFoul2,attemptEquivalent,2,2,
0022501097,1642449,T. Smith,1610612765,DET,3,PT04M27.00S,bonus,attemptEquivalent,2,2,
0022501097,1628983,S. Gilgeous-Alexander,1610612760,OKC,3,PT02M57.00S,shootingFoul2,attemptEquivalent,2,2,
0022501097,1631204,M. Sasser,1610612765,DET,3,PT01M19.00S,bonus,attemptEquivalent,0,2,
0022501097,1630194,P. Reed,1610612765,DET,4,PT08M27.00S,shootingFoul2,attemptEquivalent,1,2,
0022501097,1628983,S. Gilgeous-Alexander,1610612760,OKC,4,PT04M59.00S,shootingFoul2,attemptEquivalent,1,2,
0022501097,1641709,A. Thompson,1610612765,DET,4,PT04M46.00S,shootingFoul2,attemptEquivalent,1,2,
0022501097,1628983,S. Gilgeous-Alexander,1610612760,OKC,4,PT03M39.00S,shootingFoul2,attemptEquivalent,2,2,
0022501097,1628983,S. Gilgeous-Alexander,1610612760,OKC,4,PT00M42.80S,shootingFoul2,attemptEquivalent,2,2,
0022501097,1630194,P. Reed,1610612765,DET,4,PT00M31.20S,shootingFoul2,attemptEquivalent,2,2,
0022501097,1628983,S. Gilgeous-Alexander,1610612760,OKC,5,PT00M48.30S,shootingFoul3,attemptEquivalent,3,3,
0022501097,1630194,P. Reed,1610612765,DET,5,PT00M31.30S,shootingFoul2,attemptEquivalent,2,2,
0022501097,1628983,S. Gilgeous-Alexander,1610612760,OKC,5,PT00M13.30S,bonus,attemptEquivalent,1,2,
0022501097,1628983,S. Gilgeous-Alexander,1610612760,OKC,5,PT00M05.40S,bonus,attemptEquivalent,2,2,
0022501098,1629060,R. Hachimura,1610612747,LAL,1,PT08M17.00S,shootingFoul2,attemptEquivalent,1,2,
0022501098,1630559,A. Reaves,1610612747,LAL,1,PT05M08.00S,shootingFoul2,attemptEquivalent,2,2,
0022501098,1630559,A. Reaves,1610612747,LAL,1,PT04M41.00S,shootingFoul2,attemptEquivalent,2,2,
0022501098,1630702,J. Hardy,1610612764,WAS,1,PT02M02.00S,shootingFoul2,attemptEquivalent,1,2,
0022501098,1629020,J. Vanderbilt,1610612747,LAL,2,PT08M58.00S,shootingFoul2,attemptEquivalent,2,2,
0022501098,2544,L. James,1610612747,LAL,2,PT08M25.00S,shootingFoul2,attemptEquivalent,2,2,
0022501098,1629637,J. Hayes,1610612747,LAL,2,PT07M58.00S,andOne,addOn,1,1,196
0022501098,1641774,T. Vukcevic,1610612764,WAS,2,PT05M10.00S,shootingFoul2,attemptEquivalent,2,2,
0022501098,1629028,D. Ayton,1610612747,LAL,2,PT03M22.00S,bonus,attemptEquivalent,2,2,
0022501098,1630559,A. Reaves,1610612747,LAL,2,PT02M51.00S,shootingFoul2,attemptEquivalent,2,2,
0022501098,1630559,A. Reaves,1610612747,LAL,2,PT01M55.00S,shootingFoul2,attemptEquivalent,1,2,
0022501098,1630559,A. Reaves,1610612747,LAL,2,PT00M59.30S,shootingFoul2,attemptEquivalent,2,2,
0022501098,1630536,S. Cooper,1610612764,WAS,2,PT00M11.40S,shootingFoul2,attemptEquivalent,1,2,
0022501098,1630559,A. Reaves,1610612747,LAL,3,PT10M39.00S,shootingFoul2,attemptEquivalent,2,2,
0022501098,2544,L. James,1610612747,LAL,3,PT09M14.00S,shootingFoul2,attemptEquivalent,1,2,
0022501098,1641774,T. Vukcevic,1610612764,WAS,3,PT09M01.00S,shootingFoul2,attemptEquivalent,2,2,
0022501098,1641774,T. Vukcevic,1610612764,WAS,3,PT07M41.00S,shootingFoul2,attemptEquivalent,1,2,
0022501098,2544,L. James,1610612747,LAL,3,PT06M25.00S,shootingFoul2,attemptEquivalent,1,2,
0022501098,1642860,W. Riley,1610612764,WAS,3,PT05M11.00S,andOne,addOn,1,1,414
0022501098,1629020,J. Vanderbilt,1610612747,LAL,3,PT02M43.00S,bonus,attemptEquivalent,0,2,
0022501098,1642860,W. Riley,1610612764,WAS,3,PT00M29.10S,bonus,attemptEquivalent,2,2,
0022501098,1629637,J. Hayes,1610612747,LAL,4,PT10M51.00S,andOne,addOn,1,1,508
0022501098,1629637,J. Hayes,1610612747,LAL,4,PT08M52.00S,andOne,addOn,0,1,523
0022501098,1628379,L. Kennard,1610612747,LAL,4,PT05M49.00S,flagrant,addOn,1,1,
0022501098,1630264,A. Gill,1610612764,WAS,4,PT05M22.00S,shootingFoul2,attemptEquivalent,1,2,
0022501098,1642355,B. James,1610612747,LAL,4,PT02M39.00S,shootingFoul2,attemptEquivalent,2,2,
0022501098,1630551,J. Champagnie,1610612764,WAS,4,PT02M20.00S,andOne,addOn,1,1,617
0022501103,201935,J. Harden,1610612739,CLE,1,PT03M25.00S,shootingFoul3,attemptEquivalent,2,3,
0022501103,1629029,L. Dončić,1610612747,LAL,1,PT01M46.00S,shootingFoul2,attemptEquivalent,2,2,
0022501103,2544,L. James,1610612747,LAL,2,PT09M57.00S,shootingFoul2,attemptEquivalent,2,2,
0022501103,1629028,D. Ayton,1610612747,LAL,2,PT09M17.00S,shootingFoul2,attemptEquivalent,1,2,
0022501103,201935,J. Harden,1610612739,CLE,2,PT08M06.00S,shootingFoul2,attemptEquivalent,1,2,
0022501103,203471,D. Schröder,1610612739,CLE,2,PT07M41.00S,shootingFoul2,attemptEquivalent,2,2,
0022501103,1630559,A. Reaves,1610612747,LAL,2,PT07M26.00S,shootingFoul3,attemptEquivalent,3,3,
0022501103,1628386,J. Allen,1610612739,CLE,2,PT05M35.00S,bonus,attemptEquivalent,0,2,
0022501103,1630596,E. Mobley,1610612739,CLE,2,PT00M28.00S,shootingFoul2,attemptEquivalent,2,2,
0022501103,1629028,D. Ayton,1610612747,LAL,3,PT11M42.00S,andOne,addOn,1,1,330
0022501103,1629029,L. Dončić,1610612747,LAL,3,PT09M48.00S,shootingFoul2,attemptEquivalent,2,2,
0022501103,1629029,L. Dončić,1610612747,LAL,3,PT08M32.00S,shootingFoul2,attemptEquivalent,2,2,
0022501103,1631222,J. LaRavia,1610612747,LAL,3,PT06M32.00S,shootingFoul2,attemptEquivalent,2,2,
0022501103,2544,L. James,1610612747,LAL,3,PT04M06.00S,shootingFoul2,attemptEquivalent,2,2,
0022501103,1631165,K. Ellis,1610612739,CLE,3,PT04M00.00S,shootingFoul2,attemptEquivalent,2,2,
0022501103,1630559,A. Reaves,1610612747,LAL,3,PT03M27.00S,bonus,attemptEquivalent,2,2,
0022501103,1628378,D. Mitchell,1610612739,CLE,3,PT02M37.00S,shootingFoul2,attemptEquivalent,2,2,
0022501103,1629029,L. Dončić,1610612747,LAL,3,PT02M27.00S,bonus,attemptEquivalent,2,2,
0022501103,2544,L. James,1610612747,LAL,4,PT10M53.00S,shootingFoul2,attemptEquivalent,1,2,
0022501103,1642878,T. Proctor,1610612739,CLE,4,PT10M03.00S,shootingFoul2,attemptEquivalent,2,2,
0022501103,1629029,L. Dončić,1610612747,LAL,4,PT02M52.00S,shootingFoul2,attemptEquivalent,2,2,
0022501103,1628418,T. Bryant,1610612739,CLE,4,PT00M58.90S,shootingFoul2,attemptEquivalent,1,2,
0022501105,1641774,T. Vukcevic,1610612764,WAS,1,PT08M35.00S,shootingFoul2,attemptEquivalent,2,2,
0022501105,202331,P. George,1610612755,PHI,1,PT08M20.00S,shootingFoul2,attemptEquivalent,2,2,
0022501105,1630178,T. Maxey,1610612755,PHI,1,PT07M57.00S,andOne,addOn,1,1,48
0022501105,1641737,A. Bona,1610612755,PHI,1,PT07M32.00S,andOne,addOn,1,1,57
0022501105,202331,P. George,1610612755,PHI,1,PT06M57.00S,shootingFoul2,attemptEquivalent,1,2,
0022501105,1641731,B. Coulibaly,1610612764,WAS,1,PT03M51.00S,andOne,addOn,1,1,113
0022501105,1642364,J. Watkins,1610612764,WAS,2,PT08M41.00S,shootingFoul2,attemptEquivalent,2,2,
0022501105,1630551,J. Champagnie,1610612764,WAS,2,PT07M23.00S,andOne,addOn,1,1,228
0022501105,1630178,T. Maxey,1610612755,PHI,2,PT04M43.00S,shootingFoul2,attemptEquivalent,2,2,
0022501105,1641737,A. Bona,1610612755,PHI,2,PT03M18.00S,shootingFoul2,attemptEquivalent,2,2,
0022501105,1641731,B. Coulibaly,1610612764,WAS,2,PT03M08.00S,andOne,addOn,1,1,288
0022501105,1642845,V. Edgecombe,1610612755,PHI,2,PT01M25.00S,andOne,addOn,1,1,311
0022501105,1630551,J. Champagnie,1610612764,WAS,3,PT01M32.00S,shootingFoul2,attemptEquivalent,1,2,
0022501105,1630264,A. Gill,1610612764,WAS,3,PT00M33.30S,bonus,attemptEquivalent,2,2,
0022501105,1630536,S. Cooper,1610612764,WAS,4,PT10M50.00S,shootingFoul2,attemptEquivalent,2,2,
0022501105,1626166,C. Payne,1610612755,PHI,4,PT10M41.00S,shootingFoul2,attemptEquivalent,2,2,
0022501105,1630551,J. Champagnie,1610612764,WAS,4,PT06M55.00S,bonus,attemptEquivalent,1,2,
0022501105,1642348,J. Edwards,1610612755,PHI,4,PT00M52.50S,shootingFoul2,attemptEquivalent,2,2,
0022501105,1630536,S. Cooper,1610612764,WAS,4,PT00M25.30S,bonus,attemptEquivalent,2,2,
0022501108,1630567,S. Barnes,1610612761,TOR,1,PT11M06.00S,shootingFoul2,attemptEquivalent,0,2,
0022501108,1642269,D. Carter,1610612758,SAC,1,PT07M50.00S,shootingFoul2,attemptEquivalent,2,2,
0022501108,1627751,J. Poeltl,1610612761,TOR,1,PT06M44.00S,shootingFoul2,attemptEquivalent,1,2,
0022501108,1627751,J. Poeltl,1610612761,TOR,1,PT06M08.00S,shootingFoul2,attemptEquivalent,2,2,
0022501108,1628370,M. Monk,1610612758,SAC,1,PT03M59.00S,bonus,attemptEquivalent,1,2,
0022501108,1630165,K. Hayes,1610612758,SAC,1,PT02M17.00S,andOne,addOn,1,1,138
0022501108,1630173,P. Achiuwa,1610612758,SAC,1,PT01M50.00S,shootingFoul2,attemptEquivalent,1,2,
0022501108,1630567,S. Barnes,1610612761,TOR,2,PT08M58.00S,shootingFoul2,attemptEquivalent,1,2,
0022501108,1629628,R. Barrett,1610612761,TOR,2,PT08M08.00S,andOne,addOn,1,1,248
0022501108,1642867,C. Murray-Boyles,1610612761,TOR,2,PT07M43.00S,shootingFoul2,attemptEquivalent,2,2,
0022501108,1642867,C. Murray-Boyles,1610612761,TOR,2,PT06M26.00S,shootingFoul2,attemptEquivalent,2,2,
0022501108,1642269,D. Carter,1610612758,SAC,2,PT06M15.00S,shootingFoul2,attemptEquivalent,2,2,
0022501108,1627751,J. Poeltl,1610612761,TOR,2,PT04M29.00S,shootingFoul2,attemptEquivalent,1,2,
0022501108,201942,D. DeRozan,1610612758,SAC,2,PT04M20.00S,shootingFoul2,attemptEquivalent,2,2,
0022501108,1629628,R. Barrett,1610612761,TOR,2,PT02M15.00S,shootingFoul2,attemptEquivalent,1,2,
0022501108,1642867,C. Murray-Boyles,1610612761,TOR,2,PT01M47.00S,shootingFoul2,attemptEquivalent,1,2,
0022501108,1629628,R. Barrett,1610612761,TOR,2,PT00M30.80S,shootingFoul2,attemptEquivalent,1,2,
0022501108,1630173,P. Achiuwa,1610612758,SAC,3,PT09M58.00S,shootingFoul2,attemptEquivalent,2,2,
0022501108,201942,D. DeRozan,1610612758,SAC,3,PT09M25.00S,shootingFoul3,attemptEquivalent,3,3,
0022501108,201942,D. DeRozan,1610612758,SAC,3,PT08M53.00S,shootingFoul2,attemptEquivalent,2,2,
0022501108,1630165,K. Hayes,1610612758,SAC,4,PT10M12.00S,shootingFoul2,attemptEquivalent,2,2,
0022501108,1642347,J. Shead,1610612761,TOR,4,PT09M40.00S,shootingFoul2,attemptEquivalent,2,2,
0022501108,1642875,M. Raynaud,1610612758,SAC,4,PT09M27.00S,shootingFoul2,attemptEquivalent,2,2,
0022501108,201942,D. DeRozan,1610612758,SAC,4,PT08M48.00S,shootingFoul3,attemptEquivalent,3,3,
0022501108,1642347,J. Shead,1610612761,TOR,4,PT06M00.00S,andOne,addOn,1,1,632
0022501108,1642867,C. Murray-Boyles,1610612761,TOR,4,PT05M26.00S,shootingFoul2,attemptEquivalent,1,2,
0022501108,201942,D. DeRozan,1610612758,SAC,4,PT04M44.00S,shootingFoul2,attemptEquivalent,2,2,
0022501108,1627751,J. Poeltl,1610612761,TOR,4,PT03M17.00S,shootingFoul2,attemptEquivalent,2,2,
0022501108,1630567,S. Barnes,1610612761,TOR,4,PT02M38.00S,shootingFoul2,attemptEquivalent,2,2,
0022501108,1628370,M. Monk,1610612758,SAC,4,PT01M50.00S,shootingFoul2,attemptEquivalent,2,2,
0022501108,1630567,S. Barnes,1610612761,TOR,4,PT01M18.00S,shootingFoul2,attemptEquivalent,1,2,
0022501112,1631128,C. Braun,1610612743,DEN,1,PT08M45.00S,shootingFoul2,attemptEquivalent,2,2,
0022501112,1642262,C. Williams,1610612762,UTA,1,PT05M32.00S,shootingFoul2,attemptEquivalent,2,2,
0022501112,1641729,B. Sensabaugh,1610612762,UTA,1,PT01M55.00S,andOne,addOn,0,1,120
0022501112,1631113,K. Chandler,1610612762,UTA,1,PT00M03.10S,shootingFoul2,attemptEquivalent,1,2,
0022501112,1642846,A. Bailey,1610612762,UTA,2,PT10M19.00S,shootingFoul2,attemptEquivalent,1,2,
0022501112,202685,J. Valančiūnas,1610612743,DEN,2,PT09M24.00S,shootingFoul2,attemptEquivalent,2,2,
0022501112,202685,J. Valančiūnas,1610612743,DEN,2,PT08M40.00S,shootingFoul2,attemptEquivalent,1,2,
0022501112,1629723,J. Konchar,1610612762,UTA,2,PT07M03.00S,shootingFoul2,attemptEquivalent,1,2,
0022501112,1629661,C. Johnson,1610612743,DEN,2,PT05M58.00S,bonus,attemptEquivalent,2,2,
0022501112,1628971,B. Brown,1610612743,DEN,2,PT05M48.00S,shootingFoul2,attemptEquivalent,1,2,
0022501112,1642271,K. Filipowski,1610612762,UTA,2,PT04M10.00S,shootingFoul2,attemptEquivalent,2,2,
0022501112,1642271,K. Filipowski,1610612762,UTA,2,PT03M20.00S,andOne,addOn,1,1,282
0022501112,203932,A. Gordon,1610612743,DEN,2,PT00M45.30S,bonus,attemptEquivalent,1,2,
0022501112,1631113,K. Chandler,1610612762,UTA,2,PT00M02.60S,shootingFoul2,attemptEquivalent,2,2,
0022501112,1627750,J. Murray,1610612743,DEN,3,PT10M20.00S,shootingFoul2,attemptEquivalent,2,2,
0022501112,203999,N. Jokić,1610612743,DEN,3,PT08M00.00S,andOne,addOn,1,1,376
0022501112,203999,N. Jokić,1610612743,DEN,3,PT07M25.00S,shootingFoul2,attemptEquivalent,2,2,
0022501112,203999,N. Jokić,1610612743,DEN,3,PT06M23.00S,bonus,attemptEquivalent,1,2,
0022501112,1628971,B. Brown,1610612743,DEN,3,PT03M35.00S,shootingFoul2,attemptEquivalent,2,2,
0022501112,1629723,J. Konchar,1610612762,UTA,3,PT02M12.00S,andOne,addOn,1,1,466
0022501112,1642271,K. Filipowski,1610612762,UTA,3,PT01M01.00S,shootingFoul2,attemptEquivalent,1,2,
0022501112,1631113,K. Chandler,1610612762,UTA,4,PT10M38.00S,shootingFoul2,attemptEquivalent,2,2,
0022501112,202685,J. Valančiūnas,1610612743,DEN,4,PT07M46.00S,shootingFoul2,attemptEquivalent,2,2,
0022501112,202685,J. Valančiūnas,1610612743,DEN,4,PT06M38.00S,shootingFoul2,attemptEquivalent,2,2,
0022501112,1631128,C. Braun,1610612743,DEN,4,PT04M10.00S,andOne,addOn,1,1,625
0022501112,203999,N. Jokić,1610612743,DEN,4,PT03M45.00S,bonus,attemptEquivalent,1,2,
0022501112,203932,A. Gordon,1610612743,DEN,4,PT01M40.00S,bonus,attemptEquivalent,2,2,
0022501112,1631113,K. Chandler,1610612762,UTA,4,PT01M33.00S,shootingFoul2,attemptEquivalent,1,2,
0022501112,1629723,J. Konchar,1610612762,UTA,4,PT01M14.00S,bonus,attemptEquivalent,1,2,
0022501112,1643016,B. Mbeng,1610612762,UTA,4,PT01M13.00S,bonus,attemptEquivalent,1,2,
0022501116,1629029,L. Dončić,1610612747,LAL,1,PT10M49.00S,shootingFoul2,attemptEquivalent,2,2,
0022501116,2544,L. James,1610612747,LAL,1,PT09M01.00S,shootingFoul2,attemptEquivalent,2,2,
0022501116,1630559,A. Reaves,1610612747,LAL,1,PT06M37.00S,shootingFoul2,attemptEquivalent,2,2,
0022501116,1629029,L. Dončić,1610612747,LAL,1,PT02M25.00S,shootingFoul2,attemptEquivalent,1,2,
0022501116,2544,L. James,1610612747,LAL,1,PT00M46.30S,shootingFoul2,attemptEquivalent,1,2,
0022501116,1631119,J. Williams,1610612760,OKC,1,PT00M00.60S,shootingFoul3,attemptEquivalent,3,3,
0022501116,1628392,I. Hartenstein,1610612760,OKC,2,PT10M46.00S,shootingFoul2,attemptEquivalent,1,2,
0022501116,2544,L. James,1610612747,LAL,2,PT10M29.00S,shootingFoul2,attemptEquivalent,1,2,
0022501116,1631114,J. Williams,1610612760,OKC,2,PT09M40.00S,andOne,addOn,1,1,198
0022501116,2544,L. James,1610612747,LAL,2,PT09M00.00S,shootingFoul2,attemptEquivalent,2,2,
0022501116,1631114,J. Williams,1610612760,OKC,2,PT06M21.00S,andOne,addOn,1,1,248
0022501116,1629029,L. Dončić,1610612747,LAL,2,PT06M07.00S,shootingFoul2,attemptEquivalent,2,2,
0022501116,1628983,S. Gilgeous-Alexander,1610612760,OKC,2,PT04M34.00S,shootingFoul2,attemptEquivalent,2,2,
0022501116,1629637,J. Hayes,1610612747,LAL,2,PT01M33.00S,shootingFoul2,attemptEquivalent,2,2,
0022501116,1628983,S. Gilgeous-Alexander,1610612760,OKC,2,PT00M58.80S,andOne,addOn,1,1,318
0022501116,1630559,A. Reaves,1610612747,LAL,3,PT06M19.00S,awayFromPlay,addOn,1,1,
0022501116,1631119,J. Williams,1610612760,OKC,3,PT03M34.00S,shootingFoul2,attemptEquivalent,1,2,
0022501116,1629637,J. Hayes,1610612747,LAL,3,PT00M23.10S,shootingFoul2,attemptEquivalent,0,2,
0022501116,1629637,J. Hayes,1610612747,LAL,4,PT08M03.00S,shootingFoul2,attemptEquivalent,2,2,
0022501116,1629637,J. Hayes,1610612747,LAL,4,PT07M39.00S,shootingFoul2,attemptEquivalent,2,2,
0022501116,1642382,B. Carlson,1610612760,OKC,4,PT05M26.00S,andOne,addOn,0,1,581
0022501116,1629020,J. Vanderbilt,1610612747,LAL,4,PT02M00.00S,shootingFoul2,attemptEquivalent,1,2,
0022501117,1641764,B. Podziemski,1610612744,GSW,1,PT06M48.00S,shootingFoul2,attemptEquivalent,1,2,
0022501117,203471,D. Schröder,1610612739,CLE,1,PT02M29.00S,shootingFoul2,attemptEquivalent,2,2,
0022501117,1628378,D. Mitchell,1610612739,CLE,1,PT01M11.00S,bonus,attemptEquivalent,2,2,
0022501117,1630596,E. Mobley,1610612739,CLE,2,PT10M22.00S,shootingFoul2,attemptEquivalent,0,2,
0022501117,1630611,G. Santos,1610612744,GSW,2,PT09M28.00S,shootingFoul2,attemptEquivalent,2,2,
0022501117,204001,K. Porziņģis,1610612744,GSW,2,PT04M28.00S,shootingFoul2,attemptEquivalent,2,2,
0022501117,1628386,J. Allen,1610612739,CLE,2,PT01M24.00S,shootingFoul2,attemptEquivalent,1,2,
0022501117,1628386,J. Allen,1610612739,CLE,3,PT11M34.00S,shootingFoul2,attemptEquivalent,0,2,
0022501117,1641764,B. Podziemski,1610612744,GSW,3,PT11M17.00S,shootingFoul2,attemptEquivalent,2,2,
0022501117,1628378,D. Mitchell,1610612739,CLE,3,PT08M50.00S,shootingFoul2,attemptEquivalent,2,2,
0022501117,203471,D. Schröder,1610612739,CLE,3,PT03M32.00S,andOne,addOn,1,1,470
0022501117,204001,K. Porziņģis,1610612744,GSW,3,PT03M19.00S,shootingFoul2,attemptEquivalent,2,2,
0022501117,1641764,B. Podziemski,1610612744,GSW,3,PT02M33.00S,bonus,attemptEquivalent,2,2,
0022501117,1628378,D. Mitchell,1610612739,CLE,3,PT01M37.00S,bonus,attemptEquivalent,2,2,
0022501117,1630611,G. Santos,1610612744,GSW,4,PT11M25.00S,shootingFoul2,attemptEquivalent,2,2,
0022501117,1630611,G. Santos,1610612744,GSW,4,PT10M51.00S,shootingFoul2,attemptEquivalent,1,2,
0022501117,1643018,L. Cryer,1610612744,GSW,4,PT09M28.00S,flagrant,addOn,1,2,
0022501117,1628386,J. Allen,1610612739,CLE,4,PT03M38.00S,shootingFoul2,attemptEquivalent,1,2,
0022501117,1628386,J. Allen,1610612739,CLE,4,PT03M01.00S,shootingFoul2,attemptEquivalent,1,2,
0022501117,1628386,J. Allen,1610612739,CLE,4,PT02M28.00S,shootingFoul2,attemptEquivalent,2,2,
0022501117,1628386,J. Allen,1610612739,CLE,4,PT00M15.30S,bonus,attemptEquivalent,1,2,
0022501117,201935,J. Harden,1610612739,CLE,4,PT00M09.50S,bonus,attemptEquivalent,2,2,
0022501124,1631095,J. Smith Jr.,1610612745,HOU,1,PT07M43.00S,shootingFoul2,attemptEquivalent,2,2,
0022501124,1641729,B. Sensabaugh,1610612762,UTA,1,PT07M29.00S,shootingFoul3,attemptEquivalent,3,3,
0022501124,201142,K. Durant,1610612745,HOU,1,PT01M54.00S,shootingFoul2,attemptEquivalent,1,2,
0022501124,1641708,A. Thompson,1610612745,HOU,1,PT00M49.60S,andOne,addOn,1,1,143
0022501124,1641708,A. Thompson,1610612745,HOU,2,PT10M51.00S,shootingFoul2,attemptEquivalent,1,2,
0022501124,1642262,C. Williams,1610612762,UTA,2,PT06M25.00S,shootingFoul2,attemptEquivalent,1,2,
0022501124,1630578,A. Sengun,1610612745,HOU,2,PT01M53.00S,andOne,addOn,1,1,299
0022501124,201142,K. Durant,1610612745,HOU,2,PT00M49.40S,shootingFoul2,attemptEquivalent,2,2,
0022501124,1642262,C. Williams,1610612762,UTA,2,PT00M35.30S,shootingFoul2,attemptEquivalent,1,2,
0022501124,1642271,K. Filipowski,1610612762,UTA,3,PT10M53.00S,andOne,addOn,1,1,348
0022501124,201142,K. Durant,1610612745,HOU,3,PT10M28.00S,shootingFoul3,attemptEquivalent,3,3,
0022501124,1641708,A. Thompson,1610612745,HOU,3,PT08M57.00S,shootingFoul2,attemptEquivalent,2,2,
0022501124,1641708,A. Thompson,1610612745,HOU,3,PT07M49.00S,shootingFoul2,attemptEquivalent,1,2,
0022501124,1641708,A. Thompson,1610612745,HOU,3,PT04M05.00S,shootingFoul2,attemptEquivalent,2,2,
0022501124,1642262,C. Williams,1610612762,UTA,3,PT02M28.00S,shootingFoul2,attemptEquivalent,2,2,
0022501124,1630578,A. Sengun,1610612745,HOU,3,PT00M00.60S,shootingFoul2,attemptEquivalent,2,2,
0022501124,1630578,A. Sengun,1610612745,HOU,4,PT11M07.00S,shootingFoul2,attemptEquivalent,0,2,
0022501124,1631131,O. Tshiebwe,1610612762,UTA,4,PT10M48.00S,shootingFoul2,attemptEquivalent,1,2,
0022501124,1641729,B. Sensabaugh,1610612762,UTA,4,PT09M26.00S,shootingFoul2,attemptEquivalent,1,2,
0022501124,1630578,A. Sengun,1610612745,HOU,4,PT08M19.00S,andOne,addOn,0,1,564
0022501124,1642846,A. Bailey,1610612762,UTA,4,PT07M17.00S,andOne,addOn,1,1,578
0022501124,1642262,C. Williams,1610612762,UTA,4,PT04M36.00S,shootingFoul2,attemptEquivalent,2,2,
0022501124,1631120,J. Davison,1610612745,HOU,4,PT04M19.00S,shootingFoul2,attemptEquivalent,1,2,
0022501124,1630256,J. Tate,1610612745,HOU,4,PT03M04.00S,andOne,addOn,1,1,643
0022501124,1631120,J. Davison,1610612745,HOU,4,PT02M40.00S,shootingFoul2,attemptEquivalent,2,2,
0022501124,1642846,A. Bailey,1610612762,UTA,4,PT02M19.00S,bonus,attemptEquivalent,1,2,
0022501124,1631131,O. Tshiebwe,1610612762,UTA,4,PT01M47.00S,andOne,addOn,0,1,669
0022501124,1642262,C. Williams,1610612762,UTA,4,PT00M25.90S,shootingFoul2,attemptEquivalent,1,2,
0022501128,1630180,S. Bey,1610612740,NOP,1,PT09M42.00S,andOne,addOn,1,1,24
0022501128,1642875,M. Raynaud,1610612758,SAC,1,PT09M06.00S,shootingFoul2,attemptEquivalent,2,2,
0022501128,1642875,M. Raynaud,1610612758,SAC,1,PT08M18.00S,shootingFoul2,attemptEquivalent,2,2,
0022501128,1630530,T. Murphy III,1610612740,NOP,1,PT05M52.00S,shootingFoul2,attemptEquivalent,2,2,
0022501128,1642877,M. Peavy,1610612740,NOP,1,PT04M40.00S,shootingFoul2,attemptEquivalent,2,2,
0022501128,1642852,D. Queen,1610612740,NOP,1,PT00M01.20S,shootingFoul2,attemptEquivalent,2,2,
0022501128,1642875,M. Raynaud,1610612758,SAC,2,PT06M23.00S,andOne,addOn,1,1,231
0022501128,1642274,Y. Missi,1610612740,NOP,2,PT06M10.00S,shootingFoul2,attemptEquivalent,2,2,
0022501128,1631342,D. Plowden,1610612758,SAC,2,PT03M24.00S,shootingFoul2,attemptEquivalent,2,2,
0022501128,1630180,S. Bey,1610612740,NOP,2,PT03M04.00S,shootingFoul2,attemptEquivalent,2,2,
0022501128,1630165,K. Hayes,1610612758,SAC,2,PT00M50.80S,bonus,attemptEquivalent,2,2,
0022501128,1629627,Z. Williamson,1610612740,NOP,3,PT10M33.00S,shootingFoul2,attemptEquivalent,1,2,
0022501128,1642274,Y. Missi,1610612740,NOP,3,PT10M03.00S,andOne,addOn,0,1,356
0022501128,1629627,Z. Williamson,1610612740,NOP,3,PT08M05.00S,shootingFoul2,attemptEquivalent,2,2,
0022501128,1630173,P. Achiuwa,1610612758,SAC,3,PT04M10.00S,andOne,addOn,0,1,428
0022501128,1642847,J. Fears,1610612740,NOP,3,PT02M56.00S,shootingFoul2,attemptEquivalent,2,2,
0022501128,1642269,D. Carter,1610612758,SAC,4,PT08M37.00S,andOne,addOn,0,1,513
0022501128,1642847,J. Fears,1610612740,NOP,4,PT06M10.00S,andOne,addOn,1,1,554
0022501128,1630180,S. Bey,1610612740,NOP,4,PT05M16.00S,shootingFoul2,attemptEquivalent,2,2,
0022501128,1631342,D. Plowden,1610612758,SAC,4,PT02M37.00S,flagrant,addOn,3,3,
0022501128,1642875,M. Raynaud,1610612758,SAC,4,PT00M16.80S,bonus,attemptEquivalent,1,2,
0022501128,1642363,N. Clifford,1610612758,SAC,4,PT00M09.70S,bonus,attemptEquivalent,1,2,
0022501128,1642269,D. Carter,1610612758,SAC,4,PT00M02.20S,bonus,attemptEquivalent,1,2,
0022501129,1642860,W. Riley,1610612764,WAS,1,PT10M57.00S,andOne,addOn,1,1,12
0022501129,1641796,P. Larsson,1610612748,MIA,1,PT10M47.00S,shootingFoul2,attemptEquivalent,2,2,
0022501129,1628389,B. Adebayo,1610612748,MIA,1,PT09M29.00S,shootingFoul3,attemptEquivalent,2,3,
0022501129,1642860,W. Riley,1610612764,WAS,1,PT06M49.00S,flagrant,addOn,2,3,
0022501129,1641731,B. Coulibaly,1610612764,WAS,1,PT06M25.00S,shootingFoul2,attemptEquivalent,1,2,
0022501129,1630536,S. Cooper,1610612764,WAS,1,PT05M54.00S,shootingFoul2,attemptEquivalent,2,2,
0022501129,203952,A. Wiggins,1610612748,MIA,1,PT05M23.00S,shootingFoul2,attemptEquivalent,1,2,
0022501129,203952,A. Wiggins,1610612748,MIA,1,PT02M29.00S,bonus,attemptEquivalent,2,2,
0022501129,1641796,P. Larsson,1610612748,MIA,2,PT09M42.00S,andOne,addOn,0,1,201
0022501129,1631170,J. Jaquez Jr.,1610612748,MIA,2,PT08M27.00S,andOne,addOn,1,1,217
0022501129,1630264,A. Gill,1610612764,WAS,2,PT08M13.00S,shootingFoul2,attemptEquivalent,2,2,
0022501129,1641796,P. Larsson,1610612748,MIA,2,PT07M46.00S,andOne,addOn,0,1,232
0022501129,1631170,J. Jaquez Jr.,1610612748,MIA,2,PT06M42.00S,andOne,addOn,1,1,253
0022501129,1642857,K. Jakučionis,1610612748,MIA,2,PT06M19.00S,shootingFoul2,attemptEquivalent,1,2,
0022501129,1642857,K. Jakučionis,1610612748,MIA,2,PT06M02.00S,shootingFoul2,attemptEquivalent,2,2,
0022501129,1641796,P. Larsson,1610612748,MIA,2,PT03M46.00S,bonus,attemptEquivalent,2,2,
0022501129,1628389,B. Adebayo,1610612748,MIA,2,PT03M30.00S,shootingFoul2,attemptEquivalent,2,2,
0022501129,1630551,J. Champagnie,1610612764,WAS,2,PT01M44.00S,andOne,addOn,1,1,338
0022501129,1628389,B. Adebayo,1610612748,MIA,2,PT01M00.00S,bonus,attemptEquivalent,2,2,
0022501129,1641731,B. Coulibaly,1610612764,WAS,3,PT05M49.00S,shootingFoul2,attemptEquivalent,1,2,
0022501129,1631170,J. Jaquez Jr.,1610612748,MIA,3,PT02M40.00S,transitionTake,addOn,1,1,
0022501129,1642364,J. Watkins,1610612764,WAS,3,PT02M24.00S,shootingFoul2,attemptEquivalent,2,2,
0022501129,1630536,S. Cooper,1610612764,WAS,3,PT01M33.00S,bonus,attemptEquivalent,1,2,
0022501129,1631170,J. Jaquez Jr.,1610612748,MIA,3,PT00M05.20S,shootingFoul2,attemptEquivalent,2,2,
0022501129,1630536,S. Cooper,1610612764,WAS,4,PT11M46.00S,transitionTake,addOn,1,1,
0022501129,1631170,J. Jaquez Jr.,1610612748,MIA,4,PT09M37.00S,shootingFoul2,attemptEquivalent,2,2,
0022501129,1630551,J. Champagnie,1610612764,WAS,4,PT07M44.00S,shootingFoul2,attemptEquivalent,2,2,
0022501129,1642860,W. Riley,1610612764,WAS,4,PT06M44.00S,shootingFoul2,attemptEquivalent,2,2,
0022501129,1630536,S. Cooper,1610612764,WAS,4,PT01M46.00S,andOne,addOn,1,1,675
0022501129,1630696,D. Smith,1610612748,MIA,4,PT01M24.00S,shootingFoul2,attemptEquivalent,2,2,
0022501129,1642857,K. Jakučionis,1610612748,MIA,4,PT00M36.20S,flagrant,addOn,1,2,
0022501129,1642276,K. Ware,1610612748,MIA,4,PT00M17.40S,shootingFoul2,attemptEquivalent,1,2,
0022501133,1642882,J. Reese,1610612764,WAS,1,PT10M30.00S,shootingFoul2,attemptEquivalent,0,2,
0022501133,1630264,A. Gill,1610612764,WAS,1,PT10M27.00S,andOne,addOn,1,1,23
0022501133,1630592,J. Wilson,1610612751,BKN,1,PT09M03.00S,shootingFoul2,attemptEquivalent,2,2,
0022501133,1630604,E. Liddell,1610612751,BKN,1,PT07M42.00S,shootingFoul2,attemptEquivalent,2,2,
0022501133,1642860,W. Riley,1610612764,WAS,1,PT04M05.00S,shootingFoul2,attemptEquivalent,2,2,
0022501133,1642364,J. Watkins,1610612764,WAS,1,PT02M49.00S,bonus,attemptEquivalent,1,2,
0022501133,1631169,J. Minott,1610612751,BKN,1,PT02M31.00S,andOne,addOn,1,1,132
0022501133,1642860,W. Riley,1610612764,WAS,1,PT01M53.00S,shootingFoul2,attemptEquivalent,1,2,
0022501133,1642860,W. Riley,1610612764,WAS,1,PT00M26.90S,shootingFoul2,attemptEquivalent,1,2,
0022501133,1642860,W. Riley,1610612764,WAS,2,PT05M37.00S,shootingFoul2,attemptEquivalent,2,2,
0022501133,1642849,N. Traore,1610612751,BKN,2,PT04M56.00S,shootingFoul2,attemptEquivalent,2,2,
0022501133,1642364,J. Watkins,1610612764,WAS,2,PT03M30.00S,shootingFoul2,attemptEquivalent,2,2,
0022501133,1642882,J. Reese,1610612764,WAS,2,PT02M57.00S,andOne,addOn,1,1,274
0022501133,1630592,J. Wilson,1610612751,BKN,3,PT06M59.00S,shootingFoul2,attemptEquivalent,1,2,
0022501133,1643052,C. Johnson,1610612751,BKN,3,PT06M30.00S,shootingFoul2,attemptEquivalent,2,2,
0022501133,1642962,D. Powell,1610612751,BKN,3,PT03M14.00S,shootingFoul2,attemptEquivalent,2,2,
0022501133,1642860,W. Riley,1610612764,WAS,3,PT02M29.00S,shootingFoul2,attemptEquivalent,1,2,
0022501133,1631169,J. Minott,1610612751,BKN,3,PT00M23.50S,shootingFoul2,attemptEquivalent,1,2,
0022501133,1642364,J. Watkins,1610612764,WAS,4,PT10M36.00S,shootingFoul2,attemptEquivalent,1,2,
0022501133,1630702,J. Hardy,1610612764,WAS,4,PT07M36.00S,shootingFoul2,attemptEquivalent,2,2,
0022501133,1630623,T. Etienne,1610612751,BKN,4,PT07M23.00S,shootingFoul2,attemptEquivalent,2,2,
0022501133,1642860,W. Riley,1610612764,WAS,4,PT05M20.00S,andOne,addOn,1,1,555
0022501133,1630702,J. Hardy,1610612764,WAS,4,PT04M50.00S,shootingFoul2,attemptEquivalent,1,2,
0022501133,1630604,E. Liddell,1610612751,BKN,4,PT03M26.00S,shootingFoul2,attemptEquivalent,1,2,
0022501133,1642882,J. Reese,1610612764,WAS,4,PT01M04.00S,bonus,attemptEquivalent,0,2,
0022501133,1642849,N. Traore,1610612751,BKN,4,PT00M23.20S,bonus,attemptEquivalent,2,2,
0022501133,1630592,J. Wilson,1610612751,BKN,4,PT00M14.00S,bonus,attemptEquivalent,2,2,
0022501136,1630695,M. Potter,1610612754,IND,1,PT11M28.00S,shootingFoul2,attemptEquivalent,2,2,
0022501136,1628378,D. Mitchell,1610612739,CLE,1,PT10M35.00S,shootingFoul2,attemptEquivalent,1,2,
0022501136,1629622,M. Strus,1610612739,CLE,1,PT08M21.00S,shootingFoul2,attemptEquivalent,1,2,
0022501136,201935,J. Harden,1610612739,CLE,1,PT03M42.00S,shootingFoul2,attemptEquivalent,1,2,
0022501136,1631245,Q. Jackson,1610612754,IND,1,PT00M47.90S,andOne,addOn,0,1,158
0022501136,1630167,O. Toppin,1610612754,IND,2,PT10M46.00S,shootingFoul2,attemptEquivalent,2,2,
0022501136,1630167,O. Toppin,1610612754,IND,2,PT09M49.00S,shootingFoul2,attemptEquivalent,2,2,
0022501136,1630167,O. Toppin,1610612754,IND,2,PT09M23.00S,shootingFoul2,attemptEquivalent,2,2,
0022501136,1631245,Q. Jackson,1610612754,IND,2,PT07M56.00S,shootingFoul2,attemptEquivalent,2,2,
0022501136,201935,J. Harden,1610612739,CLE,2,PT07M11.00S,andOne,addOn,1,1,243
0022501136,1630679,E. Thompson,1610612754,IND,2,PT06M59.00S,shootingFoul2,attemptEquivalent,1,2,
0022501136,201935,J. Harden,1610612739,CLE,2,PT03M24.00S,shootingFoul3,attemptEquivalent,3,3,
0022501136,1630695,M. Potter,1610612754,IND,2,PT02M20.00S,bonus,attemptEquivalent,1,2,
0022501136,1630695,M. Potter,1610612754,IND,3,PT09M25.00S,shootingFoul2,attemptEquivalent,2,2,
0022501136,1641738,K. Brown,1610612754,IND,3,PT09M04.00S,shootingFoul2,attemptEquivalent,2,2,
0022501136,1630679,E. Thompson,1610612754,IND,3,PT08M29.00S,shootingFoul2,attemptEquivalent,2,2,
0022501136,1628378,D. Mitchell,1610612739,CLE,3,PT07M38.00S,shootingFoul2,attemptEquivalent,2,2,
0022501136,1631245,Q. Jackson,1610612754,IND,3,PT06M58.00S,bonus,attemptEquivalent,2,2,
0022501136,1630167,O. Toppin,1610612754,IND,3,PT05M09.00S,bonus,attemptEquivalent,2,2,
0022501136,1630695,M. Potter,1610612754,IND,3,PT02M45.00S,shootingFoul2,attemptEquivalent,1,2,
0022501136,203471,D. Schröder,1610612739,CLE,3,PT01M24.00S,shootingFoul2,attemptEquivalent,2,2,
0022501136,1628378,D. Mitchell,1610612739,CLE,4,PT10M39.00S,andOne,addOn,1,1,550
0022501136,1626204,L. Nance Jr.,1610612739,CLE,4,PT10M05.00S,shootingFoul2,attemptEquivalent,1,2,
0022501136,201935,J. Harden,1610612739,CLE,4,PT07M47.00S,shootingFoul2,attemptEquivalent,2,2,
0022501136,1630167,O. Toppin,1610612754,IND,4,PT06M22.00S,shootingFoul2,attemptEquivalent,2,2,
0022501139,1631114,J. Williams,1610612760,OKC,1,PT05M08.00S,shootingFoul2,attemptEquivalent,2,2,
0022501139,1642271,K. Filipowski,1610612762,UTA,1,PT02M24.00S,andOne,addOn,0,1,113
0022501139,1628983,S. Gilgeous-Alexander,1610612760,OKC,1,PT00M02.30S,shootingFoul2,attemptEquivalent,1,2,
0022501139,1631114,J. Williams,1610612760,OKC,2,PT07M50.00S,shootingFoul2,attemptEquivalent,2,2,
0022501139,1629723,J. Konchar,1610612762,UTA,2,PT06M42.00S,shootingFoul2,attemptEquivalent,2,2,
0022501139,1629723,J. Konchar,1610612762,UTA,2,PT02M58.00S,shootingFoul2,attemptEquivalent,1,2,
0022501139,1628392,I. Hartenstein,1610612760,OKC,3,PT10M13.00S,shootingFoul2,attemptEquivalent,2,2,
0022501139,1631096,C. Holmgren,1610612760,OKC,3,PT08M13.00S,shootingFoul2,attemptEquivalent,1,2,
0022501139,1628983,S. Gilgeous-Alexander,1610612760,OKC,3,PT07M42.00S,andOne,addOn,1,1,382
0022501139,1628983,S. Gilgeous-Alexander,1610612760,OKC,3,PT06M48.00S,shootingFoul2,attemptEquivalent,2,2,
0022501139,1630198,I. Joe,1610612760,OKC,3,PT00M05.00S,transitionTake,addOn,1,1,
0022501139,1642262,C. Williams,1610612762,UTA,4,PT09M38.00S,shootingFoul2,attemptEquivalent,2,2,
0022501139,1631131,O. Tshiebwe,1610612762,UTA,4,PT08M06.00S,shootingFoul2,attemptEquivalent,0,2,
0022501139,1641729,B. Sensabaugh,1610612762,UTA,4,PT05M04.00S,shootingFoul2,attemptEquivalent,2,2,
0022501139,1642260,N. Topić,1610612760,OKC,4,PT04M29.00S,shootingFoul2,attemptEquivalent,2,2,
0022501139,1641729,B. Sensabaugh,1610612762,UTA,4,PT04M17.00S,shootingFoul2,attemptEquivalent,2,2,
0022501139,1641729,B. Sensabaugh,1610612762,UTA,4,PT02M43.00S,shootingFoul2,attemptEquivalent,2,2,
0022501141,201572,B. Lopez,1610612746,LAC,1,PT10M24.00S,shootingFoul2,attemptEquivalent,2,2,
0022501141,1627739,K. Dunn,1610612746,LAC,1,PT08M21.00S,andOne,addOn,0,1,38
0022501141,202695,K. Leonard,1610612746,LAC,1,PT05M14.00S,shootingFoul3,attemptEquivalent,3,3,
0022501141,1628381,J. Collins,1610612746,LAC,2,PT09M53.00S,andOne,addOn,1,1,175
0022501141,1631342,D. Plowden,1610612758,SAC,2,PT07M18.00S,andOne,addOn,1,1,213
0022501141,201572,B. Lopez,1610612746,LAC,2,PT04M52.00S,shootingFoul2,attemptEquivalent,2,2,
0022501141,1642269,D. Carter,1610612758,SAC,2,PT02M12.00S,shootingFoul2,attemptEquivalent,2,2,
0022501141,1642269,D. Carter,1610612758,SAC,2,PT00M48.70S,shootingFoul2,attemptEquivalent,1,2,
0022501141,1629636,D. Garland,1610612746,LAC,2,PT00M01.20S,andOne,addOn,1,1,303
0022501141,1630173,P. Achiuwa,1610612758,SAC,3,PT09M55.00S,shootingFoul2,attemptEquivalent,0,2,
0022501141,1630173,P. Achiuwa,1610612758,SAC,3,PT09M04.00S,shootingFoul2,attemptEquivalent,1,2,
0022501141,1630173,P. Achiuwa,1610612758,SAC,3,PT06M43.00S,shootingFoul2,attemptEquivalent,1,2,
0022501141,1642269,D. Carter,1610612758,SAC,3,PT05M13.00S,shootingFoul2,attemptEquivalent,1,2,
0022501141,1631342,D. Plowden,1610612758,SAC,3,PT00M28.80S,bonus,attemptEquivalent,1,2,
0022501141,202695,K. Leonard,1610612746,LAC,3,PT00M00.30S,shootingFoul2,attemptEquivalent,2,2,
0022501141,1642920,K. Sanders,1610612746,LAC,4,PT11M06.00S,andOne,addOn,1,1,496
0022501141,1642269,D. Carter,1610612758,SAC,4,PT09M18.00S,andOne,addOn,0,1,521
0022501141,1628381,J. Collins,1610612746,LAC,4,PT08M55.00S,shootingFoul2,attemptEquivalent,2,2,
0022501141,1642920,K. Sanders,1610612746,LAC,4,PT07M16.00S,shootingFoul2,attemptEquivalent,2,2,
0022501141,1642920,K. Sanders,1610612746,LAC,4,PT04M43.00S,andOne,addOn,1,1,591
0022501141,1642269,D. Carter,1610612758,SAC,4,PT04M29.00S,shootingFoul2,attemptEquivalent,1,2,
0022501141,1641807,N. Omier,1610612746,LAC,4,PT03M53.00S,andOne,addOn,1,1,606
0022501141,1641807,N. Omier,1610612746,LAC,4,PT02M34.00S,bonus,attemptEquivalent,2,2,
0022501141,1642875,M. Raynaud,1610612758,SAC,4,PT02M21.00S,bonus,attemptEquivalent,1,2,
0022501148,1629012,C. Sexton,1610612741,CHI,1,PT10M27.00S,shootingFoul2,attemptEquivalent,2,2,
0022501148,1630264,A. Gill,1610612764,WAS,1,PT09M33.00S,shootingFoul2,attemptEquivalent,0,2,
0022501148,1641731,B. Coulibaly,1610612764,WAS,1,PT07M48.00S,shootingFoul2,attemptEquivalent,1,2,
0022501148,1627824,G. Yabusele,1610612741,CHI,1,PT07M05.00S,andOne,addOn,1,1,66
0022501148,1630536,S. Cooper,1610612764,WAS,1,PT05M13.00S,shootingFoul2,attemptEquivalent,2,2,
0022501148,1629012,C. Sexton,1610612741,CHI,1,PT04M57.00S,shootingFoul2,attemptEquivalent,2,2,
0022501148,1642950,L. Olbrich,1610612741,CHI,1,PT03M48.00S,bonus,attemptEquivalent,0,2,
0022501148,1630172,P. Williams,1610612741,CHI,1,PT01M48.00S,bonus,attemptEquivalent,2,2,
0022501148,1642265,R. Dillingham,1610612741,CHI,1,PT00M28.10S,shootingFoul2,attemptEquivalent,2,2,
0022501148,1630200,T. Jones,1610612741,CHI,1,PT00M04.70S,shootingFoul2,attemptEquivalent,2,2,
0022501148,1630171,I. Okoro,1610612741,CHI,2,PT10M18.00S,shootingFoul2,attemptEquivalent,2,2,
0022501148,1642265,R. Dillingham,1610612741,CHI,2,PT07M00.00S,shootingFoul2,attemptEquivalent,1,2,
0022501148,1630172,P. Williams,1610612741,CHI,2,PT03M44.00S,shootingFoul2,attemptEquivalent,2,2,
0022501148,1642950,L. Olbrich,1610612741,CHI,2,PT01M27.00S,shootingFoul2,attemptEquivalent,1,2,
0022501148,1642882,J. Reese,1610612764,WAS,2,PT00M37.80S,bonus,attemptEquivalent,0,2,
0022501148,1641731,B. Coulibaly,1610612764,WAS,2,PT00M07.30S,bonus,attemptEquivalent,1,2,
0022501148,1630200,T. Jones,1610612741,CHI,3,PT11M12.00S,shootingFoul2,attemptEquivalent,2,2,
0022501148,1642267,B. Carrington,1610612764,WAS,3,PT10M40.00S,flagrant,addOn,2,2,
0022501148,1627824,G. Yabusele,1610612741,CHI,3,PT06M30.00S,andOne,addOn,1,1,480
0022501148,1641731,B. Coulibaly,1610612764,WAS,3,PT02M43.00S,shootingFoul2,attemptEquivalent,1,2,
0022501148,1642364,J. Watkins,1610612764,WAS,4,PT10M06.00S,shootingFoul2,attemptEquivalent,2,2,
0022501148,1642882,J. Reese,1610612764,WAS,4,PT05M39.00S,shootingFoul2,attemptEquivalent,1,2,
0022501148,1630536,S. Cooper,1610612764,WAS,4,PT04M11.00S,andOne,addOn,1,1,677
0022501148,1642364,J. Watkins,1610612764,WAS,4,PT02M37.00S,bonus,attemptEquivalent,2,2,
0022501148,1631159,L. Miller,1610612741,CHI,4,PT01M48.00S,andOne,addOn,1,1,707
0022501148,1631159,L. Miller,1610612741,CHI,4,PT00M44.70S,shootingFoul2,attemptEquivalent,1,2,
0022501153,1642852,D. Queen,1610612740,NOP,1,PT09M21.00S,shootingFoul2,attemptEquivalent,1,2,
0022501153,1642271,K. Filipowski,1610612762,UTA,1,PT09M02.00S,shootingFoul2,attemptEquivalent,2,2,
0022501153,1642847,J. Fears,1610612740,NOP,1,PT08M04.00S,shootingFoul2,attemptEquivalent,2,2,
0022501153,1629673,J. Poole,1610612740,NOP,1,PT06M54.00S,andOne,addOn,1,1,74
0022501153,1642396,B. Hinson,1610612762,UTA,1,PT01M56.00S,bonus,attemptEquivalent,2,2,
0022501153,1642847,J. Fears,1610612740,NOP,2,PT06M42.00S,shootingFoul2,attemptEquivalent,2,2,
0022501153,1642847,J. Fears,1610612740,NOP,2,PT01M22.00S,andOne,addOn,1,1,296
0022501153,1629673,J. Poole,1610612740,NOP,2,PT00M55.20S,bonus,attemptEquivalent,1,2,
0022501153,1642852,D. Queen,1610612740,NOP,3,PT11M09.00S,shootingFoul2,attemptEquivalent,2,2,
0022501153,1626172,K. Looney,1610612740,NOP,3,PT10M46.00S,shootingFoul2,attemptEquivalent,2,2,
0022501153,1629673,J. Poole,1610612740,NOP,3,PT10M11.00S,andOne,addOn,1,1,357
0022501153,1642262,C. Williams,1610612762,UTA,3,PT04M57.00S,shootingFoul2,attemptEquivalent,1,2,
0022501153,1629723,J. Konchar,1610612762,UTA,3,PT04M20.00S,shootingFoul2,attemptEquivalent,2,2,
0022501153,1630621,H. Dickinson,1610612740,NOP,3,PT02M57.00S,bonus,attemptEquivalent,2,2,
0022501153,1642262,C. Williams,1610612762,UTA,3,PT00M44.50S,shootingFoul2,attemptEquivalent,2,2,
0022501153,1642852,D. Queen,1610612740,NOP,3,PT00M32.90S,shootingFoul2,attemptEquivalent,2,2,
0022501153,1641729,B. Sensabaugh,1610612762,UTA,4,PT11M19.00S,shootingFoul2,attemptEquivalent,2,2,
0022501153,1631113,K. Chandler,1610612762,UTA,4,PT09M33.00S,shootingFoul2,attemptEquivalent,2,2,
0022501153,1641729,B. Sensabaugh,1610612762,UTA,4,PT07M22.00S,shootingFoul2,attemptEquivalent,2,2,
0022501153,1642490,J. Oduro,1610612740,NOP,4,PT07M13.00S,andOne,addOn,0,1,571
0022501153,1631113,K. Chandler,1610612762,UTA,4,PT06M54.00S,shootingFoul2,attemptEquivalent,1,2,
0022501153,1642490,J. Oduro,1610612740,NOP,4,PT06M14.00S,andOne,addOn,1,1,589
0022501153,1643016,B. Mbeng,1610612762,UTA,4,PT06M10.00S,shootingFoul2,attemptEquivalent,1,2,
0022501153,1631113,K. Chandler,1610612762,UTA,4,PT05M11.00S,bonus,attemptEquivalent,2,2,
0022501153,1641725,T. Alexander,1610612740,NOP,4,PT00M31.70S,bonus,attemptEquivalent,2,2,
0022501153,1631113,K. Chandler,1610612762,UTA,4,PT00M27.70S,shootingFoul2,attemptEquivalent,2,2,
0022501154,1641764,B. Podziemski,1610612744,GSW,1,PT11M29.00S,shootingFoul2,attemptEquivalent,2,2,
0022501154,1642875,M. Raynaud,1610612758,SAC,1,PT11M08.00S,andOne,addOn,1,1,16
0022501154,1642269,D. Carter,1610612758,SAC,1,PT08M20.00S,shootingFoul2,attemptEquivalent,0,2,
0022501154,1630173,P. Achiuwa,1610612758,SAC,1,PT05M06.00S,shootingFoul2,attemptEquivalent,1,2,
0022501154,203110,D. Green,1610612744,GSW,1,PT00M53.50S,shootingFoul2,attemptEquivalent,1,2,
0022501154,1629001,D. Melton,1610612744,GSW,2,PT10M55.00S,andOne,addOn,1,1,177
0022501154,1629001,D. Melton,1610612744,GSW,2,PT07M39.00S,shootingFoul2,attemptEquivalent,1,2,
0022501154,201939,S. Curry,1610612744,GSW,2,PT03M58.00S,andOne,addOn,1,1,264
0022501154,201939,S. Curry,1610612744,GSW,2,PT02M39.00S,andOne,addOn,1,1,291
0022501154,1630311,P. Spencer,1610612744,GSW,2,PT02M04.00S,bonus,attemptEquivalent,1,2,
0022501154,203926,D. McDermott,1610612758,SAC,2,PT00M52.30S,bonus,attemptEquivalent,2,2,
0022501154,1642363,N. Clifford,1610612758,SAC,3,PT11M28.00S,shootingFoul2,attemptEquivalent,2,2,
0022501154,1642875,M. Raynaud,1610612758,SAC,3,PT06M30.00S,shootingFoul2,attemptEquivalent,2,2,
0022501154,1627780,G. Payton II,1610612744,GSW,3,PT03M52.00S,shootingFoul2,attemptEquivalent,2,2,
0022501154,1630165,K. Hayes,1610612758,SAC,3,PT01M10.00S,shootingFoul2,attemptEquivalent,2,2,
0022501154,1641764,B. Podziemski,1610612744,GSW,4,PT11M04.00S,shootingFoul2,attemptEquivalent,2,2,
0022501154,1642363,N. Clifford,1610612758,SAC,4,PT10M15.00S,shootingFoul2,attemptEquivalent,1,2,
0022501154,1641764,B. Podziemski,1610612744,GSW,4,PT09M22.00S,shootingFoul2,attemptEquivalent,2,2,
0022501154,203552,S. Curry,1610612744,GSW,4,PT03M15.00S,bonus,attemptEquivalent,1,2,
0022501154,203552,S. Curry,1610612744,GSW,4,PT01M39.00S,bonus,attemptEquivalent,2,2,
0022501154,1630165,K. Hayes,1610612758,SAC,4,PT00M31.00S,bonus,attemptEquivalent,1,2,
0022501154,1629001,D. Melton,1610612744,GSW,4,PT00M28.00S,bonus,attemptEquivalent,1,2,
0022501155,1642876,A. Thiero,1610612747,LAL,1,PT07M49.00S,shootingFoul2,attemptEquivalent,1,2,
0022501155,1642876,A. Thiero,1610612747,LAL,1,PT04M25.00S,shootingFoul2,attemptEquivalent,1,2,
0022501155,1628983,S. Gilgeous-Alexander,1610612760,OKC,1,PT03M15.00S,shootingFoul2,attemptEquivalent,2,2,
0022501155,1629020,J. Vanderbilt,1610612747,LAL,1,PT00M00.90S,shootingFoul3,attemptEquivalent,0,3,
0022501155,1641723,K. Bufkin,1610612747,LAL,2,PT10M36.00S,shootingFoul2,attemptEquivalent,2,2,
0022501155,1628379,L. Kennard,1610612747,LAL,2,PT08M19.00S,shootingFoul3,attemptEquivalent,2,3,
0022501155,1642349,A. Mitchell,1610612760,OKC,2,PT06M23.00S,shootingFoul2,attemptEquivalent,2,2,
0022501155,1642272,J. McCain,1610612760,OKC,2,PT04M45.00S,shootingFoul2,attemptEquivalent,2,2,
0022501155,1641717,C. Wallace,1610612760,OKC,2,PT03M16.00S,shootingFoul2,attemptEquivalent,2,2,
0022501155,1631222,J. LaRavia,1610612747,LAL,2,PT01M46.00S,shootingFoul2,attemptEquivalent,0,2,
0022501155,1631166,D. Timme,1610612747,LAL,2,PT00M25.80S,bonus,attemptEquivalent,1,2,
0022501155,1629060,R. Hachimura,1610612747,LAL,3,PT11M20.00S,andOne,addOn,0,1,336
0022501155,1629028,D. Ayton,1610612747,LAL,3,PT07M54.00S,shootingFoul2,attemptEquivalent,1,2,
0022501155,1631096,C. Holmgren,1610612760,OKC,3,PT06M07.00S,andOne,addOn,1,1,397
0022501155,1631096,C. Holmgren,1610612760,OKC,3,PT05M21.00S,shootingFoul2,attemptEquivalent,1,2,
0022501155,1629060,R. Hachimura,1610612747,LAL,3,PT03M59.00S,shootingFoul2,attemptEquivalent,0,2,
0022501155,1642876,A. Thiero,1610612747,LAL,4,PT07M28.00S,shootingFoul2,attemptEquivalent,2,2,
0022501155,1642876,A. Thiero,1610612747,LAL,4,PT07M04.00S,shootingFoul2,attemptEquivalent,0,2,
0022501155,1642876,A. Thiero,1610612747,LAL,4,PT05M45.00S,shootingFoul2,attemptEquivalent,1,2,
0022501155,1641723,K. Bufkin,1610612747,LAL,4,PT03M21.00S,bonus,attemptEquivalent,1,2,
0022501155,1642382,B. Carlson,1610612760,OKC,4,PT02M04.00S,shootingFoul2,attemptEquivalent,1,2,
0022501155,1641733,N. Smith Jr.,1610612747,LAL,4,PT01M54.00S,shootingFoul2,attemptEquivalent,2,2,
0022501158,1628386,J. Allen,1610612739,CLE,1,PT08M47.00S,shootingFoul2,attemptEquivalent,2,2,
0022501158,1628386,J. Allen,1610612739,CLE,1,PT05M52.00S,shootingFoul2,attemptEquivalent,1,2,
0022501158,1630596,E. Mobley,1610612739,CLE,1,PT03M54.00S,shootingFoul2,attemptEquivalent,0,2,
0022501158,1630552,J. Johnson,1610612737,ATL,1,PT03M17.00S,shootingFoul2,attemptEquivalent,2,2,
0022501158,1631165,K. Ellis,1610612739,CLE,1,PT01M37.00S,shootingFoul2,attemptEquivalent,2,2,
0022501158,1630596,E. Mobley,1610612739,CLE,1,PT01M01.00S,shootingFoul2,attemptEquivalent,2,2,
0022501158,1630596,E. Mobley,1610612739,CLE,1,PT00M37.40S,shootingFoul2,attemptEquivalent,2,2,
0022501158,1628378,D. Mitchell,1610612739,CLE,2,PT11M05.00S,shootingFoul2,attemptEquivalent,2,2,
0022501158,1630228,J. Kuminga,1610612737,ATL,2,PT09M04.00S,andOne,addOn,0,1,213
0022501158,1628386,J. Allen,1610612739,CLE,2,PT06M32.00S,shootingFoul2,attemptEquivalent,1,2,
0022501158,1628386,J. Allen,1610612739,CLE,2,PT03M47.00S,shootingFoul2,attemptEquivalent,1,2,
0022501158,1630700,D. Daniels,1610612737,ATL,3,PT11M26.00S,shootingFoul2,attemptEquivalent,1,2,
0022501158,1628386,J. Allen,1610612739,CLE,3,PT09M55.00S,andOne,addOn,1,1,370
0022501158,1628386,J. Allen,1610612739,CLE,3,PT09M31.00S,shootingFoul2,attemptEquivalent,2,2,
0022501158,1630168,O. Okongwu,1610612737,ATL,3,PT05M28.00S,shootingFoul2,attemptEquivalent,2,2,
0022501158,1629216,G. Vincent,1610612737,ATL,3,PT02M48.00S,shootingFoul3,attemptEquivalent,1,3,
0022501158,1630168,O. Okongwu,1610612737,ATL,3,PT01M12.00S,shootingFoul2,attemptEquivalent,1,2,
0022501158,1630596,E. Mobley,1610612739,CLE,4,PT11M47.00S,shootingFoul2,attemptEquivalent,1,2,
0022501158,203471,D. Schröder,1610612739,CLE,4,PT10M09.00S,andOne,addOn,1,1,542
0022501158,1630552,J. Johnson,1610612737,ATL,4,PT09M34.00S,shootingFoul2,attemptEquivalent,2,2,
0022501158,1629638,N. Alexander-Walker,1610612737,ATL,4,PT05M00.00S,awayFromPlay,addOn,1,1,
0022501158,201935,J. Harden,1610612739,CLE,4,PT04M38.00S,shootingFoul2,attemptEquivalent,2,2,
0022501158,201935,J. Harden,1610612739,CLE,4,PT03M50.00S,shootingFoul3,attemptEquivalent,3,3,
0022501158,1630596,E. Mobley,1610612739,CLE,4,PT03M04.00S,bonus,attemptEquivalent,1,2,
0022501158,1628378,D. Mitchell,1610612739,CLE,4,PT01M32.00S,bonus,attemptEquivalent,2,2,
0022501158,1628378,D. Mitchell,1610612739,CLE,4,PT01M11.00S,bonus,attemptEquivalent,2,2,
0022501163,1631096,C. Holmgren,1610612760,OKC,1,PT08M09.00S,shootingFoul2,attemptEquivalent,1,2,
0022501163,1631096,C. Holmgren,1610612760,OKC,1,PT07M10.00S,shootingFoul2,attemptEquivalent,2,2,
0022501163,1631114,J. Williams,1610612760,OKC,1,PT04M33.00S,shootingFoul2,attemptEquivalent,2,2,
0022501163,1628381,J. Collins,1610612746,LAC,1,PT03M43.00S,shootingFoul2,attemptEquivalent,1,2,
0022501163,1642349,A. Mitchell,1610612760,OKC,2,PT10M30.00S,shootingFoul2,attemptEquivalent,1,2,
0022501163,1628392,I. Hartenstein,1610612760,OKC,2,PT09M55.00S,shootingFoul2,attemptEquivalent,2,2,
0022501163,1641757,J. Miller,1610612746,LAC,2,PT08M43.00S,shootingFoul2,attemptEquivalent,2,2,
0022501163,1631114,J. Williams,1610612760,OKC,2,PT07M09.00S,shootingFoul2,attemptEquivalent,2,2,
0022501163,201572,B. Lopez,1610612746,LAC,2,PT06M17.00S,shootingFoul2,attemptEquivalent,0,2,
0022501163,1628983,S. Gilgeous-Alexander,1610612760,OKC,2,PT05M27.00S,andOne,addOn,0,1,257
0022501163,202695,K. Leonard,1610612746,LAC,2,PT04M44.00S,andOne,addOn,1,1,267
0022501163,1631096,C. Holmgren,1610612760,OKC,2,PT03M24.00S,bonus,attemptEquivalent,2,2,
0022501163,1642920,K. Sanders,1610612746,LAC,2,PT02M16.00S,shootingFoul2,attemptEquivalent,2,2,
0022501163,1631096,C. Holmgren,1610612760,OKC,2,PT01M55.00S,shootingFoul2,attemptEquivalent,0,2,
0022501163,1627884,D. Jones Jr.,1610612746,LAC,2,PT00M19.90S,shootingFoul2,attemptEquivalent,1,2,
0022501163,202695,K. Leonard,1610612746,LAC,3,PT09M38.00S,andOne,addOn,0,1,382
0022501163,202695,K. Leonard,1610612746,LAC,3,PT06M00.00S,bonus,attemptEquivalent,1,2,
0022501163,1630198,I. Joe,1610612760,OKC,3,PT03M53.00S,flagrant,addOn,3,3,
0022501163,1631097,B. Mathurin,1610612746,LAC,3,PT01M32.00S,shootingFoul2,attemptEquivalent,2,2,
0022501163,1641757,J. Miller,1610612746,LAC,3,PT00M47.00S,shootingFoul2,attemptEquivalent,1,2,
0022501163,1642920,K. Sanders,1610612746,LAC,3,PT00M18.10S,shootingFoul2,attemptEquivalent,2,2,
0022501163,201572,B. Lopez,1610612746,LAC,4,PT11M29.00S,andOne,addOn,1,1,534
0022501163,1631096,C. Holmgren,1610612760,OKC,4,PT08M45.00S,shootingFoul2,attemptEquivalent,2,2,
0022501163,1628381,J. Collins,1610612746,LAC,4,PT07M47.00S,andOne,addOn,0,1,577
0022501163,1630198,I. Joe,1610612760,OKC,4,PT00M26.30S,shootingFoul2,attemptEquivalent,2,2,
0022501163,1631097,B. Mathurin,1610612746,LAC,4,PT00M15.40S,shootingFoul2,attemptEquivalent,2,2,
0022501166,1630264,A. Gill,1610612764,WAS,1,PT09M56.00S,shootingFoul2,attemptEquivalent,2,2,
0022501166,1630200,T. Jones,1610612741,CHI,1,PT09M33.00S,shootingFoul2,attemptEquivalent,2,2,
0022501166,1629012,C. Sexton,1610612741,CHI,1,PT09M11.00S,shootingFoul2,attemptEquivalent,2,2,
0022501166,1630172,P. Williams,1610612741,CHI,1,PT08M21.00S,shootingFoul2,attemptEquivalent,2,2,
0022501166,1642860,W. Riley,1610612764,WAS,1,PT04M57.00S,shootingFoul2,attemptEquivalent,2,2,
0022501166,1630264,A. Gill,1610612764,WAS,2,PT08M38.00S,andOne,addOn,1,1,213
0022501166,1630264,A. Gill,1610612764,WAS,2,PT02M30.00S,shootingFoul2,attemptEquivalent,1,2,
0022501166,1642530,Y. Kawamura,1610612741,CHI,2,PT01M39.00S,shootingFoul2,attemptEquivalent,1,2,
0022501166,1642882,J. Reese,1610612764,WAS,2,PT01M18.00S,bonus,attemptEquivalent,2,2,
0022501166,1630200,T. Jones,1610612741,CHI,2,PT00M00.10S,shootingFoul2,attemptEquivalent,2,2,
0022501166,1630200,T. Jones,1610612741,CHI,3,PT10M02.00S,shootingFoul2,attemptEquivalent,2,2,
0022501166,1642882,J. Reese,1610612764,WAS,3,PT09M46.00S,shootingFoul2,attemptEquivalent,2,2,
0022501166,1642860,W. Riley,1610612764,WAS,3,PT08M50.00S,shootingFoul2,attemptEquivalent,1,2,
0022501166,1642882,J. Reese,1610612764,WAS,3,PT06M46.00S,andOne,addOn,1,1,420
0022501166,1630172,P. Williams,1610612741,CHI,3,PT02M37.00S,shootingFoul2,attemptEquivalent,2,2,
0022501166,1642530,Y. Kawamura,1610612741,CHI,3,PT01M41.00S,flagrant,addOn,2,2,
0022501166,1630200,T. Jones,1610612741,CHI,3,PT01M36.00S,shootingFoul2,attemptEquivalent,2,2,
0022501166,1630264,A. Gill,1610612764,WAS,4,PT11M27.00S,shootingFoul3,attemptEquivalent,3,3,
0022501166,1642364,J. Watkins,1610612764,WAS,4,PT10M32.00S,andOne,addOn,1,1,551
0022501166,1642860,W. Riley,1610612764,WAS,4,PT08M24.00S,bonus,attemptEquivalent,2,2,
0022501166,1631159,L. Miller,1610612741,CHI,4,PT08M14.00S,shootingFoul2,attemptEquivalent,2,2,
0022501166,1642882,J. Reese,1610612764,WAS,4,PT07M46.00S,bonus,attemptEquivalent,1,2,
0022501166,1642860,W. Riley,1610612764,WAS,4,PT07M13.00S,andOne,addOn,1,1,627
0022501166,1630200,T. Jones,1610612741,CHI,4,PT05M35.00S,shootingFoul2,attemptEquivalent,2,2,
0022501166,1642364,J. Watkins,1610612764,WAS,4,PT03M46.00S,bonus,attemptEquivalent,1,2,
0022501166,1630200,T. Jones,1610612741,CHI,4,PT03M38.00S,shootingFoul2,attemptEquivalent,2,2,
0022501166,1630264,A. Gill,1610612764,WAS,4,PT01M43.00S,bonus,attemptEquivalent,1,2,
0022501172,1641731,B. Coulibaly,1610612764,WAS,1,PT08M15.00S,shootingFoul2,attemptEquivalent,2,2,
0022501172,203952,A. Wiggins,1610612748,MIA,1,PT05M21.00S,shootingFoul2,attemptEquivalent,1,2,
0022501172,203952,A. Wiggins,1610612748,MIA,1,PT04M53.00S,andOne,addOn,1,1,93
0022501172,203952,A. Wiggins,1610612748,MIA,1,PT03M43.00S,bonus,attemptEquivalent,1,2,
0022501172,1642364,J. Watkins,1610612764,WAS,1,PT01M08.00S,bonus,attemptEquivalent,1,2,
0022501172,1642857,K. Jakučionis,1610612748,MIA,2,PT10M26.00S,shootingFoul2,attemptEquivalent,2,2,
0022501172,1628389,B. Adebayo,1610612748,MIA,2,PT08M52.00S,andOne,addOn,1,1,207
0022501172,1642857,K. Jakučionis,1610612748,MIA,2,PT07M26.00S,shootingFoul2,attemptEquivalent,2,2,
0022501172,1628389,B. Adebayo,1610612748,MIA,2,PT06M26.00S,bonus,attemptEquivalent,2,2,
0022501172,1631323,S. Fontecchio,1610612748,MIA,2,PT05M10.00S,shootingFoul2,attemptEquivalent,2,2,
0022501172,1641731,B. Coulibaly,1610612764,WAS,2,PT02M21.00S,andOne,addOn,1,1,302
0022501172,1641796,P. Larsson,1610612748,MIA,2,PT01M47.00S,shootingFoul2,attemptEquivalent,2,2,
0022501172,1642364,J. Watkins,1610612764,WAS,2,PT00M56.30S,bonus,attemptEquivalent,1,2,
0022501172,1641796,P. Larsson,1610612748,MIA,2,PT00M08.50S,bonus,attemptEquivalent,2,2,
0022501172,1642857,K. Jakučionis,1610612748,MIA,3,PT09M54.00S,shootingFoul2,attemptEquivalent,1,2,
0022501172,1641731,B. Coulibaly,1610612764,WAS,3,PT08M46.00S,shootingFoul2,attemptEquivalent,2,2,
0022501172,1642267,B. Carrington,1610612764,WAS,3,PT08M12.00S,shootingFoul2,attemptEquivalent,2,2,
0022501172,1630264,A. Gill,1610612764,WAS,3,PT03M18.00S,andOne,addOn,0,1,456
0022501172,1642352,K. Johnson,1610612748,MIA,4,PT07M10.00S,shootingFoul2,attemptEquivalent,2,2,
0022501172,1641796,P. Larsson,1610612748,MIA,4,PT04M39.00S,shootingFoul2,attemptEquivalent,1,2,
0022501172,1641796,P. Larsson,1610612748,MIA,4,PT01M21.00S,shootingFoul2,attemptEquivalent,2,2,
0022501172,1630264,A. Gill,1610612764,WAS,4,PT00M51.80S,shootingFoul2,attemptEquivalent,2,2,
0022501181,1631113,K. Chandler,1610612762,UTA,1,PT06M01.00S,shootingFoul2,attemptEquivalent,0,2,
0022501181,1642942,J. Mashack,1610612763,MEM,1,PT05M10.00S,shootingFoul2,attemptEquivalent,1,2,
0022501181,1631351,L. Williamson,1610612763,MEM,1,PT04M16.00S,andOne,addOn,1,1,93
0022501181,1641727,D. Whitehead,1610612763,MEM,1,PT02M50.00S,shootingFoul2,attemptEquivalent,2,2,
0022501181,1643016,B. Mbeng,1610612762,UTA,2,PT11M33.00S,shootingFoul2,attemptEquivalent,1,2,
0022501181,1642380,A. Bal,1610612763,MEM,2,PT09M32.00S,andOne,addOn,1,1,184
0022501181,1631131,O. Tshiebwe,1610612762,UTA,2,PT07M39.00S,andOne,addOn,0,1,214
0022501181,1643016,B. Mbeng,1610612762,UTA,2,PT04M28.00S,andOne,addOn,1,1,255
0022501181,1642262,C. Williams,1610612762,UTA,3,PT08M17.00S,shootingFoul2,attemptEquivalent,0,2,
0022501181,1631131,O. Tshiebwe,1610612762,UTA,3,PT06M12.00S,andOne,addOn,0,1,398
0022501181,1631113,K. Chandler,1610612762,UTA,3,PT04M16.00S,shootingFoul2,attemptEquivalent,0,2,
0022501181,1642380,A. Bal,1610612763,MEM,3,PT01M59.00S,shootingFoul2,attemptEquivalent,2,2,
0022501181,1642396,B. Hinson,1610612762,UTA,4,PT06M55.00S,shootingFoul2,attemptEquivalent,2,2,
0022501181,1629723,J. Konchar,1610612762,UTA,4,PT06M03.00S,shootingFoul2,attemptEquivalent,2,2,
0022501181,1631131,O. Tshiebwe,1610612762,UTA,4,PT01M19.00S,shootingFoul2,attemptEquivalent,2,2,
0022501184,1631342,D. Plowden,1610612758,SAC,1,PT10M50.00S,andOne,addOn,1,1,18
0022501184,1630165,K. Hayes,1610612758,SAC,1,PT05M26.00S,shootingFoul2,attemptEquivalent,2,2,
0022501184,204001,K. Porziņģis,1610612744,GSW,1,PT01M00.00S,shootingFoul2,attemptEquivalent,1,2,
0022501184,1629001,D. Melton,1610612744,GSW,2,PT11M48.00S,shootingFoul2,attemptEquivalent,2,2,
0022501184,1630165,K. Hayes,1610612758,SAC,2,PT11M05.00S,shootingFoul2,attemptEquivalent,2,2,
0022501184,1642928,D. Cardwell,1610612758,SAC,2,PT10M20.00S,shootingFoul2,attemptEquivalent,0,2,
0022501184,204001,K. Porziņģis,1610612744,GSW,2,PT08M52.00S,andOne,addOn,1,1,236
0022501184,1630173,P. Achiuwa,1610612758,SAC,2,PT04M34.00S,shootingFoul2,attemptEquivalent,1,2,
0022501184,1642269,D. Carter,1610612758,SAC,2,PT02M33.00S,shootingFoul2,attemptEquivalent,0,2,
0022501184,1642875,M. Raynaud,1610612758,SAC,2,PT01M17.00S,bonus,attemptEquivalent,1,2,
0022501184,1629001,D. Melton,1610612744,GSW,2,PT00M33.80S,bonus,attemptEquivalent,2,2,
0022501184,203110,D. Green,1610612744,GSW,3,PT10M35.00S,flagrant,addOn,2,2,
0022501184,1641764,B. Podziemski,1610612744,GSW,3,PT10M26.00S,andOne,addOn,1,1,380
0022501184,1642269,D. Carter,1610612758,SAC,3,PT07M31.00S,flagrant,addOn,1,2,
0022501184,203926,D. McDermott,1610612758,SAC,3,PT02M25.00S,shootingFoul3,attemptEquivalent,3,3,
0022501184,1629646,C. Bassey,1610612744,GSW,3,PT01M43.00S,bonus,attemptEquivalent,2,2,
0022501184,1630165,K. Hayes,1610612758,SAC,3,PT01M32.00S,shootingFoul2,attemptEquivalent,2,2,
0022501184,1641764,B. Podziemski,1610612744,GSW,3,PT00M53.20S,andOne,addOn,1,1,538
0022501184,1641764,B. Podziemski,1610612744,GSW,4,PT10M50.00S,shootingFoul2,attemptEquivalent,2,2,
0022501184,1642363,N. Clifford,1610612758,SAC,4,PT09M48.00S,shootingFoul2,attemptEquivalent,2,2,
0022501184,201939,S. Curry,1610612744,GSW,4,PT08M56.00S,shootingFoul3,attemptEquivalent,3,3,
0022501184,1642363,N. Clifford,1610612758,SAC,4,PT07M53.00S,shootingFoul2,attemptEquivalent,1,2,
0022501184,1641764,B. Podziemski,1610612744,GSW,4,PT06M42.00S,shootingFoul2,attemptEquivalent,2,2,
0022501184,1642363,N. Clifford,1610612758,SAC,4,PT05M41.00S,shootingFoul2,attemptEquivalent,2,2,
0022501184,1642502,M. Leons,1610612744,GSW,4,PT04M28.00S,shootingFoul2,attemptEquivalent,2,2,
0022501184,1641764,B. Podziemski,1610612744,GSW,4,PT03M36.00S,shootingFoul2,attemptEquivalent,2,2,
0022501184,1642875,M. Raynaud,1610612758,SAC,4,PT01M58.00S,andOne,addOn,1,1,695
0022501184,1629646,C. Bassey,1610612744,GSW,4,PT01M46.00S,shootingFoul2,attemptEquivalent,2,2,
0022501184,1631342,D. Plowden,1610612758,SAC,4,PT01M25.00S,bonus,attemptEquivalent,2,2,
0022501184,1642363,N. Clifford,1610612758,SAC,4,PT00M25.90S,bonus,attemptEquivalent,2,2,
0022501184,1641764,B. Podziemski,1610612744,GSW,4,PT00M04.50S,shootingFoul2,attemptEquivalent,1,2,
0022501187,1641772,N. Tomlin,1610612739,CLE,1,PT09M53.00S,shootingFoul2,attemptEquivalent,2,2,
0022501187,1629622,M. Strus,1610612739,CLE,1,PT09M01.00S,awayFromPlay,addOn,1,1,
0022501187,1642364,J. Watkins,1610612764,WAS,1,PT06M49.00S,shootingFoul2,attemptEquivalent,1,2,
0022501187,1630702,J. Hardy,1610612764,WAS,1,PT01M54.00S,shootingFoul2,attemptEquivalent,0,2,
0022501187,1642281,J. Tyson,1610612739,CLE,2,PT11M25.00S,shootingFoul2,attemptEquivalent,2,2,
0022501187,1642281,J. Tyson,1610612739,CLE,2,PT02M50.00S,shootingFoul2,attemptEquivalent,1,2,
0022501187,1642267,B. Carrington,1610612764,WAS,2,PT02M34.00S,shootingFoul2,attemptEquivalent,1,2,
0022501187,1642267,B. Carrington,1610612764,WAS,2,PT00M04.50S,transitionTake,addOn,1,1,
0022501187,1642860,W. Riley,1610612764,WAS,3,PT09M03.00S,shootingFoul2,attemptEquivalent,2,2,
0022501187,1642364,J. Watkins,1610612764,WAS,3,PT04M46.00S,bonus,attemptEquivalent,2,2,
0022501187,1642882,J. Reese,1610612764,WAS,3,PT04M19.00S,bonus,attemptEquivalent,2,2,
0022501187,1626204,L. Nance Jr.,1610612739,CLE,3,PT04M08.00S,shootingFoul2,attemptEquivalent,1,2,
0022501187,1642882,J. Reese,1610612764,WAS,3,PT03M33.00S,bonus,attemptEquivalent,2,2,
0022501187,1630536,S. Cooper,1610612764,WAS,3,PT00M48.30S,bonus,attemptEquivalent,2,2,
0022501187,1642434,R. Minix,1610612739,CLE,4,PT10M33.00S,andOne,addOn,1,1,509
0022501187,1642400,T. Enaruna,1610612739,CLE,4,PT06M27.00S,shootingFoul2,attemptEquivalent,1,2,
0022501187,1642400,T. Enaruna,1610612739,CLE,4,PT05M22.00S,shootingFoul2,attemptEquivalent,2,2,
0022501187,1642400,T. Enaruna,1610612739,CLE,4,PT03M17.00S,shootingFoul2,attemptEquivalent,2,2,
0022501187,1642364,J. Watkins,1610612764,WAS,4,PT02M14.00S,shootingFoul2,attemptEquivalent,2,2,
0022501187,1641772,N. Tomlin,1610612739,CLE,4,PT01M57.00S,shootingFoul2,attemptEquivalent,2,2,
0022501187,1630846,O. Sarr,1610612739,CLE,4,PT01M43.00S,shootingFoul2,attemptEquivalent,1,2,
0022501198,1629060,R. Hachimura,1610612747,LAL,1,PT08M11.00S,shootingFoul2,attemptEquivalent,1,2,
0022501198,203935,M. Smart,1610612747,LAL,1,PT07M48.00S,shootingFoul2,attemptEquivalent,2,2,
0022501198,1631131,O. Tshiebwe,1610612762,UTA,1,PT07M16.00S,shootingFoul2,attemptEquivalent,2,2,
0022501198,1642846,A. Bailey,1610612762,UTA,1,PT05M20.00S,shootingFoul2,attemptEquivalent,0,2,
0022501198,1628379,L. Kennard,1610612747,LAL,1,PT04M47.00S,shootingFoul2,attemptEquivalent,1,2,
0022501198,1629060,R. Hachimura,1610612747,LAL,1,PT04M03.00S,shootingFoul2,attemptEquivalent,2,2,
0022501198,1641729,B. Sensabaugh,1610612762,UTA,1,PT03M15.00S,shootingFoul2,attemptEquivalent,1,2,
0022501198,2544,L. James,1610612747,LAL,1,PT01M38.00S,shootingFoul2,attemptEquivalent,2,2,
0022501198,1641729,B. Sensabaugh,1610612762,UTA,1,PT01M16.00S,shootingFoul2,attemptEquivalent,2,2,
0022501198,2544,L. James,1610612747,LAL,1,PT00M08.40S,shootingFoul2,attemptEquivalent,2,2,
0022501198,1641729,B. Sensabaugh,1610612762,UTA,2,PT10M41.00S,shootingFoul2,attemptEquivalent,1,2,
0022501198,2544,L. James,1610612747,LAL,2,PT09M39.00S,shootingFoul2,attemptEquivalent,1,2,
0022501198,2544,L. James,1610612747,LAL,2,PT08M13.00S,andOne,addOn,1,1,250
0022501198,1629028,D. Ayton,1610612747,LAL,2,PT07M06.00S,shootingFoul2,attemptEquivalent,2,2,
0022501198,1642262,C. Williams,1610612762,UTA,2,PT06M48.00S,bonus,attemptEquivalent,2,2,
0022501198,1643016,B. Mbeng,1610612762,UTA,3,PT08M00.00S,andOne,addOn,1,1,418
0022501198,1631131,O. Tshiebwe,1610612762,UTA,3,PT07M11.00S,shootingFoul2,attemptEquivalent,2,2,
0022501198,1631131,O. Tshiebwe,1610612762,UTA,3,PT06M38.00S,shootingFoul2,attemptEquivalent,1,2,
0022501198,1642262,C. Williams,1610612762,UTA,4,PT10M49.00S,shootingFoul2,attemptEquivalent,2,2,
0022501198,1643016,B. Mbeng,1610612762,UTA,4,PT07M13.00S,shootingFoul2,attemptEquivalent,1,2,
0022501198,1631131,O. Tshiebwe,1610612762,UTA,4,PT04M23.00S,andOne,addOn,0,1,632
0022501198,1643016,B. Mbeng,1610612762,UTA,4,PT02M53.00S,bonus,attemptEquivalent,1,2,
0022501198,1643060,H. Gray,1610612762,UTA,4,PT02M22.00S,shootingFoul2,attemptEquivalent,2,2,
0022501198,1631131,O. Tshiebwe,1610612762,UTA,4,PT01M00.00S,andOne,addOn,0,1,685
0022501200,1630173,P. Achiuwa,1610612758,SAC,1,PT06M01.00S,shootingFoul2,attemptEquivalent,2,2,
0022501200,1630173,P. Achiuwa,1610612758,SAC,1,PT05M35.00S,shootingFoul2,attemptEquivalent,2,2,
0022501200,1631101,S. Sharpe,1610612757,POR,2,PT11M42.00S,andOne,addOn,1,1,158
0022501200,1630166,D. Avdija,1610612757,POR,2,PT06M39.00S,andOne,addOn,0,1,220
0022501200,1642363,N. Clifford,1610612758,SAC,2,PT06M13.00S,shootingFoul2,attemptEquivalent,2,2,
0022501200,1642269,D. Carter,1610612758,SAC,2,PT03M53.00S,shootingFoul2,attemptEquivalent,1,2,
0022501200,1630165,K. Hayes,1610612758,SAC,2,PT02M58.00S,shootingFoul2,attemptEquivalent,2,2,
0022501200,201950,J. Holiday,1610612757,POR,2,PT01M46.00S,bonus,attemptEquivalent,1,2,
0022501200,1630173,P. Achiuwa,1610612758,SAC,2,PT01M33.00S,shootingFoul2,attemptEquivalent,1,2,
0022501200,1630173,P. Achiuwa,1610612758,SAC,2,PT00M03.70S,shootingFoul2,attemptEquivalent,1,2,
0022501200,1630173,P. Achiuwa,1610612758,SAC,3,PT11M40.00S,andOne,addOn,0,1,342
0022501200,1630166,D. Avdija,1610612757,POR,3,PT09M46.00S,shootingFoul2,attemptEquivalent,2,2,
0022501200,1642363,N. Clifford,1610612758,SAC,3,PT07M51.00S,shootingFoul2,attemptEquivalent,2,2,
0022501200,1642269,D. Carter,1610612758,SAC,3,PT04M18.00S,shootingFoul3,attemptEquivalent,1,3,
0022501200,1630703,S. Henderson,1610612757,POR,3,PT02M40.00S,andOne,addOn,1,1,473
0022501200,203926,D. McDermott,1610612758,SAC,3,PT00M17.20S,bonus,attemptEquivalent,1,2,
0022501200,1631342,D. Plowden,1610612758,SAC,4,PT10M08.00S,shootingFoul3,attemptEquivalent,3,3,
0022501200,1631101,S. Sharpe,1610612757,POR,4,PT09M58.00S,shootingFoul2,attemptEquivalent,2,2,
0022501200,1631200,K. Murray,1610612757,POR,4,PT09M07.00S,shootingFoul2,attemptEquivalent,1,2,
0022501200,1642875,M. Raynaud,1610612758,SAC,4,PT06M29.00S,shootingFoul2,attemptEquivalent,2,2,
0022501200,201950,J. Holiday,1610612757,POR,4,PT05M24.00S,shootingFoul2,attemptEquivalent,2,2,
0022501200,1630173,P. Achiuwa,1610612758,SAC,4,PT05M07.00S,shootingFoul2,attemptEquivalent,1,2,
0022501200,201950,J. Holiday,1610612757,POR,4,PT01M39.00S,bonus,attemptEquivalent,2,2,
0022501200,1642875,M. Raynaud,1610612758,SAC,4,PT00M09.70S,bonus,attemptEquivalent,2,2,
0022501203,1631114,J. Williams,1610612760,OKC,1,PT09M50.00S,shootingFoul2,attemptEquivalent,2,2,
0022501203,1628983,S. Gilgeous-Alexander,1610612760,OKC,1,PT09M26.00S,shootingFoul2,attemptEquivalent,2,2,
0022501203,1628983,S. Gilgeous-Alexander,1610612760,OKC,1,PT06M06.00S,andOne,addOn,1,1,71
0022501203,1628415,D. Brooks,1610612756,PHX,1,PT04M27.00S,shootingFoul2,attemptEquivalent,2,2,
0022501203,1631114,J. Williams,1610612760,OKC,2,PT11M13.00S,shootingFoul2,attemptEquivalent,2,2,
0022501203,1642349,A. Mitchell,1610612760,OKC,2,PT10M17.00S,shootingFoul2,attemptEquivalent,2,2,
0022501203,1628415,D. Brooks,1610612756,PHX,2,PT06M13.00S,shootingFoul2,attemptEquivalent,2,2,
0022501203,1631109,M. Williams,1610612756,PHX,2,PT04M15.00S,awayFromPlay,addOn,1,1,
0022501203,1631109,M. Williams,1610612756,PHX,2,PT02M13.00S,shootingFoul2,attemptEquivalent,0,2,
0022501203,1628415,D. Brooks,1610612756,PHX,3,PT09M54.00S,transitionTake,addOn,0,1,
0022501203,1631109,M. Williams,1610612756,PHX,3,PT09M34.00S,shootingFoul2,attemptEquivalent,2,2,
0022501203,1631109,M. Williams,1610612756,PHX,3,PT08M46.00S,shootingFoul2,attemptEquivalent,2,2,
0022501203,1628960,G. Allen,1610612756,PHX,3,PT08M02.00S,shootingFoul2,attemptEquivalent,2,2,
0022501203,1631096,C. Holmgren,1610612760,OKC,3,PT05M37.00S,andOne,addOn,1,1,403
0022501203,1631096,C. Holmgren,1610612760,OKC,3,PT05M18.00S,flagrant,addOn,1,2,
0022501203,1628415,D. Brooks,1610612756,PHX,3,PT04M48.00S,shootingFoul2,attemptEquivalent,2,2,
0022501203,1629652,L. Dort,1610612760,OKC,3,PT04M17.00S,andOne,addOn,1,1,442
0022501208,1631099,K. Murray,1610612758,SAC,1,PT11M16.00S,shootingFoul2,attemptEquivalent,0,2,
0022501208,1631212,P. Watson,1610612743,DEN,1,PT06M59.00S,shootingFoul2,attemptEquivalent,2,2,
0022501208,1627750,J. Murray,1610612743,DEN,1,PT03M08.00S,andOne,addOn,1,1,93
0022501208,1628370,M. Monk,1610612758,SAC,1,PT02M26.00S,shootingFoul2,attemptEquivalent,2,2,
0022501208,203999,N. Jokić,1610612743,DEN,1,PT02M14.00S,andOne,addOn,1,1,118
0022501208,1629661,C. Johnson,1610612743,DEN,1,PT01M26.00S,bonus,attemptEquivalent,2,2,
0022501208,1628370,M. Monk,1610612758,SAC,1,PT00M46.30S,shootingFoul2,attemptEquivalent,2,2,
0022501208,203999,N. Jokić,1610612743,DEN,1,PT00M04.30S,bonus,attemptEquivalent,2,2,
0022501208,201566,R. Westbrook,1610612758,SAC,2,PT10M58.00S,shootingFoul2,attemptEquivalent,2,2,
0022501208,1628971,B. Brown,1610612743,DEN,2,PT10M18.00S,shootingFoul2,attemptEquivalent,2,2,
0022501208,201942,D. DeRozan,1610612758,SAC,2,PT10M05.00S,shootingFoul2,attemptEquivalent,2,2,
0022501208,1631212,P. Watson,1610612743,DEN,2,PT05M03.00S,shootingFoul3,attemptEquivalent,2,3,
0022501208,201566,R. Westbrook,1610612758,SAC,2,PT04M02.00S,shootingFoul2,attemptEquivalent,2,2,
0022501208,1627750,J. Murray,1610612743,DEN,2,PT03M43.00S,bonus,attemptEquivalent,1,2,
0022501208,201566,R. Westbrook,1610612758,SAC,2,PT02M53.00S,shootingFoul2,attemptEquivalent,2,2,
0022501208,203999,N. Jokić,1610612743,DEN,2,PT01M34.00S,shootingFoul2,attemptEquivalent,2,2,
0022501208,1631212,P. Watson,1610612743,DEN,3,PT07M21.00S,shootingFoul2,attemptEquivalent,0,2,
0022501208,1631212,P. Watson,1610612743,DEN,3,PT05M16.00S,andOne,addOn,1,1,402
0022501208,203999,N. Jokić,1610612743,DEN,3,PT04M09.00S,shootingFoul2,attemptEquivalent,1,2,
0022501208,203999,N. Jokić,1610612743,DEN,3,PT02M46.00S,andOne,addOn,0,1,448
0022501208,1628370,M. Monk,1610612758,SAC,3,PT01M13.00S,shootingFoul2,attemptEquivalent,1,2,
0022501208,1629661,C. Johnson,1610612743,DEN,4,PT09M37.00S,shootingFoul2,attemptEquivalent,1,2,
0022501208,1642875,M. Raynaud,1610612758,SAC,4,PT08M51.00S,shootingFoul2,attemptEquivalent,0,2,
0022501208,1631165,K. Ellis,1610612758,SAC,4,PT07M57.00S,shootingFoul2,attemptEquivalent,1,2,
0022501208,202685,J. Valančiūnas,1610612743,DEN,4,PT07M04.00S,shootingFoul2,attemptEquivalent,0,2,
0022501208,1631165,K. Ellis,1610612758,SAC,4,PT06M01.00S,andOne,addOn,0,1,569
0022501208,1628971,B. Brown,1610612743,DEN,4,PT00M48.00S,shootingFoul2,attemptEquivalent,2,2,
0022501208,1642269,D. Carter,1610612758,SAC,4,PT00M11.10S,shootingFoul2,attemptEquivalent,2,2,
0022501212,1630596,E. Mobley,1610612739,CLE,1,PT09M47.00S,andOne,addOn,0,1,24
0022501212,1629631,D. Hunter,1610612739,CLE,1,PT08M55.00S,shootingFoul2,attemptEquivalent,2,2,
0022501212,1642281,J. Tyson,1610612739,CLE,1,PT04M31.00S,shootingFoul2,attemptEquivalent,2,2,
0022501212,1642281,J. Tyson,1610612739,CLE,1,PT02M57.00S,shootingFoul2,attemptEquivalent,2,2,
0022501212,1642860,W. Riley,1610612764,WAS,2,PT11M18.00S,shootingFoul2,attemptEquivalent,2,2,
0022501212,1641774,T. Vukcevic,1610612764,WAS,2,PT10M59.00S,shootingFoul2,attemptEquivalent,2,2,
0022501212,1642273,K. George,1610612764,WAS,2,PT08M34.00S,shootingFoul2,attemptEquivalent,2,2,
0022501212,1629636,D. Garland,1610612739,CLE,2,PT06M45.00S,shootingFoul2,attemptEquivalent,2,2,
0022501212,203468,C. McCollum,1610612764,WAS,2,PT05M09.00S,shootingFoul3,attemptEquivalent,3,3,
0022501212,203468,C. McCollum,1610612764,WAS,2,PT04M37.00S,andOne,addOn,1,1,293
0022501212,1629636,D. Garland,1610612739,CLE,2,PT02M38.00S,shootingFoul2,attemptEquivalent,1,2,
0022501212,1630596,E. Mobley,1610612739,CLE,2,PT02M09.00S,shootingFoul2,attemptEquivalent,2,2,
0022501212,1630596,E. Mobley,1610612739,CLE,2,PT01M08.00S,shootingFoul2,attemptEquivalent,2,2,
0022501212,1629636,D. Garland,1610612739,CLE,2,PT00M04.00S,shootingFoul2,attemptEquivalent,2,2,
0022501212,1642281,J. Tyson,1610612739,CLE,3,PT08M57.00S,shootingFoul2,attemptEquivalent,2,2,
0022501212,1629631,D. Hunter,1610612739,CLE,3,PT08M29.00S,shootingFoul2,attemptEquivalent,2,2,
0022501212,1642267,B. Carrington,1610612764,WAS,3,PT07M45.00S,shootingFoul3,attemptEquivalent,1,3,
0022501212,1629636,D. Garland,1610612739,CLE,3,PT05M59.00S,andOne,addOn,1,1,458
0022501212,1628963,M. Bagley III,1610612764,WAS,3,PT05M08.00S,shootingFoul2,attemptEquivalent,2,2,
0022501212,1642848,T. Johnson,1610612764,WAS,3,PT04M14.00S,shootingFoul2,attemptEquivalent,1,2,
0022501212,1628378,D. Mitchell,1610612739,CLE,3,PT03M59.00S,shootingFoul2,attemptEquivalent,2,2,
0022501212,1641774,T. Vukcevic,1610612764,WAS,3,PT03M43.00S,shootingFoul2,attemptEquivalent,2,2,
0022501212,1642860,W. Riley,1610612764,WAS,3,PT02M24.00S,shootingFoul3,attemptEquivalent,3,3,
0022501212,1641774,T. Vukcevic,1610612764,WAS,3,PT01M59.00S,bonus,attemptEquivalent,2,2,
0022501212,1630596,E. Mobley,1610612739,CLE,3,PT01M48.00S,shootingFoul2,attemptEquivalent,1,2,
0022501212,203468,C. McCollum,1610612764,WAS,3,PT00M05.70S,awayFromPlay,addOn,0,1,
0022501212,1641774,T. Vukcevic,1610612764,WAS,4,PT09M35.00S,shootingFoul2,attemptEquivalent,2,2,
0022501212,1628378,D. Mitchell,1610612739,CLE,4,PT08M11.00S,shootingFoul2,attemptEquivalent,2,2,
0022501212,1629731,D. Wade,1610612739,CLE,4,PT07M06.00S,shootingFoul2,attemptEquivalent,2,2,
0022501212,1628378,D. Mitchell,1610612739,CLE,4,PT06M27.00S,bonus,attemptEquivalent,2,2,
0022501212,203468,C. McCollum,1610612764,WAS,4,PT05M05.00S,shootingFoul2,attemptEquivalent,2,2,
0022501212,203468,C. McCollum,1610612764,WAS,4,PT03M20.00S,shootingFoul2,attemptEquivalent,0,2,
0022501212,1628366,L. Ball,1610612739,CLE,4,PT00M30.90S,bonus,attemptEquivalent,2,2,
0022501212,1630596,E. Mobley,1610612739,CLE,4,PT00M23.70S,bonus,attemptEquivalent,2,2,
0022501213,1629630,J. Morant,1610612763,MEM,1,PT11M43.00S,andOne,addOn,1,1,9
0022501213,1642377,J. Wells,1610612763,MEM,1,PT10M28.00S,shootingFoul3,attemptEquivalent,3,3,
0022501213,1641718,K. George,1610612762,UTA,1,PT10M08.00S,shootingFoul2,attemptEquivalent,2,2,
0022501213,203994,J. Nurkić,1610612762,UTA,1,PT07M33.00S,andOne,addOn,1,1,70
0022501213,1642907,C. Coward,1610612763,MEM,1,PT05M05.00S,andOne,addOn,1,1,103
0022501213,1642268,I. Collier,1610612762,UTA,1,PT03M48.00S,bonus,attemptEquivalent,1,2,
0022501213,1642268,I. Collier,1610612762,UTA,1,PT02M22.00S,shootingFoul2,attemptEquivalent,0,2,
0022501213,1628374,L. Markkanen,1610612762,UTA,1,PT01M48.00S,andOne,addOn,1,1,164
0022501213,1628991,J. Jackson Jr.,1610612763,MEM,1,PT01M02.00S,shootingFoul2,attemptEquivalent,0,2,
0022501213,1630583,S. Aldama,1610612763,MEM,1,PT00M03.60S,shootingFoul3,attemptEquivalent,2,3,
0022501213,1642285,C. Spencer,1610612763,MEM,2,PT09M21.00S,shootingFoul2,attemptEquivalent,2,2,
0022501213,1641718,K. George,1610612762,UTA,2,PT04M41.00S,shootingFoul2,attemptEquivalent,2,2,
0022501213,1628374,L. Markkanen,1610612762,UTA,2,PT03M07.00S,shootingFoul2,attemptEquivalent,1,2,
0022501213,1641718,K. George,1610612762,UTA,2,PT01M36.00S,flagrant,addOn,3,3,
0022501213,1630583,S. Aldama,1610612763,MEM,2,PT01M20.00S,andOne,addOn,0,1,367
0022501213,1629630,J. Morant,1610612763,MEM,2,PT00M58.10S,shootingFoul2,attemptEquivalent,1,2,
0022501213,1642377,J. Wells,1610612763,MEM,3,PT10M08.00S,shootingFoul2,attemptEquivalent,2,2,
0022501213,1628374,L. Markkanen,1610612762,UTA,3,PT08M49.00S,andOne,addOn,1,1,435
0022501213,1629630,J. Morant,1610612763,MEM,3,PT08M40.00S,shootingFoul2,attemptEquivalent,1,2,
0022501213,1629630,J. Morant,1610612763,MEM,3,PT07M21.00S,shootingFoul2,attemptEquivalent,2,2,
0022501213,1628374,L. Markkanen,1610612762,UTA,3,PT04M31.00S,shootingFoul2,attemptEquivalent,2,2,
0022501213,1642268,I. Collier,1610612762,UTA,3,PT02M14.00S,andOne,addOn,0,1,529
0022501213,203994,J. Nurkić,1610612762,UTA,4,PT08M42.00S,shootingFoul2,attemptEquivalent,0,2,
0022501213,1641718,K. George,1610612762,UTA,4,PT06M04.00S,andOne,addOn,1,1,642
0022501213,1641718,K. George,1610612762,UTA,4,PT00M06.80S,bonus,attemptEquivalent,2,2,
0022501216,1627783,P. Siakam,1610612754,IND,1,PT10M30.00S,andOne,addOn,1,1,15
0022501216,1628963,M. Bagley III,1610612764,WAS,1,PT08M03.00S,shootingFoul2,attemptEquivalent,1,2,
0022501216,1631097,B. Mathurin,1610612754,IND,1,PT06M34.00S,shootingFoul2,attemptEquivalent,2,2,
0022501216,1641774,T. Vukcevic,1610612764,WAS,1,PT00M56.20S,andOne,addOn,1,1,150
0022501216,1642860,W. Riley,1610612764,WAS,2,PT11M03.00S,flagrant,addOn,2,3,
0022501216,1628963,M. Bagley III,1610612764,WAS,2,PT10M39.00S,shootingFoul2,attemptEquivalent,0,2,
0022501216,1627783,P. Siakam,1610612754,IND,2,PT09M37.00S,shootingFoul2,attemptEquivalent,2,2,
0022501216,1631097,B. Mathurin,1610612754,IND,2,PT00M41.70S,shootingFoul2,attemptEquivalent,2,2,
0022501216,1642273,K. George,1610612764,WAS,2,PT00M18.10S,andOne,addOn,1,1,319
0022501216,1628963,M. Bagley III,1610612764,WAS,3,PT10M56.00S,shootingFoul2,attemptEquivalent,2,2,
0022501216,1631097,B. Mathurin,1610612754,IND,3,PT10M37.00S,shootingFoul2,attemptEquivalent,2,2,
0022501216,1631097,B. Mathurin,1610612754,IND,3,PT09M31.00S,shootingFoul2,attemptEquivalent,2,2,
0022501216,1642267,B. Carrington,1610612764,WAS,3,PT09M13.00S,shootingFoul2,attemptEquivalent,1,2,
0022501216,1641774,T. Vukcevic,1610612764,WAS,3,PT05M24.00S,shootingFoul2,attemptEquivalent,1,2,
0022501216,1642273,K. George,1610612764,WAS,3,PT04M20.00S,shootingFoul2,attemptEquivalent,0,2,
0022501216,1642277,J. Furphy,1610612754,IND,3,PT02M37.00S,bonus,attemptEquivalent,0,2,
0022501216,1629726,G. Mathews,1610612754,IND,3,PT01M25.00S,shootingFoul2,attemptEquivalent,2,2,
0022501216,1642848,T. Johnson,1610612764,WAS,3,PT01M19.00S,bonus,attemptEquivalent,2,2,
0022501216,1628963,M. Bagley III,1610612764,WAS,3,PT00M41.90S,shootingFoul2,attemptEquivalent,1,2,
0022501216,1628963,M. Bagley III,1610612764,WAS,4,PT10M55.00S,shootingFoul2,attemptEquivalent,1,2,
0022501216,1631245,Q. Jackson,1610612754,IND,4,PT08M40.00S,shootingFoul2,attemptEquivalent,1,2,
0022501216,1642860,W. Riley,1610612764,WAS,4,PT07M54.00S,flagrant,addOn,2,2,
0022501216,1630679,E. Thompson,1610612754,IND,4,PT03M38.00S,bonus,attemptEquivalent,2,2,
0022501216,1630543,I. Jackson,1610612754,IND,4,PT03M12.00S,bonus,attemptEquivalent,1,2,
0022501218,1628386,J. Allen,1610612739,CLE,1,PT11M06.00S,shootingFoul2,attemptEquivalent,2,2,
0022501218,1628366,L. Ball,1610612739,CLE,1,PT00M50.90S,bonus,attemptEquivalent,1,2,
0022501218,1628418,T. Bryant,1610612739,CLE,2,PT11M32.00S,andOne,addOn,1,1,177
0022501218,1629731,D. Wade,1610612739,CLE,2,PT08M19.00S,shootingFoul2,attemptEquivalent,1,2,
0022501218,1629636,D. Garland,1610612739,CLE,2,PT05M01.00S,shootingFoul2,attemptEquivalent,1,2,
0022501218,1628970,M. Bridges,1610612766,CHA,2,PT04M31.00S,shootingFoul2,attemptEquivalent,1,2,
0022501218,1629636,D. Garland,1610612739,CLE,2,PT01M19.00S,bonus,attemptEquivalent,2,2,
0022501218,1628378,D. Mitchell,1610612739,CLE,2,PT00M33.50S,bonus,attemptEquivalent,2,2,
0022501218,1628386,J. Allen,1610612739,CLE,3,PT10M38.00S,andOne,addOn,0,1,388
0022501218,1628970,M. Bridges,1610612766,CHA,3,PT10M19.00S,shootingFoul2,attemptEquivalent,2,2,
0022501218,1629636,D. Garland,1610612739,CLE,3,PT08M04.00S,shootingFoul2,attemptEquivalent,2,2,
0022501218,1628386,J. Allen,1610612739,CLE,3,PT06M27.00S,shootingFoul2,attemptEquivalent,1,2,
0022501218,1628418,T. Bryant,1610612739,CLE,3,PT03M01.00S,bonus,attemptEquivalent,2,2,
0022501218,1642275,T. Salaün,1610612766,CHA,3,PT02M45.00S,shootingFoul2,attemptEquivalent,0,2,
0022501218,1642354,K. Simpson,1610612766,CHA,3,PT02M09.00S,shootingFoul2,attemptEquivalent,1,2,
0022501218,1628378,D. Mitchell,1610612739,CLE,3,PT01M48.00S,shootingFoul2,attemptEquivalent,1,2,
0022501218,1631217,M. Diabaté,1610612766,CHA,4,PT10M09.00S,andOne,addOn,1,1,580
0022501218,1629631,D. Hunter,1610612739,CLE,4,PT09M06.00S,shootingFoul2,attemptEquivalent,2,2,
0022501218,1641706,B. Miller,1610612766,CHA,4,PT07M09.00S,bonus,attemptEquivalent,2,2,
0022501218,1641750,R. Kalkbrenner,1610612766,CHA,4,PT05M28.00S,bonus,attemptEquivalent,1,2,
0022501218,1642851,K. Knueppel,1610612766,CHA,4,PT03M04.00S,bonus,attemptEquivalent,2,2,
0022501218,1629636,D. Garland,1610612739,CLE,4,PT02M56.00S,shootingFoul2,attemptEquivalent,2,2,
0022501218,1642281,J. Tyson,1610612739,CLE,4,PT00M13.20S,bonus,attemptEquivalent,2,2,
0022501218,1641706,B. Miller,1610612766,CHA,5,PT03M40.00S,shootingFoul2,attemptEquivalent,2,2,
0022501218,1642275,T. Salaün,1610612766,CHA,5,PT00M17.20S,bonus,attemptEquivalent,2,2,
0022501218,1642851,K. Knueppel,1610612766,CHA,5,PT00M08.30S,bonus,attemptEquivalent,2,2,
0022501220,203944,J. Randle,1610612750,MIN,1,PT09M00.00S,shootingFoul2,attemptEquivalent,1,2,
0022501220,1642875,M. Raynaud,1610612758,SAC,1,PT03M22.00S,shootingFoul2,attemptEquivalent,1,2,
0022501220,1630173,P. Achiuwa,1610612758,SAC,1,PT00M59.00S,bonus,attemptEquivalent,1,2,
0022501220,1628978,D. DiVincenzo,1610612750,MIN,2,PT11M06.00S,andOne,addOn,1,1,172
0022501220,1642875,M. Raynaud,1610612758,SAC,2,PT06M15.00S,shootingFoul2,attemptEquivalent,1,2,
0022501220,203897,Z. LaVine,1610612758,SAC,2,PT05M20.00S,andOne,addOn,1,1,257
0022501220,203497,R. Gobert,1610612750,MIN,2,PT05M06.00S,shootingFoul2,attemptEquivalent,0,2,
0022501220,203497,R. Gobert,1610612750,MIN,2,PT03M53.00S,bonus,attemptEquivalent,1,2,
0022501220,1630183,J. McDaniels,1610612750,MIN,2,PT03M52.00S,shootingFoul2,attemptEquivalent,2,2,
0022501220,1630183,J. McDaniels,1610612750,MIN,2,PT02M21.00S,bonus,attemptEquivalent,2,2,
0022501220,203944,J. Randle,1610612750,MIN,2,PT01M57.00S,bonus,attemptEquivalent,2,2,
0022501220,203497,R. Gobert,1610612750,MIN,3,PT11M33.00S,shootingFoul2,attemptEquivalent,0,2,
0022501220,1630173,P. Achiuwa,1610612758,SAC,3,PT07M44.00S,andOne,addOn,0,1,409
0022501220,1628370,M. Monk,1610612758,SAC,3,PT06M46.00S,bonus,attemptEquivalent,2,2,
0022501220,203471,D. Schröder,1610612758,SAC,3,PT05M12.00S,andOne,addOn,1,1,443
0022501220,203471,D. Schröder,1610612758,SAC,3,PT03M49.00S,bonus,attemptEquivalent,1,2,
0022501220,1628370,M. Monk,1610612758,SAC,3,PT02M51.00S,bonus,attemptEquivalent,2,2,
0022501220,1631099,K. Murray,1610612758,SAC,3,PT01M59.00S,shootingFoul2,attemptEquivalent,1,2,
0022501220,203471,D. Schröder,1610612758,SAC,3,PT00M56.80S,bonus,attemptEquivalent,2,2,
0022501220,1628370,M. Monk,1610612758,SAC,3,PT00M44.40S,shootingFoul2,attemptEquivalent,2,2,
0022501220,1630183,J. McDaniels,1610612750,MIN,3,PT00M25.20S,shootingFoul2,attemptEquivalent,2,2,
0022501220,1630538,B. Hyland,1610612750,MIN,4,PT11M19.00S,shootingFoul3,attemptEquivalent,3,3,
0022501220,1629675,N. Reid,1610612750,MIN,4,PT05M41.00S,bonus,attemptEquivalent,2,2,
0022501220,1630538,B. Hyland,1610612750,MIN,4,PT05M13.00S,shootingFoul2,attemptEquivalent,2,2,
0022501220,1630173,P. Achiuwa,1610612758,SAC,4,PT03M13.00S,andOne,addOn,1,1,630
0022501220,203944,J. Randle,1610612750,MIN,4,PT01M18.00S,andOne,addOn,1,1,656
0022501220,1631099,K. Murray,1610612758,SAC,4,PT00M45.50S,shootingFoul2,attemptEquivalent,2,2,
0022501224,1642271,K. Filipowski,1610612762,UTA,1,PT11M17.00S,shootingFoul2,attemptEquivalent,2,2,
0022501224,1628374,L. Markkanen,1610612762,UTA,1,PT10M04.00S,andOne,addOn,1,1,24
0022501224,1641718,K. George,1610612762,UTA,1,PT08M21.00S,andOne,addOn,1,1,39
0022501224,1629023,P. Washington,1610612742,DAL,1,PT08M03.00S,shootingFoul2,attemptEquivalent,2,2,
0022501224,1641718,K. George,1610612762,UTA,1,PT05M37.00S,bonus,attemptEquivalent,2,2,
0022501224,1642843,C. Flagg,1610612742,DAL,1,PT03M55.00S,andOne,addOn,0,1,104
0022501224,1642843,C. Flagg,1610612742,DAL,1,PT03M29.00S,shootingFoul2,attemptEquivalent,2,2,
0022501224,1642843,C. Flagg,1610612742,DAL,1,PT02M34.00S,shootingFoul2,attemptEquivalent,2,2,
0022501224,1641718,K. George,1610612762,UTA,1,PT01M45.00S,bonus,attemptEquivalent,2,2,
0022501224,203939,D. Powell,1610612742,DAL,1,PT01M32.00S,shootingFoul2,attemptEquivalent,1,2,
0022501224,203939,D. Powell,1610612742,DAL,1,PT00M40.30S,shootingFoul2,attemptEquivalent,2,2,
0022501224,203939,D. Powell,1610612742,DAL,1,PT00M19.50S,bonus,attemptEquivalent,0,2,
0022501224,1631108,M. Christie,1610612742,DAL,1,PT00M02.40S,flagrant,addOn,2,2,
0022501224,1628374,L. Markkanen,1610612762,UTA,2,PT11M03.00S,shootingFoul2,attemptEquivalent,1,2,
0022501224,1642262,C. Williams,1610612762,UTA,2,PT10M13.00S,andOne,addOn,0,1,341
0022501224,1628374,L. Markkanen,1610612762,UTA,2,PT07M46.00S,shootingFoul2,attemptEquivalent,1,2,
0022501224,1642843,C. Flagg,1610612742,DAL,2,PT04M26.00S,andOne,addOn,1,1,308
0022501224,1628374,L. Markkanen,1610612762,UTA,2,PT03M06.00S,andOne,addOn,1,1,335
0022501224,1630619,M. Cisse,1610612742,DAL,2,PT02M05.00S,shootingFoul2,attemptEquivalent,1,2,
0022501224,1642843,C. Flagg,1610612742,DAL,2,PT00M38.80S,shootingFoul3,attemptEquivalent,2,3,
0022501224,1642843,C. Flagg,1610612742,DAL,2,PT00M20.10S,bonus,attemptEquivalent,2,2,
0022501224,1629023,P. Washington,1610612742,DAL,3,PT09M20.00S,shootingFoul2,attemptEquivalent,0,2,
0022501224,1629023,P. Washington,1610612742,DAL,3,PT02M13.00S,andOne,addOn,1,1,518
0022501224,1630619,M. Cisse,1610612742,DAL,3,PT00M56.20S,bonus,attemptEquivalent,1,2,
0022501224,1642268,I. Collier,1610612762,UTA,3,PT00M44.40S,shootingFoul2,attemptEquivalent,2,2,
0022501224,1642843,C. Flagg,1610612742,DAL,4,PT11M35.00S,shootingFoul2,attemptEquivalent,2,2,
0022501224,1628374,L. Markkanen,1610612762,UTA,4,PT09M54.00S,shootingFoul2,attemptEquivalent,2,2,
0022501224,1628374,L. Markkanen,1610612762,UTA,4,PT09M42.00S,andOne,addOn,1,1,596
0022501224,1629023,P. Washington,1610612742,DAL,4,PT07M07.00S,shootingFoul2,attemptEquivalent,1,2,
0022501224,1641718,K. George,1610612762,UTA,4,PT06M37.00S,shootingFoul2,attemptEquivalent,1,2,
0022501224,1642271,K. Filipowski,1610612762,UTA,4,PT04M31.00S,shootingFoul2,attemptEquivalent,1,2,
0022501224,1642271,K. Filipowski,1610612762,UTA,4,PT03M57.00S,andOne,addOn,1,1,686
0022501224,1642843,C. Flagg,1610612742,DAL,4,PT03M46.00S,shootingFoul2,attemptEquivalent,1,2,
0022501224,1628374,L. Markkanen,1610612762,UTA,4,PT03M06.00S,bonus,attemptEquivalent,2,2,
0022501224,1641718,K. George,1610612762,UTA,4,PT02M24.00S,shootingFoul2,attemptEquivalent,2,2,
0022501224,1642271,K. Filipowski,1610612762,UTA,4,PT01M09.00S,andOne,addOn,1,1,731
0022501224,1642843,C. Flagg,1610612742,DAL,4,PT00M46.70S,andOne,addOn,0,1,745
0022501224,1642843,C. Flagg,1610612742,DAL,4,PT00M04.50S,bonus,attemptEquivalent,1,2,
0022501224,1631108,M. Christie,1610612742,DAL,4,PT00M03.90S,bonus,attemptEquivalent,2,2,
0022501224,1641718,K. George,1610612762,UTA,5,PT04M45.00S,shootingFoul3,attemptEquivalent,2,3,
0022501224,1642843,C. Flagg,1610612742,DAL,5,PT02M01.00S,shootingFoul2,attemptEquivalent,2,2,
0022501230,1631096,C. Holmgren,1610612760,OKC,1,PT05M27.00S,shootingFoul2,attemptEquivalent,2,2,
0022501230,1642349,A. Mitchell,1610612760,OKC,1,PT00M02.60S,shootingFoul2,attemptEquivalent,2,2,
0022501230,1642844,D. Harper,1610612759,SAS,2,PT10M27.00S,shootingFoul2,attemptEquivalent,1,2,
0022501230,203084,H. Barnes,1610612759,SAS,2,PT09M19.00S,shootingFoul2,attemptEquivalent,0,2,
0022501230,1631096,C. Holmgren,1610612760,OKC,2,PT05M03.00S,shootingFoul2,attemptEquivalent,2,2,
0022501230,203084,H. Barnes,1610612759,SAS,2,PT03M37.00S,shootingFoul2,attemptEquivalent,2,2,
0022501230,1628368,D. Fox,1610612759,SAS,2,PT01M47.00S,shootingFoul2,attemptEquivalent,1,2,
0022501230,1630170,D. Vassell,1610612759,SAS,2,PT01M22.00S,bonus,attemptEquivalent,2,2,
0022501230,1630170,D. Vassell,1610612759,SAS,3,PT10M28.00S,shootingFoul2,attemptEquivalent,2,2,
0022501230,1631096,C. Holmgren,1610612760,OKC,3,PT06M08.00S,shootingFoul2,attemptEquivalent,2,2,
0022501230,1641705,V. Wembanyama,1610612759,SAS,3,PT03M29.00S,bonus,attemptEquivalent,2,2,
0022501230,1628983,S. Gilgeous-Alexander,1610612760,OKC,3,PT02M24.00S,shootingFoul2,attemptEquivalent,2,2,
0022501230,1642349,A. Mitchell,1610612760,OKC,3,PT01M32.00S,bonus,attemptEquivalent,2,2,
0022501230,1631119,J. Williams,1610612760,OKC,3,PT00M07.80S,andOne,addOn,1,1,523
0022501230,1628368,D. Fox,1610612759,SAS,3,PT00M00.10S,shootingFoul2,attemptEquivalent,2,2,
0022501230,1631114,J. Williams,1610612760,OKC,4,PT10M31.00S,shootingFoul2,attemptEquivalent,2,2,
0022501230,1641705,V. Wembanyama,1610612759,SAS,4,PT09M10.00S,shootingFoul2,attemptEquivalent,2,2,
0022501230,1628983,S. Gilgeous-Alexander,1610612760,OKC,4,PT05M06.00S,shootingFoul2,attemptEquivalent,2,2,
0022501230,1631096,C. Holmgren,1610612760,OKC,4,PT04M25.00S,shootingFoul2,attemptEquivalent,1,2,
0022501230,1641705,V. Wembanyama,1610612759,SAS,4,PT03M14.00S,shootingFoul2,attemptEquivalent,1,2,
0022501230,1630170,D. Vassell,1610612759,SAS,4,PT01M20.00S,bonus,attemptEquivalent,1,2,
0022501230,1641705,V. Wembanyama,1610612759,SAS,4,PT01M18.00S,bonus,attemptEquivalent,2,2,
0022501230,1631096,C. Holmgren,1610612760,OKC,4,PT00M24.90S,shootingFoul2,attemptEquivalent,2,2,
0022501230,1641705,V. Wembanyama,1610612759,SAS,4,PT00M20.40S,bonus,attemptEquivalent,1,2,
0022501230,1642264,S. Castle,1610612759,SAS,4,PT00M09.80S,bonus,attemptEquivalent,2,2,
0022501230,1631096,C. Holmgren,1610612760,OKC,4,PT00M08.00S,bonus,attemptEquivalent,1,2,
0022501230,1641705,V. Wembanyama,1610612759,SAS,4,PT00M06.10S,bonus,attemptEquivalent,1,2,
0022501230,1631114,J. Williams,1610612760,OKC,4,PT00M03.70S,bonus,attemptEquivalent,2,2,
0022501230,1630170,D. Vassell,1610612759,SAS,4,PT00M03.30S,bonus,attemptEquivalent,2,2,
0022501230,1631114,J. Williams,1610612760,OKC,4,PT00M01.50S,bonus,attemptEquivalent,1,2,
